-- MariaDB dump 10.19-11.0.2-MariaDB, for Linux (x86_64)
--
-- Host: localhost    Database: fastfood
-- ------------------------------------------------------
-- Server version	11.0.2-MariaDB
CREATE DATABASE IF NOT EXISTS `fastfood` DEFAULT CHARACTER SET utf8 COLLATE utf8_general_ci;
GO
USE `fastfood`;
GO
/*!40101 SET @OLD_CHARACTER_SET_CLIENT=@@CHARACTER_SET_CLIENT */;
/*!40101 SET @OLD_CHARACTER_SET_RESULTS=@@CHARACTER_SET_RESULTS */;
/*!40101 SET @OLD_COLLATION_CONNECTION=@@COLLATION_CONNECTION */;
/*!40101 SET NAMES utf8mb4 */;
/*!40103 SET @OLD_TIME_ZONE=@@TIME_ZONE */;
/*!40103 SET TIME_ZONE='+00:00' */;
/*!40014 SET @OLD_UNIQUE_CHECKS=@@UNIQUE_CHECKS, UNIQUE_CHECKS=0 */;
/*!40014 SET @OLD_FOREIGN_KEY_CHECKS=@@FOREIGN_KEY_CHECKS, FOREIGN_KEY_CHECKS=0 */;
/*!40101 SET @OLD_SQL_MODE=@@SQL_MODE, SQL_MODE='NO_AUTO_VALUE_ON_ZERO' */;
/*!40111 SET @OLD_SQL_NOTES=@@SQL_NOTES, SQL_NOTES=0 */;

--
-- Sequence structure for `account_sequence`
--

-- DROP SEQUENCE IF EXISTS `account_sequence`;
-- CREATE SEQUENCE `account_sequence` start with 1 minvalue 1 maxvalue 9223372036854775806 increment by 1 cache 1000 nocycle ENGINE=InnoDB;
-- SELECT SETVAL(`account_sequence`, 4001, 0);
-- 
-- --
-- -- Sequence structure for `bill_sequence`
-- --
-- 
-- DROP SEQUENCE IF EXISTS `bill_sequence`;
-- CREATE SEQUENCE `bill_sequence` start with 1 minvalue 1 maxvalue 9223372036854775806 increment by 1 cache 1000 nocycle ENGINE=InnoDB;
-- SELECT SETVAL(`bill_sequence`, 5001, 0);
-- 
-- --
-- -- Sequence structure for `cart_sequence`
-- --
-- 
-- DROP SEQUENCE IF EXISTS `cart_sequence`;
-- CREATE SEQUENCE `cart_sequence` start with 1 minvalue 1 maxvalue 9223372036854775806 increment by 1 cache 1000 nocycle ENGINE=InnoDB;
-- SELECT SETVAL(`cart_sequence`, 4001, 0);
-- 
-- --
-- -- Sequence structure for `categories_sequence`
-- --
-- 
-- DROP SEQUENCE IF EXISTS `categories_sequence`;
-- CREATE SEQUENCE `categories_sequence` start with 1 minvalue 1 maxvalue 9223372036854775806 increment by 1 cache 1000 nocycle ENGINE=InnoDB;
-- SELECT SETVAL(`categories_sequence`, 2001, 0);
-- 
-- --
-- -- Sequence structure for `good_export_notes_seq`
-- --
-- 
-- DROP SEQUENCE IF EXISTS `good_export_notes_seq`;
-- CREATE SEQUENCE `good_export_notes_seq` start with 1 minvalue 1 maxvalue 9223372036854775806 increment by 50 cache 1000 nocycle ENGINE=InnoDB;
-- SELECT SETVAL(`good_export_notes_seq`, 100001, 0);
-- 
-- --
-- -- Sequence structure for `product_images_sequence`
-- --
-- 
-- DROP SEQUENCE IF EXISTS `product_images_sequence`;
-- CREATE SEQUENCE `product_images_sequence` start with 1 minvalue 1 maxvalue 9223372036854775806 increment by 1 cache 1000 nocycle ENGINE=InnoDB;
-- SELECT SETVAL(`product_images_sequence`, 3001, 0);
-- 
-- --
-- -- Sequence structure for `product_import_notes_sequence`
-- --
-- 
-- DROP SEQUENCE IF EXISTS `product_import_notes_sequence`;
-- CREATE SEQUENCE `product_import_notes_sequence` start with 1 minvalue 1 maxvalue 9223372036854775806 increment by 1 cache 1000 nocycle ENGINE=InnoDB;
-- SELECT SETVAL(`product_import_notes_sequence`, 3001, 0);
-- 
-- --
-- -- Sequence structure for `product_sequence`
-- --
-- 
-- DROP SEQUENCE IF EXISTS `product_sequence`;
-- CREATE SEQUENCE `product_sequence` start with 1 minvalue 1 maxvalue 9223372036854775806 increment by 50 cache 1000 nocycle ENGINE=InnoDB;
-- SELECT SETVAL(`product_sequence`, 200001, 0);
-- 
-- --
-- -- Sequence structure for `products_seq`
-- --
-- 
-- DROP SEQUENCE IF EXISTS `products_seq`;
-- CREATE SEQUENCE `products_seq` start with 1 minvalue 1 maxvalue 9223372036854775806 increment by 50 cache 1000 nocycle ENGINE=InnoDB;
-- SELECT SETVAL(`products_seq`, 1, 0);
-- 
-- --
-- -- Sequence structure for `role_sequence`
-- --
-- 
-- DROP SEQUENCE IF EXISTS `role_sequence`;
-- CREATE SEQUENCE `role_sequence` start with 1 minvalue 1 maxvalue 9223372036854775806 increment by 1 cache 1000 nocycle ENGINE=InnoDB;
-- SELECT SETVAL(`role_sequence`, 1001, 0);
-- 
-- --
-- -- Sequence structure for `users_seq`
-- --
-- 
-- DROP SEQUENCE IF EXISTS `users_seq`;
-- CREATE SEQUENCE `users_seq` start with 1 minvalue 1 maxvalue 9223372036854775806 increment by 50 cache 1000 nocycle ENGINE=InnoDB;
-- SELECT SETVAL(`users_seq`, 1, 0);
-- 
-- --
-- -- Table structure for table `accounts`
-- --
-- 
SET GLOBAL log_bin_trust_function_creators = 1; 
DROP TABLE IF EXISTS `accounts`;
/*!40101 SET @saved_cs_client     = @@character_set_client */;
/*!40101 SET character_set_client = utf8 */;
CREATE TABLE `accounts` (
  `id` int(11) NOT NULL AUTO_INCREMENT,
  `username` varchar(255) NOT NULL,
  `password` varchar(255) NOT NULL,
  `status` bit(1) NOT NULL,
  `id_role` int(11) DEFAULT NULL,
  `id_person` varchar(10) DEFAULT NULL,
  `id_cart` int(11) DEFAULT NULL,
  PRIMARY KEY (`id`),
  UNIQUE KEY `username_UNIQUE` (`username`),
  KEY `fk_accounts_roles_idx` (`id_role`),
  KEY `fk_accounts_carts_idx` (`id_cart`),
  CONSTRAINT `fk_accounts_carts` FOREIGN KEY (`id_cart`) REFERENCES `carts` (`id`) ON DELETE NO ACTION ON UPDATE CASCADE,
  CONSTRAINT `fk_accounts_roles` FOREIGN KEY (`id_role`) REFERENCES `roles` (`id`) ON DELETE NO ACTION ON UPDATE CASCADE
) ENGINE=InnoDB AUTO_INCREMENT=3004 DEFAULT CHARSET=utf8mb4 COLLATE=utf8mb4_unicode_ci;
/*!40101 SET character_set_client = @saved_cs_client */;

--
-- Dumping data for table `accounts`
--

LOCK TABLES `accounts` WRITE;
/*!40000 ALTER TABLE `accounts` DISABLE KEYS */;
INSERT INTO `accounts` VALUES
(1011,'phuong','phuong','',3,'KH1',NULL),
(2002,'phuongsover3','Phuongsover3','',3,'KH3',2001),
(2003,'phuongsover4','Phuongsover4','',3,'KH4',2002),
(3001,'phuongsover5','Phuongsover5','',3,'KH5',3001),
(3002,'admin','admin','',4,'NV1',NULL),
(3003,'staff','staff1','',5,'NV2',NULL);
/*!40000 ALTER TABLE `accounts` ENABLE KEYS */;
UNLOCK TABLES;
/*!50003 SET @saved_cs_client      = @@character_set_client */ ;
/*!50003 SET @saved_cs_results     = @@character_set_results */ ;
/*!50003 SET @saved_col_connection = @@collation_connection */ ;
/*!50003 SET character_set_client  = utf8mb4 */ ;
/*!50003 SET character_set_results = utf8mb4 */ ;
/*!50003 SET collation_connection  = utf8mb4_general_ci */ ;
/*!50003 SET @saved_sql_mode       = @@sql_mode */ ;
/*!50003 SET sql_mode              = 'STRICT_TRANS_TABLES,ERROR_FOR_DIVISION_BY_ZERO,,NO_ENGINE_SUBSTITUTION' */ ;
DELIMITER ;;
/*!50003 CREATE*/ /*!50017 DEFINER=`phuong`@`localhost`*/ /*!50003 TRIGGER after_account_insert
    AFTER INSERT ON accounts
    FOR EACH ROW
 UPDATE carts
 SET id_account = NEW.id WHERE id = NEW.id_cart */;;
DELIMITER ;
/*!50003 SET sql_mode              = @saved_sql_mode */ ;
/*!50003 SET character_set_client  = @saved_cs_client */ ;
/*!50003 SET character_set_results = @saved_cs_results */ ;
/*!50003 SET collation_connection  = @saved_col_connection */ ;

--
-- Table structure for table `bill_details`
--

DROP TABLE IF EXISTS `bill_details`;
/*!40101 SET @saved_cs_client     = @@character_set_client */;
/*!40101 SET character_set_client = utf8 */;
CREATE TABLE `bill_details` (
  `id_bill` int(11) NOT NULL,
  `id_product` int(11) NOT NULL,
  `quantity` int(11) NOT NULL,
  `price` double DEFAULT NULL,
  PRIMARY KEY (`id_bill`,`id_product`),
  KEY `fk_bill_details_products_idx` (`id_product`),
  CONSTRAINT `fk_bill_details_bills` FOREIGN KEY (`id_bill`) REFERENCES `bills` (`id`) ON DELETE NO ACTION ON UPDATE CASCADE,
  CONSTRAINT `fk_bill_details_products` FOREIGN KEY (`id_product`) REFERENCES `products` (`id`) ON DELETE NO ACTION ON UPDATE CASCADE
) ENGINE=InnoDB DEFAULT CHARSET=utf8mb4 COLLATE=utf8mb4_unicode_ci;
/*!40101 SET character_set_client = @saved_cs_client */;

--
-- Dumping data for table `bill_details`
--

LOCK TABLES `bill_details` WRITE;
/*!40000 ALTER TABLE `bill_details` DISABLE KEYS */;
INSERT INTO `bill_details` VALUES
(1,150054,3,99000),
(1,150102,2,191000),
(2,150002,1,25000),
(2,150052,1,75000),
(9,150002,2,25000),
(9,150052,2,75000),
(10,150054,3,99000),
(10,150102,2,191000),
(11,150054,3,99000),
(11,150102,2,191000),
(12,150003,1,35000),
(12,150052,1,75000),
(13,150002,1,25000),
(13,150053,1,34000),
(13,150054,1,99000),
(1001,150052,1,75000),
(1001,150054,1,99000),
(2001,150003,2,35000),
(2001,150053,1,34000),
(2001,150054,2,99000),
(3001,150003,2,35000),
(3001,150052,2,75000),
(3001,150054,2,99000),
(3002,150003,1,35000),
(3002,150052,1,75000),
(3002,150054,1,99000),
(3003,150003,1,35000),
(3003,150052,1,75000),
(3003,150054,1,99000),
(3004,150003,1,35000),
(3004,150052,1,75000),
(3004,150054,1,99000),
(3005,150003,1,35000),
(3005,150052,1,75000),
(3005,150054,1,99000),
(4001,150053,2,34000),
(4001,150054,2,99000),
(4002,150002,1,25000),
(4002,150003,2,35000),
(4002,150052,2,75000),
(4003,150003,1,35000),
(4003,150054,1,99000),
(4003,150102,1,191000),
(4004,150002,1,25000),
(4004,150054,1,99000),
(4004,150102,1,191000);
/*!40000 ALTER TABLE `bill_details` ENABLE KEYS */;
UNLOCK TABLES;

--
-- Table structure for table `bills`
--

DROP TABLE IF EXISTS `bills`;
/*!40101 SET @saved_cs_client     = @@character_set_client */;
/*!40101 SET character_set_client = utf8 */;
CREATE TABLE `bills` (
  `id` int(11) NOT NULL AUTO_INCREMENT,
  `status` varchar(45) DEFAULT NULL,
  `date_created` datetime DEFAULT NULL,
  `date_successfully_paid` datetime DEFAULT NULL,
  `address` text DEFAULT NULL,
  `phone_number` varchar(11) DEFAULT NULL,
  `notes` text DEFAULT NULL,
  `payment_method` varchar(255) DEFAULT NULL,
  `qr_payment_path` text DEFAULT NULL,
  `total_price` double DEFAULT NULL,
  `id_user` varchar(255) DEFAULT NULL,
  `id_staff` varchar(255) DEFAULT NULL,
  `id_export_note` int(11) DEFAULT NULL,
  PRIMARY KEY (`id`),
  KEY `fk_bills_users_idx` (`id_user`),
  KEY `fk_bills_staffs_idx` (`id_staff`),
  KEY `fk_bills_export_notes_idx` (`id_export_note`),
  CONSTRAINT `fk_bills_export_notes` FOREIGN KEY (`id_export_note`) REFERENCES `good_export_notes` (`id`) ON DELETE NO ACTION ON UPDATE CASCADE,
  CONSTRAINT `fk_bills_staffs` FOREIGN KEY (`id_staff`) REFERENCES `staffs` (`id`) ON DELETE NO ACTION ON UPDATE CASCADE,
  CONSTRAINT `fk_bills_users` FOREIGN KEY (`id_user`) REFERENCES `users` (`id`) ON DELETE NO ACTION ON UPDATE CASCADE
) ENGINE=InnoDB AUTO_INCREMENT=4005 DEFAULT CHARSET=utf8mb4 COLLATE=utf8mb4_unicode_ci;
/*!40101 SET character_set_client = @saved_cs_client */;

--
-- Dumping data for table `bills`
--

LOCK TABLES `bills` WRITE;
/*!40000 ALTER TABLE `bills` DISABLE KEYS */;
INSERT INTO `bills` VALUES
(1,'Đã Hủy','2023-07-30 21:02:09',NULL,'97 Đ. Man Thiện, Hiệp Phú, Quận 9, Thành phố Hồ Chí Minh, Việt Nam','0903414265','Ngay chỗ Học viện Công nghệ Bưu chính Viễn thông','MoMo',NULL,679000,'KH4',NULL,NULL),
(2,'Đã Hủy','2023-07-30 21:08:01',NULL,'97 Man Thiện, Phường Hiệp Phú, Quận 9','0903414232','Học viện công nghệ bưu chính viễn thông','ZaloPay',NULL,100000,'KH5',NULL,NULL),
(9,'Đã Thanh Toán','2023-07-30 21:34:56','2023-08-02 17:27:44','97 Man Thiện, Phường Hiệp Phú, Quận 9','0903414232','','ZaloPay','http://192.168.1.11:8080/api/bills/paid/9',200000,'KH5','NV2',NULL),
(10,'Chờ Thanh Toán','2023-07-30 21:50:19',NULL,'97 man thien','0903414265','','ZaloPay',NULL,679000,'KH4',NULL,NULL),
(11,'Chờ Thanh Toán','2023-07-30 21:52:01',NULL,'97 man thien','0903414265','','ZaloPay',NULL,679000,'KH4',NULL,NULL),
(12,'Chờ Thanh Toán','2023-07-30 21:54:02',NULL,'97 Đ. Man Thiện, Hiệp Phú, Quận 9, Thành phố Hồ Chí Minh, Việt Nam','0903414287','Học viện Công nghệ Bưu chính Viễn Thông','ZaloPay',NULL,110000,'KH4',NULL,NULL),
(13,'Chờ Thanh Toán','2023-07-30 21:57:49',NULL,'97 man thien','0903414265','','ZaloPay',NULL,158000,'KH4',NULL,NULL),
(1001,'Chờ Thanh Toán','2023-07-31 12:25:46',NULL,'97 man thien','0903414265','','ShopeePay',NULL,174000,'KH4',NULL,NULL),
(2001,'Chờ Thanh Toán','2023-07-31 20:11:09',NULL,'97 man thien','0903414265','','VietinBank',NULL,302000,'KH4',NULL,NULL),
(3001,'Đã Hủy','2023-08-01 20:55:32',NULL,'97 Man Thiện, Phường Hiệp Phú, Quận 9, TP. Hồ Chí Minh','0903414232','Gần Học viện Công nghệ Bưu chính Viễn thông','MoMo',NULL,418000,'KH5',NULL,NULL),
(3002,'Đã Hủy','2023-08-01 21:07:12',NULL,'97 Man Thiện, Phường Hiệp Phú, Quận 9','0903414276','','ZaloPay',NULL,209000,'KH5',NULL,NULL),
(3003,'Đã Hủy','2023-08-01 21:11:57',NULL,'97 Man Thiện, Phường Hiệp Phú, Quận 9, TP. Hồ Chí Minh','0903414232','','VietinBank',NULL,209000,'KH5',NULL,NULL),
(3004,'Đã Thanh Toán','2023-08-01 21:16:16','2023-08-02 15:48:41','97 Man Thiện, Phường Hiệp Phú, Quận 9','0903414232','','ZaloPay',NULL,209000,'KH5','NV2',NULL),
(3005,'Đã Hủy','2023-08-01 21:20:02',NULL,'97 Man Thiện, Phường Hiệp Phú, Quận 9','0903414232','','ZaloPay',NULL,209000,'KH5',NULL,NULL),
(4001,'Đã Thanh Toán','2023-08-02 14:45:56','2023-08-02 15:44:27','97 Đ. Man Thiện, Hiệp Phú, Quận 9, Thành phố Hồ Chí Minh, Việt Nam','0903414232','gần Học viện Công nghệ Bưu chính Viễn thông','VietinBank','http://192.168.1.11:8080/api/bills/paid/4001',266000,'KH5','NV2',1),
(4002,'Đang Chờ Duyệt','2023-08-02 15:00:28','2023-08-02 17:25:40','97 Man Thiện, phường Hiệp Phú','0399035809','gần Học viện Công nghệ Bưu chính Viễn thông','ZaloPay','http://192.168.1.11:8080/api/bills/paid/4002',245000,'KH4','NV2',NULL),
(4003,'Đã Thanh Toán','2023-08-02 17:29:29','2023-08-02 17:31:12','97 Man Thiện, Phường Hiệp Phú, Quận 9','0903414232','','ZaloPay','http://192.168.1.11:8080/api/bills/paid/4003',325000,'KH5','NV2',NULL),
(4004,'Đã Thanh Toán','2023-08-02 17:36:42','2023-08-03 10:01:28','97 Man Thiện, Phường Hiệp Phú, Quận 9','0903414232','','ZaloPay','http://192.168.1.11:8080/api/bills/paid/4004',315000,'KH5','NV2',50002);
/*!40000 ALTER TABLE `bills` ENABLE KEYS */;
UNLOCK TABLES;

--
-- Table structure for table `cart_product`
--

DROP TABLE IF EXISTS `cart_product`;
/*!40101 SET @saved_cs_client     = @@character_set_client */;
/*!40101 SET character_set_client = utf8 */;
CREATE TABLE `cart_product` (
  `id_cart` int(11) NOT NULL,
  `id_product` int(11) NOT NULL,
  `quantity` int(11) DEFAULT NULL,
  PRIMARY KEY (`id_cart`,`id_product`),
  KEY `fk_cart_product_products_idx` (`id_product`),
  CONSTRAINT `fk_cart_product_carts` FOREIGN KEY (`id_cart`) REFERENCES `carts` (`id`) ON DELETE NO ACTION ON UPDATE CASCADE,
  CONSTRAINT `fk_cart_product_products` FOREIGN KEY (`id_product`) REFERENCES `products` (`id`) ON DELETE NO ACTION ON UPDATE CASCADE
) ENGINE=InnoDB DEFAULT CHARSET=utf8mb4 COLLATE=utf8mb4_unicode_ci;
/*!40101 SET character_set_client = @saved_cs_client */;

--
-- Dumping data for table `cart_product`
--

LOCK TABLES `cart_product` WRITE;
/*!40000 ALTER TABLE `cart_product` DISABLE KEYS */;
INSERT INTO `cart_product` VALUES
(2001,150003,3),
(2001,150053,1),
(2001,150054,2),
(2001,150102,2);
/*!40000 ALTER TABLE `cart_product` ENABLE KEYS */;
UNLOCK TABLES;

--
-- Table structure for table `carts`
--

DROP TABLE IF EXISTS `carts`;
/*!40101 SET @saved_cs_client     = @@character_set_client */;
/*!40101 SET character_set_client = utf8 */;
CREATE TABLE `carts` (
  `id` int(11) NOT NULL AUTO_INCREMENT,
  `id_account` int(11) DEFAULT NULL,
  PRIMARY KEY (`id`),
  KEY `fk_carts_accounts_idx` (`id_account`),
  CONSTRAINT `fk_carts_accounts` FOREIGN KEY (`id_account`) REFERENCES `accounts` (`id`) ON DELETE NO ACTION ON UPDATE CASCADE
) ENGINE=InnoDB AUTO_INCREMENT=3002 DEFAULT CHARSET=utf8mb4 COLLATE=utf8mb4_unicode_ci;
/*!40101 SET character_set_client = @saved_cs_client */;

--
-- Dumping data for table `carts`
--

LOCK TABLES `carts` WRITE;
/*!40000 ALTER TABLE `carts` DISABLE KEYS */;
INSERT INTO `carts` VALUES
(2001,2002),
(2002,2003),
(3001,3001);
/*!40000 ALTER TABLE `carts` ENABLE KEYS */;
UNLOCK TABLES;

--
-- Table structure for table `categories`
--

DROP TABLE IF EXISTS `categories`;
/*!40101 SET @saved_cs_client     = @@character_set_client */;
/*!40101 SET character_set_client = utf8 */;
CREATE TABLE `categories` (
  `id` int(11) NOT NULL AUTO_INCREMENT,
  `name` varchar(255) NOT NULL,
  `description` varchar(500) DEFAULT NULL,
  PRIMARY KEY (`id`)
) ENGINE=InnoDB AUTO_INCREMENT=1002 DEFAULT CHARSET=utf8mb4 COLLATE=utf8mb4_unicode_ci;
/*!40101 SET character_set_client = @saved_cs_client */;

--
-- Dumping data for table `categories`
--

LOCK TABLES `categories` WRITE;
/*!40000 ALTER TABLE `categories` DISABLE KEYS */;
INSERT INTO `categories` VALUES
(1,'Cơm','bao gồm những món cơm'),
(2,'Mì khô','bao gồm những món mì mà không có nước'),
(3,'Mì nước','gồm những món mì có nước sốt..'),
(1001,'Gà rán','gồm những món gà rán');
/*!40000 ALTER TABLE `categories` ENABLE KEYS */;
UNLOCK TABLES;

--
-- Table structure for table `category_product`
--

DROP TABLE IF EXISTS `category_product`;
/*!40101 SET @saved_cs_client     = @@character_set_client */;
/*!40101 SET character_set_client = utf8 */;
CREATE TABLE `category_product` (
  `id_category` int(11) NOT NULL,
  `id_product` int(11) NOT NULL,
  PRIMARY KEY (`id_category`,`id_product`),
  KEY `fk_category_product_products_idx` (`id_product`),
  CONSTRAINT `fk_category_product_categories` FOREIGN KEY (`id_category`) REFERENCES `categories` (`id`) ON DELETE NO ACTION ON UPDATE CASCADE,
  CONSTRAINT `fk_category_product_products` FOREIGN KEY (`id_product`) REFERENCES `products` (`id`) ON DELETE NO ACTION ON UPDATE CASCADE
) ENGINE=InnoDB DEFAULT CHARSET=utf8mb4 COLLATE=utf8mb4_unicode_ci;
/*!40101 SET character_set_client = @saved_cs_client */;

--
-- Dumping data for table `category_product`
--

LOCK TABLES `category_product` WRITE;
/*!40000 ALTER TABLE `category_product` DISABLE KEYS */;
INSERT INTO `category_product` VALUES
(1,100102),
(3,150002),
(1001,150003),
(1001,150052),
(1001,150053),
(1001,150054),
(1001,150102);
/*!40000 ALTER TABLE `category_product` ENABLE KEYS */;
UNLOCK TABLES;

--
-- Table structure for table `good_export_notes`
--

DROP TABLE IF EXISTS `good_export_notes`;
/*!40101 SET @saved_cs_client     = @@character_set_client */;
/*!40101 SET character_set_client = utf8 */;
CREATE TABLE `good_export_notes` (
  `id` int(11) NOT NULL AUTO_INCREMENT,
  `id_bill` int(11) NOT NULL,
  `date` datetime DEFAULT NULL,
  PRIMARY KEY (`id`),
  KEY `fk_good_export_notes_bills_idx` (`id_bill`),
  CONSTRAINT `fk_good_export_notes_bills` FOREIGN KEY (`id_bill`) REFERENCES `bills` (`id`) ON DELETE NO ACTION ON UPDATE CASCADE
) ENGINE=InnoDB AUTO_INCREMENT=50003 DEFAULT CHARSET=utf8mb4 COLLATE=utf8mb4_unicode_ci;
/*!40101 SET character_set_client = @saved_cs_client */;

--
-- Dumping data for table `good_export_notes`
--

LOCK TABLES `good_export_notes` WRITE;
/*!40000 ALTER TABLE `good_export_notes` DISABLE KEYS */;
INSERT INTO `good_export_notes` VALUES
(1,4001,'2023-08-02 15:44:27'),
(2,3004,'2023-08-02 15:48:41'),
(3,4002,'2023-08-02 17:25:40'),
(4,9,'2023-08-02 17:27:44'),
(5,4003,'2023-08-02 17:31:12'),
(50002,4004,'2023-08-03 10:01:28');
/*!40000 ALTER TABLE `good_export_notes` ENABLE KEYS */;
UNLOCK TABLES;

--
-- Table structure for table `product_images`
--

DROP TABLE IF EXISTS `product_images`;
/*!40101 SET @saved_cs_client     = @@character_set_client */;
/*!40101 SET character_set_client = utf8 */;
CREATE TABLE `product_images` (
  `id` int(11) NOT NULL AUTO_INCREMENT,
  `id_product` int(11) NOT NULL,
  `image_name` varchar(255) DEFAULT NULL,
  `image` longblob DEFAULT NULL,
  PRIMARY KEY (`id`),
  KEY `fk_product_images_products_idx` (`id_product`),
  CONSTRAINT `fk_product_images_products` FOREIGN KEY (`id_product`) REFERENCES `products` (`id`) ON DELETE NO ACTION ON UPDATE NO ACTION
) ENGINE=InnoDB AUTO_INCREMENT=2007 DEFAULT CHARSET=utf8mb4 COLLATE=utf8mb4_unicode_ci;
/*!40101 SET character_set_client = @saved_cs_client */;

--
-- Dumping data for table `product_images`
--

LOCK TABLES `product_images` WRITE;
/*!40000 ALTER TABLE `product_images` DISABLE KEYS */;
INSERT INTO `product_images` VALUES
(1003,100102,'anh 1','\0JFIF\0\0H\0H\0\0\0C\0\n\n\n\n\r\r#%$\"\"!&+7/&)4)!\"0A149;>>>%.DIC<H7=>;\0C\n\r;(\"(;;;;;;;;;;;;;;;;;;;;;;;;;;;;;;;;;;;;;;;;;;;;;;;;;;\0(\"\0\0\0\0\0\0\0\0\0\0\0\0\0\0\0C\0\r\0!1A\"Q2aBq#R3$bCr4Sc%Ts\0\Z\0\0\0\0\0\0\0\0\0\0\0\0\0*\0\0\0\0\0!1A\"Q2a3Bq#R\0\0\0?\0}vV D=\0WI}rF6\0ZgݘMDCcV|㴞Fx*փǙFd7jzk`%V*FR	Tσ<@p8\0;*6<įE\rܐ	 ASvy&Ur3\0%t+Xb-Ogَ8a`%3ijvU1VLQWpOhipYy^SeVRJL-X̕~ATr7w\0GzN͚3`DIW9ujy\0\0\'Ǭ?O?c˙3}[}#\']?/A=P	|F[lA\"0?+~Fui,?H3_Mի;(*cVO׽)z*.ڵ$W<Wѱm.=Z?߬zw.E-l8C[z]lߩma~S\"U}}c60\0\nf֯;m\\wvw[10`Xv0e:XF܆\"@M{+#`-׎~$67.H=ȹHے=Ͻs#ZSPS+ٚòՌ.L\0\0V)N|`ǰ-XA7Ҋ{5]I`S/W׭MOӵ4eT)\"Ϩ-rQ㿹(\0QUd/=>+(]\Zzԭ4V֣Tb7\0$Id	h7AEDɱRY\\3$C&d̒@	$I\0$$$\'rʗ$B$bXRb$&!y\0 KļI\0+K0*\\Q%q/b-.LK1\nH\08\0+I!c$b\\K\0V%\nL@ļI$`V$& \0\nH\08̘*\0V$ļI\0+J$\0HD)1\0b$C+\nHR.L@Ę1\0b%b\0	1&!bV \0(^d\0	P̘(2r@2K\0BĢ bTxX\\@\n&IF\0e9$0<0Gb6%FJب՜qJC\r\0RxH]WLGүP>yjL7uT\\K%Aퟠ~CVCѺtXxQr\0.\\`&Qr\nox\\fL?PoH,UrpqK/nK7`m;^iU[YF$sD2~JU-ߴ>%iPyxDWd*e_g2l8eN@u\025	\"V`qP_Μ*<KZYg-߈@ܬNkUvFD`Y|ڌObdn*U>V19e\nݛde\rTBE\nmf*P]Gq{XG7^_Лrdgv\"2!E)(f\'ķԖE̶Z`\0sYOAA{6Auw\0O!d`z[03Pώ%\0.EXh7V~RJ\0(JX|ImHWv\0N7I%\0K/SG?,J+V^\nA%@$!-v-~n| Y;GBCUkHV\0Q=,H\'fН4Bo%/E9eﱾ\0ӑn{ZHʩ-6I@)jZ\nFզ{㑞W5+ӣYmFNg>W:?^0>>Բ۟S~=Ew#}:jމ/\0Q|ψ^0U\0Y@UYJnFOy@X,|kU(5OiOh,0vem`Z\06uuX}aȀPj#OڗWzzYMp\nb֠1_jlm}Kh,IS]=6k4vP=ZNwN}`\\\nqIׯS\Z]jm,^@8Ϲ\0GK6~͛O俭\Z]xp}\rP*cS]Vv~>gO_􅚝m!\'QI;\0T/ӦWFy/P-q|HZӨU\'=HWz-nWڸ Xn\0Hlϓ\0}pp!`vҷ!3/sČiV;]m;v;V\\<ree+2|\06oD@\Z[0US`޻q\r\0em^x\"Rڪ~  X@\nƬ,8n\0ZXs@=ПӍG5NղxƎWD\0a\rz5#\'~_5]>\r}rLht\ZnM.\nj+\\IdKA&&Ƌ&d̩-^efIR@V%C+\'b\0LI.H1$b\0I$ĸT`KĀ@	&%x$#$211,1\0\\IeIx&!bL@Đ& \0b bRɉX142b^%\0$$1\nT\01/@\n/b\0T J& \0\nV IX\0$eHIX\0eĬDHDI\08& \0IXD`$ļI \0J\"%(#D@\0RI\0bI#\0|\nT@Tr;$IY$̒@he\ZyLbb7D|ǫC$Ǚ@\\\0v懯\ZU@=g^W~s_LD٦\'8ڻ#i5\r?Q>UR[{v~9`a.(\09\'Olme>p|- c\nml&U bamtvlF1Hgi2Hb|ѫ}:&!2+d\'ȖX`\'Nӳ<?LrTq\0mo2%\"eM}b\0[ݜ@a^1Bl6} %!$cUqklk}GMmx>\"͌+ԵV)++X<b֨@8L`[PG#[XR;#*M\0OM?K:SItm}>{7k.aa<z覫ҵAwo3z}C6k\0\"c>I\'cR𳣦vzY\01>RtT8=OO\0$Yu-9?\0CcKR-ۈutӏ\0_3/Qиur\0mvڍ\0و-\'N]AM@*\rRu@w3]Ck:FZލE}#c@+ v`l}3ҵ?#Qa`*:\rӶJC@T<YN6	wwJŸxms`@/ov\0S=@Q{	s%W{x#U\n8~G=XSǈofCyʄ1}^a`$8*Ps̱kSأ8>^ֵJTQ@i2;> ;?qkƕy]JK,w.N\0k\'[Ұ[5ðI\0{wL ]a*3=CuN]F]}9\'y@~Kjպا\"|Ke#XsU\0Q7<I=:MV*vSY+Vе\ZH%\0oM\0lĹ]Fj5BKgoexKV	P(qOacqǺگZpGFΛm\Z6hqGoywV܅4\Zb\r_n\0IGOK(`s~mwOmjhjyF7.D֦%|3NGOٿIovs\nRt;K[G^SuGN@\n겇b`#V\0V=g?M\\[]\0~\'*Ʃ=%5J JT%\r0lu$q!)<SІ\np<e;@tBn9)#KR=`>3\0\r\0\0@qzUn[\0%AȀ_Jŋ)s\0\r=vBFf\n-n7}Wd7yEw`7fd[8F55ܙ([~QB?\0ʎJuXR}[r>r\0rWT}>ÿ>UIUk]haUG\0KU\0p!lDĒ@\\e3q\0`YhiDd62(2H$Iq%ʗ\0$\\\0$ IqI`Ib\\F H́q@	$R/b$ĀK\0BIr@\nĹrb\0T@T\n^$,\n$`IE\"2ϊA9vSC\"I\\ ʒ\\%L@\n^$\0%LG&%LDJ,J1.HX%]1.H1$;~Fd\0$\0RG0\nKtI/v\0\"$\0Je\0$J& \0bV!\00L2%b\0\0J1RA;d*\0TR\0*QDD\"@	$@ `ɘr#U`aQCfaWz<b4Jv]5Vtaw\0|U~ڹfw+jE;-=^@l|ϛy3+uXR9ee&3L<)Jrj쥕Qg:|qVcQ	9?2zwl@5OVrYص \rx2=Ns\"cFo`@F	노e35ŷT	/s̦jNpxL¼M6c\Z֯~	CWRف\"\'ӯ~3`QҨw20I2OMix^scH~!\nI\reet/CUTQ_Os[1:z_T\rz(\0L}KNG!NnN]!_\0Ef:aQt\r7CeYgÓ</͵k4iMj	\rcUۜqggh,SͶ\'>+CҾ\nϨ?/]]7&Nhs\0|oeN>տ{CfFEV\0YnK\ZpZ;&on>d[faݤBpW&GE8x@*\ns-ךּx*m@P@B²ڃgoJh[XKSYv#X\\&3+uaD2jݴkdv/zlv[UlWZW\0:][׾)_7\'>_~{*@zu \0Q<SөjOj	cZN|n>ܳ1Dma/ZF<g\0̽|nv2)ɀU]P]\0K@aJ,{`z˥Sͪ%Yg鶣otVECeߙo_-\re4zA^芭R|s__WUs[#+鋥BhB8p2#VYއ ?Bk4un~uu`0=zI\0uN\Z-l\'ݿ]aUSkH}/>]QW\ZSX@yCJ!F4h8\";.x^н\'ܶn1ndd]0:rg%-,ldf\0,1S*`u\'v{Jj\n#mL\0!GZyE_*ǁ!mW\r(rN`m> NPp~!\n\0=?El3mŰq\Z8\'/@\0Z0?K:eTu\0UgO]j%lO}.\Z[j->#OޗʆVsI@A#elD$xE4leN$\'0L!2`@/2̒\0T%DIqRĸRɈ<I.HI$!IX\0$\\`I$\0LIr\0\0+b\\I$Id(ɉV\02\0g1>9赍l2\\Tyf̦KE.I#h2jff8j\'9ĶS\0CZ!$%I$\0ʀ+?69v`rV\'E\r$\n+茹+%$I@V$$`W̯Kl$\'ub\'\08>pv?#},rj\'mlZ*}J^3?ZbhtxQre<^\Zz#66GqGn&[k%{1téҝ\'z,(.,`|HQ*>gJOuGtu/mGoέXރOc\'{i{x;Lelx;\'C0Q@>Xf*\02̖>؞YI͝=}Irle\0f]wէCsgݻO2up&tۅfiUg}aE_det\0}8&vu*>I{XZ>?:WP?̋Դ\rg5IL5ybm\0L𥉉f\0C[icU~D:MSr9M7Xi^7	ve,]i1s9}Cb56y_lcTɝ\nx߳(\Zp\n:=2\Z˵bʞ1ej\00\n&dzz^o.08tpG[~l)3nꎙ%X;~DwsZ\ru\'=\0|:q\0Oip6W=Dl>lڍ)wtJ\r?O\Z[Zz;XOC+;\02\"OgV%Ls\0*T)PB\0*TJI$PH\0a\ZD	Z;b8\"9[3\nrYr@W@Ew˒\0x_\n\nxt^IZ4zeu\'L\\}HRZ)0?>pi\'̅䙷i5+6WABd6f%p8LrPymRZlK`p !Ce~Ml6HIDn	$}bw\n6R)PO@OĿJrȀpT͌cp>b(MwmF<2\ZN	@:rt\'9(#*9;ow~e\Z60,4LNGi,[l#i`+/cN /}jat7]\n:Wہ`,v;/1u~%[ni#3t\0uEUA>itu7(?sWK,|SB3Jϥ7[t\Z4zJ90\0]ݎYͼN&ʹ-ZtS(\n2HϞ\0VJsʭ@C*}u5^>vu=<3P6.X\n?̵=F86tlH L$)=\Z-J́ժȑ*|\"[H(;AFݷ-Paы^6coa\0\'JSPőg\r5#umr;w\raClSƉt\0Gz}<J6U_BiUH><Aiz~*%I#gh^Qqi\Z$ݖ\"0	)AyR_-)-K.Hȴmok	uj2K){\ZsM6^Y^؈\0G:z}=Zg~~ivŬOr\0ퟨ*ti20>_ޏkb3{w%5ݭr~>^g_]M2p>~_PQW{vS\0<:Mz-{][ !97~ԕoj\\_VzEMuUs|O\ZV[uA>\\\0 Údxv,3V?<0 6nHrVHRBcs`\0찃Xee[1m31TG;_lCDdl5U8_0ZЫUOO-{W#1`90\n,u	=ӵ_עVl8l_IR]{c/\';E,>?2+I3]`	@̹,E*Bq@&Fh0\ZDc	d6:!!*@	%$KDIb $Ć\0V$$b $RĂ\\\0I#KLF,	 IqRɈKĒ@	$I.H$H\0*#PG=xlW`I)> Yn<\'V\Z4n?OchGfIn?3\\YL 0Sd\"lKUDy8ӒPh2q\0\"x1eOBH aE<26^%$DI$*Q1mf1XĤ{Dϑ\'VA<6g?Z=	?xˀgV\ZfԬ61ɛNs=?|e5LHS[aL}W~]eZ(n󡴖ēoFbv8LOӪ]S*(+\0\0uu[ka#\'\0N:n	B:Ԛn4QCO2Jũ;s2BrKB,\';\')KL\rK[sg6945E\0yaa$l+?8[~W16X\\1b{,\r\'0x53`9+vjsg+u-ѦSr*P;G^\n8ĸlM;f4P\Zl\"XSf1\'!	K4\n.P\0&3VporklHaZ4rВ\"VڵYJy1al\'*}Aʶ[	%Lzluso Cwa~D[ R#\"B6گPrហ9=9XZv8k+Asv`E[\'2-Z]6y})l=ueXٓ9:wn<M<Yф$ln؊>͜vw}vІ?Iv8|j̾5%]5\n=\"-=Iյ.Ӣ췕M@\Z;̜W3[Kygĳ<_v	?_uz0|`5qq辽-Y]ZF_=8Zi45l#pOѝ.:O\0WӪv\0		\Z3vο}cnpDPH=ܟ3!Sn{=#Z\Z39QeJ Hd\0T̨BIxRK\0Tʐ@b\"L`jK#0G%l\'hxr \"J$\0?[@Z(ʰwτu]\r#VtZDHA<Eh=]Z2˽g`9E^:U;>X;uS99*xk50`pb&0Z`x\'\n3+2\Z}̼XɴpW \0P[jB0kHj0byvSl\rxo +xn!]c0\02-f.ܑaqB:Me?\r(\\Ķ3\'_FG\0u\0\'\0\0ZiG\\5DޣR5vZT>cz^oiN?!\\\'RկRۨ҅jOϏ[AjޭVriO^=\0=ߥhUP\nX7M\0NI\\|3ރ\nk_͟\0!aGJ[)X=EꕔtX(Y?uUvJOEtp;_Et떭vf@G}3zv\rnu#yGS:HfwacGHOP^`1[}GNԚnN^DН_rٿO:\'ҰU_0Iy\\z;rsfS8čMi,Oy[T\'*rcԖݏt\0d,_eM9|y9z,\"NƝWHnf\\^,\\~\'kȯ_]:ZOe/إOɕڄϑ)jc/|N.\0~ha\0#9֣`PKja)iv?>lؠX,-7hiVFqcƩT.Q0@gseTrWOӟGkFN~r}S~ck}ܼUi}60>OQCjW;LݩjZlz\0gݟTYIkc@-Oo\'\r^̱p.qv޶8X\0k֪9{	^w$rڽ]#ڄȂd@7\0mT.~L.@\"ت̀	0%+LΡA\0d6r0x_\'93_Ok:QK9\004_INE\0p+\Z>\\-NћtRGG诣4\0L腶(_b\0r;~@L:=E`[x7JV\rIpI18ZQ0	#4d&&dT%$\\pK%	x\\B%b^$1\".LIbT$`T/b\\$K\0bIqB\\@	$ I\"I$I$pX\\Ms2ˑEXҰ7c\0Y\0ekD&=pC9|\"5hH`l;XQ1iXWR4p1\neUSn\'6KJkH08I9\"\Z\"g*fI9駭U;/hy^ӫ[$\\I;H$p$$cj(iNc\Z	tF%pf;J>nsYFXɜO:]7XKCIHo꾙\0_qK뎵\0DϼrlطiAw#\Z^#!\ZvGKlzZn٪sNnU`}/C+p7sӦavȖifqr4̵V8\\y	z]XbhPTj>HCI5>_&s\ZIu7Vmo3F]aDN\nXm\0wBUHcIsOy\0%m^Och\\2O;H8LAI6cϟ(ulLWŰgw$uS$n#aVg1/[f;47Q\\lmPieȔbF\ZMSbf |GQh`ps+_Si}Ŷ9&ͩ+B]﹬;&WH,<D5HĶݓi߳xeFQs.J+spJ5jkm05ګu.P;Kl/G?[E\Z꺦Bӻ9YWT}KUs32%|mRxiOOl^GsoՎ窠t 0&FF/Fᇑ^4ui|`#|LJf?lX!MC3Hm3l;İ9EnW*O2d@WS] 0a\0L]]xϙ-ӯ@59ce4fѧ(-23C;:1Kw3g\0ya !rJ=1$kʜٴ<fz=/QTMOd3\\R¯XkV{|o99xxAm\'u66ن^u*}AcONe3k3V%bq&3\0+_iF (ʅF0%%\0+$K4X2B<­|FldG.Q$\0\0]}@Rՠʰµ~\Zd)?Rs<?Z6D5R`|p;-?o5_NꞫЭA2AaP\rv݉Ke^F	\"d\0(;GPE[B9	\0[mA0}P̼cȷ]mz)\n82n*q&ꚡ.<|M0tfb +iݷ<Bjpr\0o\ZTx¿LBQ\Zt|(mOFtNjJ[?T\\lpr\"\0#ޙ?R\"9\Zb3>YgRbpz/^4zHEUy\rg/k\ZeDQWWi}7kul{8\n\"\Z3v\0^~tj4UqFFgokƼun5a[Gu&-IKC~A?ޞJ;ܳXGMw[ۦ:&Po/&]or\'~?\\tfTb`=j6\01\nWVu~NYۼx>#=zv[8%ӭmM~~ AeR .`#Ȕ^ո>0ms_8ndmӾm1Ip <)uMMA?L}׫.Xo+ǐDL	k~暼p<|ϑ&1?UuNOT55ޅO?2gcQҵ559jy/5eUB	qe麶+Wķ-KmĠ\0YR-*jS!Cق YGW+5g_zm/Nq?<Zhi\0\ZW~30vDwF_=F3lXY45kzSaXJ>0@Ty֨ܥd+؜;H±NDvĤ}7DAL\nkR1̆[9>;@\noHh\'URvpKZUk|\0cJOLZ۹$dTALeTr{FL4SmuէR9&PTRXUϰL\Z*ZAhW@/QV_rg	mB$:؂+ 2ȹtanЀ*pgTݐ\"BfiV$BI23*I$ʗ&\"KA%ұ,q\0 $I$	.@%&$D$	.I1\0$$Ir/I$%$\0I$*I$!I%BH.Dx&^:**ıp<߉ӂ(ĖUKo\"]v/7fX`ED&XVSǒ10C/,{f*j3*ڜyoq6Dݖ@FGPɎST\nJ٤.j\'&s3hj9&VvCӑ\"QqcwH\rP1v5ы.S	 x98ā-زEO.y٪BnA%VN3rLsٷ8եT;O5~M\0)\0SOsUz{~-kڭfrr\'\0jF0d}tޡjj*:QZ{X\Z\\Nڌ۪ە\r\nTV]>I3םNe.wpզ=EzeL?Y\0 `jzԱ:cWg\0Q8*C\r>g꺽M^fal5wU\Zx#!S^v/&-.M6rKl}RkSy0-%Z+leal1V5_b\0f%1<%l]BEU>\';b{Tn͎12{	-hp*7gPcj*͇/?~;u	Rە>` 5@.I?rX;O.C~ǎ&]eGƘ궖\";YekIb#XI?D`\'w4P\0HD}LguCeki8ȚWC\'nUC0w;ƝYMR9ǥ$>(>2;b,<ƦSL)3H[<Ӧ6ԛy%c*5e8\Z}Iq6/4m\'\02\r9sKm{$D%FV]C*	%-P{y\0MKLY*>XwPQ\0OA_I\\7ψ(9<m{+%9z>#ں\0bP컈\'5I؇fzmn\n3\Zg>ܤ:SN=&n7qOܾ\'7LVH# ;FϠ\ZD躦H*xVt+X\\wepA2O,Y!G[NFT_O,z\n{NN\n\'{?Gkh\0đ:MZjܼ8\0\'Z82]`ɉrDIrD\0(Ã\0IfTIbT\0\Z(B4#bhGգQl2E#wK{p3<:6:Oe9mg?Wg\0?AO\'b(\0I)[>fa!mAPqcYJm|1\n9ӅyF\0o1`T˽@RCJj؍!plc\0\r3-iV&J}\"Q0ab\0W;wrk$7+P`s%-CX6Lѐ#qonr \"]{h>dXd`/ımnb}^.6\\nPzUoGQuʚTDJ.vAqEu;q\'ϩuY[u\rӿ4}[tDt\0}>_TM6Yڪ:Kr~X(3}#5Xi[\0u\\T:2\ZALB6\nk,W\'\'~YvW0>TWoa\'zu\\<\'ӛf\r\0T<xPfS1ϚYqa>뾑.-9<tCfO`5-MN8r>!u dcҍ\05ޓ!T0+\nlcE<\"R_q<>#:_Z~p}g\'a|zNҵKbV \" ?Y\0S~_g?]x>ꎇYw|=V2@P4z\\U=}?H{~D\'n:DyPOR,A%\06yBA?wSiZ\r۲-#W@0}п\0V3FOn<OVtCKWXIauzv(ﯷ_U_bM])N{þFD\\&,#pl4(;c+8e<H+|w7ww\0PsbT^\r!;\0,Vp8`7`7O5̖+!ϵLz+\0NwܨjoD+mǹ{>>5:GOƆv@ׯ:Q	H?3쪪\0\n\0Q^% JaT8\0\"bI Ti+\Z!<2ɂLʢJ2l	.TrI,@	.I\0$b$$\0$ \\FLIrF\"I$\0LBĒFIpI$qN Ac$4/p,\"*9J%٨_a9fږAfo1a_^3M*#yfcO&g/!IqlwiE>`{\'$Ug;ņfsM\"FDױ$M­yb\ZKaaD9ND;T&Rxu,vXA 02Vxr9:/1ݦ?jA[x>dfClKU!;3eNf5\n|ά^RK+UB6\00Pm@*aL\Z}bsRͱgeLxh8	&Ԕ\\\0g?Yߤo\0qoa?[h:_V1*fk\Zu*QoO^zM5\Zr5C?TreYϸt,} \\~tO?#%Va^27#ݏt/C.[[\'wנS[~e6i<NwMz@inEuOu?MԵY~fM5gX`c<OA.EuWF7n*fRPna-tvj]-~6199ۣe\\LZ\Zuk,գթUR\0]i:A+Yjj=oҹ	=\Z#ԫaNwkr\0\rqmSqˎq:Xi*>\'4f20P_mc!;{ S:muVu}C-3IP&mZ\\ˑ,\rJ>Unvs!ʘ8;̨mlolcel2>aߨIbK\rڹIrwBD܈Ʉ*\0V̤\";`VpIp\n}jr%ҁVPaw5SUhwR۱FF@7QeYU=ǘ@jz,0\0vR|-dzi뱁Z	d~\rOvSUCm^s{	bĦCo37ƚIceRC~fv$8<DիUF8ğELP~s5\Z\'>vBp9i&/чd4Ƽ wL>hFjތd<9\"E1\rj0{Lkpk/. ,ۼƗ`g*ζqiV8\r]KO`\0=\'=i:y̞inaz#2\\ti-&kW8KJ!U꣯Ǣ>Xnx>\"q̎N*o,!V_Vw$d{7.{\")77SqG=\'InY*F<sY[mo\"\n[]*{\0Ϟ\'O7} {Gs+A >9?3hl<sS<ETAvDALK(RR\0R*.\\,@+0|A	gq$Z>Ddd#%X`ÔFb\0ԏN_;>}m\0?]\r#u3HVvXl9\Zj,71gNǻr#B25x]F>b\rdɅ\n7rZQI([|@Eb>ys̸\Z̼@t6f-u,\nS\0. .umxNP\r ek4r])3f>v*ːw#Xc\0ڌW#\Zڮ\0	\Za9\0I]Ttӗh][XN_ԯR??9T@%~Gi/߬nO->\0>Yr|nJP-NgĬu>Oԁo?+?@`\'WGC]`;|Oк7ם>]gZu5\07TH#\0>)RIktH\rه69#}Ӿjt&]JK+AǃeBU)^!w8\nae+;\"r1#ekOw2\rV,cǈ	WG<.8,\nL/\"b\\7qtߦ:}WF䲜[_~s-Խ.v۔oPOS\n83[\0MkSorq`GF;ϟ}a*u,mҿNiZ4:0ÅcڭM\ZMb*d\0Vm0V7B\0Iפ__Q묺Js]#C>4Uja>ij2M{\0Q`CT~#\0\\~LzJMOڿㆣA\0̷Q{m^lܙ^2Ь*[!\ZnkYw;	b7l@`樕Ϭ̮čKXfEOo݈Kq@.S[p}\'}@\0[m\0wC2=Ť\rG;5SWWOeсO5UԆ\Zpsc\'ޗ4\'ՠ J\\<7j>Waz,M\0KD-SQ0L&CeʗDc*\\pKH%IpKġ.$KLKXI.\\\0,Ib1Y1.I \"I$$I%	$@	)2e!LJݘ*ȞG΍E27 ǳab\nŇy6\",\'<54]00\"KjO(ΤSAq3J?7P\"tdqG:8\\<8ψryn	vԂ0~cE,NţFGMnorFh8䑈aO-\reT\n Mcڧ\"G`9Jl^r&5 %[Ǡř3֮N?v\0\00#I<#b͠l8=Dϋ,P6U-g`&0u4i2)*k\Z:s_ˣD)ՏP:\Z+-`pg?MǸc3c\"LuKVCouRxvTzfuV㸒|Y^!bӁ]wծWp8\nVU%Ժf=\0OF0>\0gU$4\r%Ş8\'Ʉ4IT\nw-B2\ZJ]tj=(튭zkwHh5+Z,m<OGTj	{9gNc/t+uF\rJ[5|֨+]9&pϭ6Rދ!}\0N=OPN*7t,*[)wbP\ZKr\Z_4ۦYcqЭiѨoM-?s\03v[U׬pT|J--:S۹lYDܭ]Y}Ϗs*q<Zw;J18>N|\ZCOR1\r҇Mj2lr2y∋ն:H(T0<ZOx+)Li͵Yw[>4kM0{L*eIWCL^xꩫ^&KN3)bʫ_v4~u;Jj eXF%88xX-riLYr-.uTc2:{k;x!{͡Yu3U~nK6>N7Rcv~`jt&:m3|n	5{\rK8)Q݃iz+zqFX)B+Zj?0qQ\Z]S;9$麳5r|\"\0Cb=jMb%ƗFab\".\"n0d[\\jlfg:aTrfiʫ\";̸MRB볯nA?1>Sɱ2<X~gS]RQ6]c0xWMZ=h+*Xbɦ́Cn|Nu]STtԚP,WlS[[֊X\'fizҁm1u*bSOzQFyCSNm]NB>ٜ^]\rJ=+;[\"E`jgytjjuVhcXC҆լr>d?\ne)#յpZP{s\rX\0g=ynE[r4Hz鼕Mܳ\'uhR\Z@6&q\'.Ֆ\Z{E|fhlm O+q4\ny	U;|I]Sn%ڍ;ogzE0Gqy,p|Kgn\'_\\1ɦ}!J0t;jtR\ZOګ[F<O,ec&T%b8R\0*\0̒@	,J\00բҏ[\"bSH2fD8Iih	e;	gZQhj6imTcg8f~\Z~uI\0q>l#ģ{ WoCTC/>\"P=1\0Ae \ZoV82\0/\nԅ̶Ƞ\0ڲ@`<@V0^T\r̈`\n5+@s[;J[!m#i(pLҀ7\0Hٻ<zH<kAC(r<@^at/Upt˵\r5XXwȐg2(1\0k|7S?_f:g#fvZ}#\r]?bDT3􆓯hΟ	0`\nDݥZ=6IFg=+B-\"ﾾet\r%n.?~իiO3GӚ窱tN9zzW\\\Z:r=4X&78	\0A1>·UO9H+~Y|-b{FUVTsҽ[FX3X ޱP@Xj`3/v`\\@)Rt592v)\n%	Yv9E=Wi)OPVǨ{+͘ zv`\0_T:u;s`|0w)w0؍Z\0Ɂ$nwaJՔȌmK6;*UuEw\0ZwSԶ|DA\0s*~\nrÿhY_npysK[Y<[peQH]<\"wȂ.3֊>g\0_F=SYPU#L>^^>>\0m?1$1IDH{@fe;E!2&I%I(2I_I$ĸy`@\n$B\0K$DĒKI.&$ĒB$IKH%$\0I$,	$@\na@-rQ&bmhqar\'ED[bv0lwQ98͑IL۸ƚUqw\0L.Go­,Iަ.L/\"k,1(72,3&Z95j*sV7$Z3vD>H Wh\rw-5~3A\Z=(cCsHMtMՠ@\"a;FRfvyK=Ul2?H\'F06\n=ɋc}V+Crlm[{erWpemdyc\'i sO=BYֲS8]-7Rp\0BxܘԨ^8T0q&*ܨ\n0]jz\0lmz}Mv{ [oW\npӊ8zf+bйhGEN\n?SUԬ[Lq\\ZoZor[>2\rՃC\ZN,6RA\'\0XRܣP-xijTdR#l<645wX;|NU@<LW}RIfoFTEv<%-itK/Zj$ˣhғ&y\\\'S}K\'<Mo\\j:s\\x}n:UUns9ioNMe@k\'MM1+e+s.g {\\``2>XQ/ޓuUc?Ysj^N	-\0o-h[r<)4?vzٰP<2jǸ||O\"lH`sݢv6^wq݌x=\\)ֱ.@a92T\0*u?E`9ɗOPjOg}ŸQS\ZrFL7{CGm!#?&b\nIC\';f\r]j<JNYi_u\0cUCir,lI?q`Sj\"n\0W_\Zp/,eeMWRf峞Ѩ+b]IvL}Gh&k	tӭ}ܸ%Έf\0.}u`VsC55ۗm+uA\02ײV\'z=8*~e6YHD^vʝ?{zڪ5j)M㖻st#]E5Ԅ(\rl[f7)>7`?O/}n`^Yzmi\0S\'`Ѧk}=\r-\r{ѦQ[LN2G~cdWeK.\\\0ziu!+1>]Mmڪ-Us]qr-Z1[.vpMYҲzqNt%Lt/wd?&yyz\'ntG4\08ǣ偝\rBkhRT_&_oPWY)h7#]e64(aKVF[rW}iM~C\\?8ˑ\r1l}\"T*	ʹR*`?3j:KN5	jqo+JhH=ߠ[[QIHE3wQCGBꞀ+Nq?b	%rOyu6HQsf}\ZKo$4+vwӋq-i\nS1G.ZBdR;LRi8lqܧ٨Q#^*e4>:v`\\d]:6N\Zڧʒ<24c8B%+q1:)QtƲ⨭s9J/ꪭu9,qtϩvdf|Xz9&??kwxΆ:VU7SQ?Obt[V{~g>_\Zrvh3jVci56h6;=x\0AZEDݠj+uFM^!|da\n{ʭ*}ѯ^dݏ=שL}Ś3Z<\rY̑j<N2\0e2K$ 2r%K\0\ZcaQZ#ŀ[c\0FѢV$\\dq|B\\hj6(qwԗZq4#\rqbZ\"{/P:=e֜/b0W-(`WKkҋhr3!XmN:ģN6F?Nȁ>v>?MIٜ(nPQG%\\x\rT<E|Fh&˔0# e\\b7v2բ5,)y1B  2ŏ#(sk@;mvOw``#ϣ4=WRu(,{s|	@\n0\0Uy}A5oSQ]?.oK۩ʺC\\b(j)NZ~\\LG}#\0ꚽen+1kZl|uut\0Y}:i?2Nz=Z\nX\0Qz\r=UFTET^\rJJC䱂tCy&	{x`ݻp\\\"fv|IetȪ#\0+ifOtޙu*Fdkkc_Rp$q\0m)kPi\0fIquLAmG1՛UG?fSJG0\07>0?UmWǾ;zN*EroHq)2\rw\05A\0ԚwH=FbڡZ	{^BTKG`%:Ȕ1fv;ZJ70ڀv|;L,\0Ru45!Z47lJ+V{-`#/_VwXtޝZ\nt:d]Jf̠!IJ2f6\"ɐ-(3*ADIqRy& Ĺ1/HK^ \"/H%KĒ\"I.H$\\b*\\F\\`IRI$\"$#[K1Ȉc(l8!nx|ѲBV+P	90mp;f5L]OR7lyYFgPxթn Ӂ0YE\ZnLy3F#`20ČYT2uv8\'{\n{L	s.Fr`y4hYKoL٤4\nx$;a4\no!p@=հdkkzVtߙP{uRX١fMEf\rEq#j98stl]InxPVŎMXș*Աr^dќXF!c$὇U7ecū`pw NME\\cw9eUv$ĽV]9-)S3\n*Ͽ&mU:5i/jwv~g%4:QиB7rzjzs5c?81ܗQeHMFtIգtR:qSzmnZ\0=Qk~LOFn&t\0ґ5ͅ\'nSUy\"Mta5G.uj4mcY;֢7-g?}Vk\"C|UT$k`\Z|gr_NJGUڠd89uuY_V12gBGlc=oEEZ [\'\r=\nG#6+I.\0}f)uz=:h%<ȵWr:\Z;g^\0sia=r쥏\\ymWGLeG[H9<La$giEU\\sAؚfU;~iwBfPbGynI\ZJ^o\0S})\0yk]&6ߥvz.Tu:VWh|12q7KG-\"6aOlM]Ug=5<inZm@PM-}_x*ݯSK/v;}>\rE{$)`-mu[Nj$8.kjݖhSgC-9f:M}m5٨%ne}bMs5`vT\0jWmSu\nG#cW}zVc\0IԐ	aN]к{߱]Flynihڶ\'sYWEv.p\0~[O?tWBf5OEMŘ3WV+vqBm}vy[,ʺΙbR[%Y՝8۟?3Ӷ(qHlnf#\\#>\'^E΍W`ZsR|̸8l?ß]a~;-qlf<\n~VkNTO&rZu=GviVm3?/L׹D^\Z~԰:)KӂZҖa}ſ&/Ij^GXO/*\Z*m]^vP=~t&ǄZ5w]uܦ;1RpݣPuMMKRO?5tkQZ=̋2[>Gk]V~nJ%TVWөu6P?3\ruPhkj?lZkz~ڰqGلC5=[WDc^UbǨ;}Eep̿ӧzVFԼ158(\"ZmI\0նQc5>3v_Cbn-c#:inWaW6AvԷLvmcwǙWԺRε}>M6\"kv\'OI?AuͺkŎWQu%پfnu.Y5rN6wc[gz4kk6/d\"twYWO}gNֵ@\ZyUj_Zj5U,-=wNphJ2Z:>e[ZY-}k]`7bǼuFtp#9TtEdyu\Z5ɊPerwhVKcSE3G}GQ]мO\0^:es\'7Oe:PffV}m!Č|c(鞫A4Hbr7|>vm+jva=_mԡ\'/]gz;F%/%x=8$X*Ir2\nT\0$P$\0j4j6\"blƄ͈L3Bc$9_i%#׺6ttW!Ǭ}?RHV;3?PῩIοL8 ;P7ߝ%0!Hʬ882[=%l\\@&śB,\0 a-=t1۴mJ0*dmB/\n)&\n$A,=	+X0@w8\\	=Z)	Z0\0k77a*۳SP	RV\'!OOӺ]:ݶ}?3OP>@4GҦ1O-57w -C`x`y?]+`>>}\0RtgFuTHԝ´j\0QR˽tF=߹\"˴\Z5Z;˩OZ?N꿣zcuGf WI=5/n#J}%70~bSXC[5\0X5Wq^ls~ݞ~ez#?w?\0T:}et(p}\'P2Gz}8s`>\0J+!Evz˖C_߻`Ee7dJë<ZG,C};T`\0GߘBܮ[*\nm!FyH\nN\0_`֤Z;Wx%`;!0`I.kgme+WAh66+\'$y{\\\0O꾦B@\0I~kxOg|h4ui4\0	AĄ(S6a1=cD&eLͱ$K\0I$\0$bI`@%ˌ	$b!IrI.0$II\"I*N	ɉm@W`DWb\'\\biYĀq^8BXOxe2͘\\Vq́a2)FbٕOqLr8,urdb5nOn283YRsEcǒsn/Dt]-6r\'2;`p\"s<G\\\0}@Xܩv3\rYu`ڤd/h~%zľ	0\09EMb#=Gj]v\0F,Ub!#\'ct`:91Vk\0b\"\n>`*;tYYMceUT=/x<NZ?dHǥ~xskEl1; 5&3dώopaw1\0I[G#W}mS=ZҀVlex3p7\0xn3XhmjN\'+u˴R2荔\0SmЪ\nR\';MܡrؚI$<4wQiԻ\'7ڀmwgk	f:=5F)nf$ͬsO4T<tbM3:V{=jعp2<ڎA\'<΅7\nVg֝ua?/~/yN-)`6f\0IAφ5SZt-zzr]=Qc\'GLQO(\nOe36ԫX{G5]24V_V1NO\ZM5\Zkv9|+z6wLjik(\r\ZV*XX7\'J_\"ȦK36uT;އ8J4$m^&.3~r3s;/4Dz;_i*^O#<j.Vm/e屑X_R}M:cg3i$\\\rN^֛4u_i3ޕ@7rbƴI٦k4v;OO[Z|U{Y9_H+4:43m$SjC6*?&s/j.ZOS5#j8\0[Xc·gLڤF?nL\r*>]Yf*tĒ2M:*8GL3Sza\0ȨbMܬG0QRvfŲISW*WTCk_cݕfYXmɩנ>KviIoRuVԩ?bWل֡O!9´k3~ X̶h]߫,f%Q9f^ZrƻХ~5,5IGX퉯G/j]#8uKu(R{0fђaF!jG֧N̾;ј鞝v8?3:RI`Zl}Fk`>sJ-ArR4:/a*KPBMWQjM8u6Kj9\0rjOк\\@ӭϸߤcKGe>b<l]4ԩ,%[?ޢ[Etȑɢf^k_Eogw?Mvʲp(Y/)uZm\0L5պ!5p{\0QdwQs\0Nxm%my/\'dbB\0$iIh_PZ=5(A7\'\"2לvc/]5Xf39(f5zO\\pOnGMkZw\nſ>t=>jN;n,?$ίRԮ\"]AԧY١h.\\ݜ˯~Qֶ	w̴eGH֝\rDdZ>\0z:7MZ5.})8林ҴaF\"E]:F56=[R;nc!:2ZN0<NW^G\nS8Yw%jOK3P;26imvz/k}2uo	a9kXc{[wN}\rk-)\0U+CCzV9|et^&7\\OǈA;dxkt\\{	;MfᵏfTlrPOf-;CPܳ&kCx+.񑳐3w*X;.^Tۗ_8eTٲYYpbj4h]>]EA^\r6xglϘi{iWRiX=GHh}\\{xO\'GS(q<cz\'AR(ʗ*0(e@\nI 	Z\0Ve1ٌF0QDh\0F2|ÕGÿJ7J/RWNiEb2|cQ:u-BW^	G龱~PS\'atsa\0b,Z,;Iv2`ؕ*ߴ4]/H/xV!@<B2ު=U@q1دL@_1Va# ٧d \0OZ12=(l0\rlTnD3Cb*AoL\'Ne*^L4KO\0/p +i;TT/&Q{}-`G[.?tZ\0̳\\/K:Lp90Sb!qfژVf4oM@gg )we\0#]al.BIdĞ\0B\'\'HR+U_#}kQ\0&QȫmWmCDZYmk\"9sVx^S/ôݶz8a@\0eeccAK\0O둒FYvkTUǘlmT$s,l^Ǭ_^\ZpQQ[#9oSe?	h][n^-)\rz2\'F3t\'ܣcER,.4k,8P<\0wT΀j]|ϟ\0IWXם=JGvl?K%c1%d,&	UTIKH%(rIXKDIpKK$\0IrI\\pI$%$\0I$`Q6̛Z\ZO/ v@	;l6y(lیB{yrLbs\0qed1Z;˭\Zr`63yiبr9jGš0j\ns3WU:VJXnHBi嘯ѱ?vFG~_&i?/HFsHeWmuiز#uHS03EŚ-)G&+Ie}Q3|5BSOLY\0dߙ}Z?OӒN0k1<;\Z@B`m6\ne~aS䆥6V@xf\06hB\0>g<PꍩL\nвUt*\0P¶-\nFUw&ss]b9֡}&f?Tx\0I~3*9(++q*@gLP\r>Y<\r*\"Y,CPVprUc8Yԧ3BԎ\rϏzKN,^}By5ِ1<1\\N<M]K=@nvs8q3umIӻgTcSMiEz4ɞ*=]\rV1FO	ղul{3*td.B6R__j0\\2zk/VMu.v} UnͥE_ xQ*IW~1%ZWN>\'7UmzpUaʱ)B^VoNUT4\0MP$~g2/^CgXiխiu)MXś$ɻshuyRakj/SjjMkFituju8Ye\nժX+.K/G|UнNQ5K\rծ41XBK(<9*]˅ޙG/1\'qhU\rcO?\'`fTq|B(H`?NH%ġI \"h&n(P6f$g۠=V\\VFκ\Z^ iڶACO;4UK1MT`PUZ;C8ғÏU/Y0E0mJt?=l3wカfrZ9\Z3ϫ&vtu^]qSg~g;QOMY߃^\rzHNÜzڛB+@+b]a5iғV22<Rם+Th>?SJMY\n_05i:en~N)r,?w&jj\r8\0ȞG+O6z5Nѫi\\p\Z@>\'vSO`L/İs\09vSe\ZJ\0z&2<jCX[Hc?>%nA{E\ZKKg@ҷԺ>q|&ߨz-\0GUzL~]К8ZtMvqKשqϻQWDt]Pĳe8mQ~eiK(P&;˩$53N1\'+PpB?Vչ\nUzMu%$c]r&Ρ\0zҏKYJgTj~#_S\\HD4Mپ΍\'ؠL6Y?tjI^{Ю@;֍Sԙ{W췦\nZ6pqTӥei7\'US-O֑]83/(Nki::}6_MEUSo?Pݤu[/mznhb/i>>Oy;wQ9^Fg1ʟtu锹Yu\01ug٭ӧl=Yi}EVZiXؙ?5k]ρϧRhԫ9{înTkW(?R\'Cz%A`8@<u2@Q:v˩@NfɬZچb9*:a/fm%f) xxXzGvdT`9u#ٜ҃K\rܩu؟q8RbjYK鎝T<wJ*\\QS\0{|¼g<v3}z\'}]^6y2$l-%rt~,!ԯsr*z\'ҳ?שk5#-Q봺ըV;l<VXSaz5kmye#gnHr#~ar?Flɠ+0eBcX\0*A$\0SJ`#R1S\Z>eQQ\0\0I[O\'Ȟ\0~Q4{RN0qjT&s=/\'ib\'5qbwF&3mJpܯ̲os=OIܭd\\mِ5\nr AHE-H`;մ(B9psuWJPRXznK)m<BU\\UWRku0V*cix\06KP#WWOV>OUUDT9#\0ٔ bkS\nA68«WޛwvYOl.Ǩ܁ ñBsCçWA2;[T,phڅ!j]~;~%)e%+enʒ\\w\"@=E7ݙnj<Znam]u<@ckvTQ/ճdTY&o&޹Դ\r2ְ~+n\n8ϳ\0I\Z\rEݻ#\rt:\'IСV\0΀i\0<gxRI(	3$8`,LƊ22H(rII!b\0P$$\0$b$J%$A.IrrI\0$K$@	$FI yX%H8\'by$Elc=i3gJU#^#h6ز4_E((b_\ZP&d*~pa9W\'yhD˝EV(1bre6V%AveGx\"9@YSE)98vT :\"%*?O`9̂k,I@קZ<ƟOTveS)Ci&NIJnEVW+43mMa\'f}@\n2M-Oa+ب\'@!̘EXJmCK#\0B31wIÙX H7Mgh(ǒ\"_2Q]̚LE@6ho~HȊ%ZCq&2ījN2<Li=:zzݷi{sFVjaMzMiX<.N^PVT(wc\Zq7q![x,=qs\\t~PnǙ5d<brSbjL;Vb\n.mP&XM^m17__zbʞ>)e&?6R6zZCwiGד_r:zW-.`6׻ˡR=q{m2*c9g_zvznF)o\'QbwBqoF*͕XtcSIslҿm%iOV854L%vi(6+K\0&*>g?B6Ts=Xn<vlmh`WHkq2\0A+<\"(c*Yoa\0 Z?xrє6;mW{k%9{hpA x1IFa<|c&RtóJ-lȹGثIMF櫃w	g!XyZ*:hz\'QG]=3hs-sӖ]=ՌNtԦŦ>0ߦ^qCF3UTvnm iK[a%yc~fբr@ɜG@H<hI6ꏴxAk(g\0{H^MqdK2c9M5g$|ΉWdyB5*e]}5q>\'Vfe>gL]+r_&r&4k6˯\0fNY^bjmSx[#,CMhQ5VuZ()[W{g2jѭռmmZz#vHNX;N֙Q=0Y菣$bjq;}Ҭku6p>Yy@\'us2@|-S]m-*Ǻ3lד:ikdg?]bgfǱ.#\\,=l8v(jtm@}Mz*]IkPG~f=ME[iWΞl#RFK	hbkN+S9S.\r~k6y\0wQD(mTrY^SPm*\nz}uqraƚt;+cd\ZVXjGb#t?Y\rFTp9\0uM8mIzz:_LkS#uç&OBUujd\r5ר1Z\'jZ4ׯ..^;:3IzAGW<)H躎EꝻe5-wW{bZ5-}5\rA;\n P<r8[4-\'Fnuo;oyޙfC\r\\g&ouګ4~qW:ǡ0YO1[L1p;X_pSVЬWx[Vɠ\0pL5ꋳ\0>OyжiՔl\"`Mx#mֿ[=<Cq4}4N81j9u`r##NXO7굵5~05MÆω[dofbu\ZJ\ZcKA~\"RJJ;u[딽cɷG)Np*=h4IZwq[Jl-|,JT,QoڋZ8cւ6+*\0\ZΥZT?zuM\"iuU\Zu\n>D\\&pX8+Ff$3+c#07gaA0J*(˕\0*2S\Zc2cB҉aI%Nս:V_%~okZ/cm[Lk\'%ṣc-%؟O	.TnxQOyw\"WHb0!}kK{y:5`.VRYp<khZXcEPpD\0PyxV)m]a);i򣐤aj`Hu~_\'@aWUmc0\0vr;8&\0t+y>[u\nl0\ns2~@U]9Ng\"\0\r\"F	VA$Z?Q\\c(\0C<j^}d䐾e\nݨUG\0/Ԍ=26f0JP#DϏĶجǒ{;\rCj8 <@z([fp?26\")i=U|JJ<ĵi#\"׺Y` 3~OHmVCXq~iДTR\0+[]jo_FnK7IfTB!cLdcE2\rDT$	 \n!*\\Ir!	P\0$$ ĒII$Q`n$T,ˉDbve1`xqh9R\02b4XI[1VB-͓<oHhx$8:!VNb-Ț~3ɳE*2=TJG\0lP{\0\"S BKljUc2Oe%ssVl.|YS	CCfk\r	#>hE^? -vXݓi9\"dfsgL\"(N0LʾoؗF)#<Sav就9TZjL%$J<y\"(j|J\'blbc˨ԾU|?@ceق\030cS쳆=Fڠ\0.p)rf}nUP^jF@Ai$N~Rz4n#Wm@M%{fCV>#3i,9*1l}_\':lrHcg}@\01O}x9I<QS~LJ_ͱ#~-w56Ug]Cr,axĽCTzt\'Oş;zqH\nvys҂׮w<7	tT.Ͷ07V@#\\[S,ܿ&-XXsa\Zg\'Sp9\rsHG5fmÁqzG\"t#Ǹ6snѨqAW-ZspZ\\vȚ4ZpG\']Tt𪫎\'[)*HJ{:-Su|OFV=\Z@ܟ)i$h֬˨4EW]js֘UoO&uu[u5V0q<-.,19?Uƫ]R\0>յ?f{L2YǣaySӜyK:bѾLy߉ЦU_8bb8`Z\'zyYu!&[*[IȌK!G\'3lmHf-[	[6Tx\r%/A6elP}+\"U>6()	tf&_Fs:گTDFTW#(Kzj\\޼1_go|MiSY6q`4DF?QYyu&j_,ԍHޕ.O9wYdjkR=Gs:ԙzRho\0O+cp籜m}UWV{x_q}}AF?Oێt\0_])M+sݦ\nAlըԭNpdѤ*m 0*NA=Ɂkh	z+.VG#=^x83tO\rӋW>ϒgA~U{FBr^>D3}UL]̃	Kie3Եv}:\"fw&unN3Є\rY׸lhE[pݻiOU5\ZGJ^@=u٪1sKD7hͽHo6wNЪu[۽F3\'SE^iU(\Z\'Qu\'a\0#q>mG4>\'jR-Ze)wzޤr~V,pg?NRyNS| \r=I\\9,G1Hx,[E&j2g?Kg[S+:d5Z*g:V˴Wf}Mqklz\Z3wQ9vu7zXnQU4=EW-:Cئm\0Wﱅ|Lcvmm_u5Yo\0yĔӟTlVVpT+j1%\0%rGJHv&Of:o  -}ӭ-P652#xj]T):X-~أ;5\'RLMkvzL8V*,T{u+79\Z5_6\"h--+SQ71+x2\\Mm@A$](Ttz<jj \'<٬U*2dR`8RK**O2UYX.6vfam?ӛvYz,;N-f{E$9q9\ZmQҦo9z<|CTerAb~@[F\\\0<ٛ[ vm9\Z-_0r?U~OkR|+8ϧ}OO_N/dJa\nϜS\ZtίhOmcW3=_?.O\0~\',ĒY\rۘo+hɝ5ģ 9x\0*I%@!g\0z2)Fī%b2Y\0ytzMGpظ\03l?1}M+t7&\0oiǉʡ\\}}u\05כkRd-cEUSUH*>d׷9W`D	K{v#!@)ł?)n)hMzRE6D,v0\0+\'HE\r?n8*s\0TpCmr1!:_nT\0Nlư?Z%w\'ČGP}]`|J:=Ts)\'Ȁ}n:A7KcS^\\\01{/%*@\02ݽUq\0YYf(|HllQ-E]قn!E{yj69yHmR?w$HofTr!>;s\0)M=#3pW1mqde\0epq꿧?O][ArD{JwXN\037\0TP\0WZ**\0F `),DO@c\0e\0D&d@\\@d	p%D*\\b$!(	pB%	 \\`I%#I$\"T?1e)8#<`**طX&\'9IȞ27tq6z ep#$N`lB3Ɍ!	.눺}$5<Ae7R!`a	]96\\b[91[sk.D`]r5IKr;bfbvmx8\Z)S=\'L#Z!Gx[3&6`\n+Qb޵~REjHE!FfșQXafnc[dgfysquCXwy$N<զZ#1PôeRzvj9jXĨ)>pn*\0?ȥ7\Z%Ev)bOn:[ %~!{0[hb\r:TM9wE]cyǘkZ<mJ(5.sf\0΁^2Mn!Xl?\'wȋSUmtðZi(Bf$Rsp}Mq=0IcXTGļUhW!Xګ#rMх/C\nJܽ\n<f؅T\n8\Z_4zwK\Z.{<>`|q4Otu+(+}m{4l_~LK	Ӵ$T14PKy\09:\ZU\'f	qݚEGNխUHY\0*pf[lwHrknvͼQ%v-\0 U`\nDb~&1m	35}0I> hSwqW;<n7,xo߁sWGOt0oݽo[_f#ߴ|INH\rtcyɖ:>KrGq=\nQnyk.z@5k9a5\0֧h4R	A9GT#hէ\0qK\"}%:RK.{	vˊ,*m~[>aT9&Ď.eqeܕs<	R\nVV?p*bUc`w\n?	/w{j\nI\0\06*0F :t>%[EYJԆ!ǈiIYky`K]-t,]C?٧mk!Ts7y:vsQm4)XtH[iYa0&N.<pګJ軵/=(5莎}RvQĄG};7TͭCq[ԚܬJAi(	-TբZH-W#aOuvEeH2dlΝC^\nOkӽ}QK|o2׿ŽSt⛩6rqDRlŶ8v\\+䟘/[qOVrsomr-2\ZB\05Hג\03Z*Xn[C:F]Uɧ?y7G#\n0pRAVZz,܏]?L)eiNS5n+_>fI\\d^NOynF&qrnU?3.e\\@rbe~{eOr!6IAl~=naUQN\0yNPj[mKU)ӣS\02}nuuk42̊hCpAᦊڤFO:`%F<Weݿ2v\0֩)|׸)Mh|D\0=5z?*aiњV\0sduѻ_jE-Y+;v4.i\Z.g4!M-ZfU؈vTDk]FXN}ed2}ޝOQwfhiΊuUmQaWЋZntNȒvyidӱa?ECd1I-{=2{G:5:)eXݙjvmT3QU1aQFooFrC:MArلFQv#:(9!ץPA5*X\n9>$;\rTܻA#uۻF/a\'>&uVi\0\'\rє؋!A<Cϴ爧E\"U2o@sfy\"KQj4G^S{Hʟ{배|1P7-/rsȝfv;$̦>AR\0\nd]8^nT,;0zcL\\zIE\0tOLVDw?5N,]K_tlG*u7hu?\0X4}MӪc;<)Ou5:MKV-F1>cS>-`CzOu(;Ne՞f\\T,\0iu.y#s:#49A0ĩd(0`%H ƫL)]m&Tn&9a *\\BW٧elR9>nߧݣw83|RcSX#\'τZvA mXS2n)fI8$Wsi^3)y2%l\nN [mvOtBSQj1}1R/OӅ+aS}h/^W=!\rZ?PUG\0*R{ z9R2q-j\0@x\05S_NU$׿<kV.0:ݕj\'̂6x[&\0)\rRdrxMj/hSc.A\0\Z8aɀ]M~lZ[Qَ	B:ʑ!)\0\0us,I!n?5x\0[5{D+#2zu,	:e}:9f;G[3tuŮ{{dOJ*\00Oqti܃׼ncgQ`XN+0DcE$2QRI.HXK\0\\\0R1%$I $I$I%ȗ\\2$[JOi7<)u|KVq	hj`c\r+6|ʙtֵ3F\ZȤh#1lfGDI	\n/O1\\	ǖh)?p;\n#`Us\\7ar>ahcjF<\\;)% cz\"\ZXq=\\mGHJñr3[h-<+<Z|{=L[9Yf5AWI^\n٘MCom\ZSN)܍GW`wM̌۔Z2˧K;Ǽ2D+N -s8gJFhЍw1OUλ\r2C7՗G@yӣYFVUK[MMEm$a1][vl_ڢiKقy<G\Z/P`AY(Fc	R=%9j4=n1ESH$:bQ;((*ǭcXAan!Ls4V+>9ǘk;v:}ڃc<	\nF\08E؇Թ]:2NTəYF@\"sTh6\\jAHWǚlq9L^s,9;){y8͘{1(zJ\'[jGUg6hz=ME}\'	WJ=N>DFl1si+fthÀGsdɝѫewEFK\'5LWtARjaبU:jԺwiJT$&ДМ5GFmUօ9Gh0=em/pg5l)|T7YopiFF)9-7h*Ai|LvtwCgURt+OŖޚ*W0P㷟]UŇ\n|Aun[UT`a-@=;v:(VX-5op<c#u3ˏ-jF^7#1jr\r@3*_H&lwLWOۈ:!EUߵO;Gi*r3Y,Ϫ鐻@g.d{o5$l@0kJAaT)>gF55a,n6XG۪ƔWqk7k\'k̔|λUD4iVp_+\0gU)-*=q&g:*,V.@\ZTR*n9\0џF\0;ֽTfQuN@_Pе{K$\n\rWձXܐ;FyPҴ[](Kcm0>7ZLнMYqG<Yr1G:U:Uؗ~?3mSg{*8JI]w˒^(p=2NSծ:V\rOc::^+5vp$\r;!h]}>ֲcS1uSl=v}W_S]\0&^ҵI}D]Hcr|3PjV\0?BfsOK\'Ji_\rKx\0ܳ7V63).9NRF}ILncOڋ(t\\~\"lX{wΗ`FU4$Wjn1\'MAmd[ԭ.p/	YK+V$#hJf{:jjCb9rWR41 䙐lԷߜӵzL&OsI3Ѓѥu٢Ђۍ:-+iMNSEm\nZh>Ν}[ҫTfi\Z kUK\rbo	v{wnaZզ{}ՆOi\'/HTvvVgڪmOYWNrF٠)/eZ\'CeOU0r*{Z}D@km?7[e1VRn,UkSQeW/Sr\"`D̢Kؾ`̩YWR/};vռqB\"*={\'@h4#Oh6duB*CFGhGPWuW{ֽ%][-\Z{3.AdRѬW6+WܜNW^PBPWenݧ:5eQA2ӱJ=f.APg>5f֠A\'&ҵVB]j)<LE[\"c;GM^\rZܒ?f5?p	S-h:EW:{I9*DgS~B0o~&וpy;:Ƥ)RCg	)yU*zW]p\'\0p;%@5u+mjyLw6{g:|H8$93?hNӘ`JEbT$\0h29Y\Z5(9ĢHb&(qpcȮ ?6qmRZ\'byt#>Swѿ[Jfy8	J\n՜Pµ#5!NKeOnݼxF+\0ɶI%Y.\0ȂWì\re`#S`\"ONՇ覢-D\0譪f=%+̯#k%\ZlLԄ~`6[`8?\rVrId\06I0WN6e6,}^\0Jl鵱+	8\'E\'s\04oˏ zX~H]v\0Y_-APgiBIO\0!R>wCdzqi.2̵:r G`힫w}A-b}\r1~\'͕9}WtOrUBګɅ$D!O\0ye\0Q$@KĹR\\HrX	xKH!J$H\0H92eu3/ȗ~Y\"\\n\";O&bcEvpӍQ38#ZB\"n\'\0\0Vy[^r$1FKUYrҤks/D*{)3n;.ЪG=EV*za\'EC)s4B\njaӪ:YH!Gc5LhԜq98cҶLuAfԯ2x3o-%O`;f0!/߽Jo/8ܓѭ\r5\"eHKm~<,{O,JHΔ+I0Զ=`JJ\0>Mޝx1ha_,6,{=:~NSɍZ;JxZٙѐ15Sk aaoD]*qZtٿh<-#򶲍e쳆9dR&	IJ5V-T8?:P@y}\"DKmc\'vf9~\050X9#2ݫ,nk6$a	GsQ;	A,EWk0e,J$gD`vϩ7)Ksq=MXœ9	0zdh$|Gw@O+fBLԣa)k\Zʦ͛k맣!*9vMFiJn䙪&a~8)$&[X\"uɨGfq(6x68WS6&*}NnI\Z2W囟]`5\n-e91ˉniB+5s0+s3}^yꕋ^k`T@)#DtrG\r	j!,2P[3.XNk=/\0U֢QH\r3MJ/f~~7+\Z(4iN`m=?TWU:aPȘ}>ݳ9yU}>k19ښp	\ZԒWPk~gNa1ʶ\nRԛ8HD\rG-EVz5\ny&sZMw9<%!SJcy;sm{=;]r\nRe<ymU֗`vb*2G2l<: J<\\wiƤW`b=!~+YvQVe,nNn1Y2Ů{n?luϴ[1>9̕ٺ54r~3MOi=;QZeO{m]P*IRܬT]\nKV\\_*|~Ǩz\Zc d# 6r)&cF:{J\\9kNJv^jP XtK5u4gIYSAb]36\Zni(Seǜg/UN~Ͻ[jn=mvQUwޕ6k\0\'muZ-J)ԉE}\"`.=&u<g*x3>TtZ\nzihq\r3XE\ZU5A\\#g\nҨrFOmѴm{K}E3cWc[iK9VMeX9&ZYwNMV\0[KPo!KwO=!r|sjuqbl~3l;k\reTv()&.н\0s?y{0hfQ5W:)\rO9P4ORԀ㒘º4[Res3_mUR212l\ZiBEqXM4 A#tuI_QXˣ|ۡeweV2љtiL}r?3Ԗ>OAu7ӫӶK+X*t\\Z\\9>!\0]\0}ѺDiz=Cto=\0jz\0ӶR@B8-Ic֌\rh+~{E95783}V6OE~8eVu\nNc{Kz~5g۟Vv\'zm#5g3{i>ՇUu۷Y@\'c:V6hTթEBOӽ5o\n\ZSɅ L\0[h<غ5Um_e}X5!QC[gSYe0\"h=+sc{\"V:RZFKm`&k@?uiR09akZ	T8ێ\\Ȅr륬,6wfG55\Z^5$o&.ϭW軨!FMM{ծj\07}\0N@aqP}@R2G8vz:F`SY\'s3kd&dfYIF[QM̙0ޚ-\'KA[ZGJʟ3ٳp\0:Y{*vFX?\'i`~\'umGΝ%v|fZUB92Lw&%r|j(lXvjKWsRWfPz\05qlGFXs4v,\ZNjkP?{\07\r=;[kxOhP(-|_xV:v7yr4\'if(	N$C+0`ơ1L`up3*2!%5ZuiӸؤs?8}[DbYL{hk/S\"4Uh(8h>ze+xcϙ\Zh1)-ྜT~d)cw9i6>y v2Np[+0}K\n_y=KK\0ĵYF\0Un¦_ 0ږ}F.Jt4m@m\0_ID*döԀ0G1A\0ژ9eyuQcE}1\0{BKk߷̤mut;hU^e=\0[K;Po_IX-`?\0mH	.`Jc\"ZYԜikejc\ZMhra&O]\n\0OF:eb+$s%C*I$$$2̩RI$@XPĒK^%B%%	q$KHI%\0*\\@	(%OhCc<M\\[x^7fQFsg#n:GD]3+3hS%`E\'8(I=q2p\0^\'ۑr,Qb9Vq0YjlgVO3[Xr˜@+\0ȜU;I\nw$+J}SiĪm9SV6SG7B/<GTUUmÌws5bt=YVSDq-j?tӻnIq<OK\n,ݣ~&tTA6(&qoƞv3$)r6ku\nh۲WXv&*~ST2xoH4]hz\'9Π\"U6ZmNAu!~Q1qM.[\\*qK;Oq:vM5XAAxW.=%AR#g^U]-N94#ٖI76RO\n83Ҵߥ:*1a7u=zOݠ\"u-D\0\'2\\ˋV\\|S ckӗ7#]hhe6izqElK<݈j/CDw5:qi}<Ef2\03ainݜ.<N@loAH&h\"-Jˍ̖?V+-.P(Ul[	ci#3=ZvD}x髀OiɍNs~Kv5XOnv̷m׋drz&s4=oT\\\0ye&8%a)	p0g6K#v#OcZ/#q\0.G\'d1[2r9ڽ#9>g\'sXb%N\"V0LUKKUB-v7U*23M2oB2$>HŠG]=czEd;q[ܡ%c\0nێXFluu*eb=<]SIM6`}nV1qu\';ϙEvg14VWyF|e\08m9\Z4g&V+JL#L#cWK=OQĵ٢Z<Y\ro?bmo9#B7ݝ&l귝Qvj|Nuh}_h>g-ڳPڛ(JWÏh7_j\r>f`BɸeaOפML%$R9 ̵2|B\0ChP\\㋭Sn}F9͈\\rv	$g~xg\Zڊ8p(\ZZeͶ~ʱ5iku\r]Ӄ?w	\"~[BG}w;\"o\'d]}jԮ\\\"Wյu=ZD_c^YMӲ\'i?M%FNZ0Y:k[vGz|Nڷ7Z[hczn;Y,nK՟Q[NF\0䜾zJ-\nu_>~5ΡS/_dڴxB4\ZTpʏ:\0mJt;~b:Zi]VY1͚o6>$~ZٷK~i>r;Kuzo-JIÎ|L=Q\\5VE8,>fQtk(lwj?~Y{\'WWmzCOSO*&Ϩe(*5`nmg;jeg`u&ݬtAO>VzKQ[&P3SC$Ye~jc3QFմ3XqOZ_Md1f:hѐ`9&*Q3XYfe9:mKR&ÅQ;GzPԡA33$+U\Z3UD ?IuEtNEjGz{ՖsO;PG,h;FAG.V}v0qfxSud)POSuYSZ7+?r&[kߪko5n?6-7&v8retC\\6:_QޕY`ME\\X}Zsߟ=OJH\Z<vkBn0O%[u|fj523ҥ@<΅h⥲YxYT\nO \r_N<+Oj-eia\0QkefcŝО3}\ncDխj٬lٌ.ezφ0<NUЮ/Wov_5AYGvTAHmlf{F\rkMCJ; @9SuƺgM-@R#q(ZW`\0\Z(!-ԠڠFU=mK>-\0Ԭ^=|&U\'N1\n1\"B2ZFƣ\"a|N`67)89?\'UֵUg4::J,!QtԒ=6{3M*Xgi	z)V#t)	籐=<@mAīmPѠ L{==ҚMXC[Wy\'`<?J(is0tpPY\\a̬Oi+81yID\"̙`!ДzfiNz4hX<KC+}6%qͿNߘsOIi+N{5yPtWRW<ϗF\0+$كxnBIox[W8DЊڌ\n_!\0#lq&{\reA?\r;=35-J]l@fӵOUFB)kVW-D\ry|	I%35׼F!0\n[w0]bz`g$or&xZTN?dSV!Cqy\r~e5Xy#Tԭx$rL\nA\"ձPQ	4*XKL-F\08PyK\0u-.}V\01Cc\0􃠦Ԭ]J`b]6Ѵ*h?RXC$0\0]œ!$fQRb\\\0ĆI#ir@!J\" 	,I.4\"I$$T\0Hxw)(`#{b.Cx3`6kE<310O2e词 \0NS\0\Z-3~&-\ZE1\'d,ӣee9qh%XEH6\'Pl̻[$36Jt\\b5l027<ƫxBm覈g%L\r=\rZip?vUyf-Blg9!\'?\\jJs2¡~J{vH髒B:n0GΝH C76?4L˴`j.<8Tc#-/<S\0Yx	{έӗUQڽ&~L{8}8˹?Bӥhw3ZxEU\'3pER/6F0lq)ylH5-H*xTi!=|f*)8f \"<Fؐ\0F|0tDzFB[X7B2(1:=!J<ɓH4D0{mZwU6MIY|Mp3/uw\'@s:4b ;Lg1}wknI\\y^ҷ\rx\r\'؍FOԶО0|Ѹ7UgKuksv3j*m\n*a\'=hpV(Zu\0c͉Z?6PRԉO-ifم$Iz8&\\%\ZB|W\rCf##MqgY\\(`C\rfc׎Mq:J^nFJpzjɻD:X8\rl\0c)j3*ssNZ]WlL{[hI#\rR\n/te߇Ne֕۹neR.6!C:Q2*P@a,1&-O^jC86),{7jUnqr?A5(\"r`u\nFWi6FdXT}\0JpAї{laV-;_|vڔ0Ľut{YN6p%\"G<Y\0+\'-<_qL,HSNOF43a9D6Mw~٩uĦ+\\qa4~Rح{݄.+g<	$N:~\rm8e<bz.\Z =P[>[1iOR]ŲvpO;tMQk?Һt[Ҭִ rO*9`x\rw9_g51ۦ-M^xz{-`NyΥ5oQT^Xx޻6Pj*\0k1L}|/kE41l4\"WkjmYL]1N\'o!K7jߓl5,sV8ҽ_Ӹ3sQ=R}Q.oOmHs8<!:#5{8\ZŊO{kAӋYbÏ8ǢW۪M%?\Z8呶qBOa^OYh#?[9}MՅ{l,H V>	,͹,x\\M=MZbp@[ꨂr&*jҝr\0pi5+C^c9)\08gHzvmZ`oiO5UV붓I}m&.[tK[ҳxxzRƶaV3[j(_P/J6H男>THZ\"&zWF˗ݽ~~bhubW_4j\rk̥.,TJ/ښ\0^^P}5]Z>w=6hz;.BRj\rOM}|,9i^iF+>ۉOAhiպbz7u9	ķʟ\0M5zMڶ\0I3	:_Sz=*,G6ygAQUF\rՎkM4RXAf9R}>=GgC0>&&Z	!\Z\ZʯX5qs*nkVԴRyeh65iggjG#O\06h5c383JnT*uX\0Ge\0M6d«+S;ZZwkk:V$wY:2jߚo,%#|ƧW}M4g\0WYэYI3٨u~=6:JѪ\ZjmK}LŵݩÅx&?]ߤ-R0ՊlBrLwh`<ѝ=:ַ]+-u?lקItQ=\0툭髫i(>O$Z*	Wac2cTُ j,j=\0[MBZ\03	KPu.toަW&Gs\'cs#~隭̀2t2+eos7it=@ui{Pՠ.6?YRvjГMlpz|e)\\T;V۰gZϸէ4u\'3%.28+fG3w6r/w~,CHzs9kY\n7c4zIZץcq*ڿ©c7tN<N	~5~~\'FTzhcx(2wMĩJx%I yY\09Lr4̦1O1hfJhSĢF	$C?PO(\n$?8ZiP,#OϟN:GԖZ*\ncC<X-lbS[.F9d:(ER2;fCEfǏ zli=\0#Tރ-SO-X,ۻj5\0aO0EWcfd\"ֳ#nTٷ`d(POHom Չ*0~`\06{I]\0(+\0_g#TB5es0wNN\0.yii]vC2RXkCؘmMڵ~!Ѿź縟S~iRȮ\0^Һ@\061\\I\"(cű\0L2e!$E ,I. $J	bT!.TIbV!FrKEKT\0Rf-Tg<	Yv6f$k7^\'\'3hƋ/33nh9!y<<􍢋1@wln*\nEq*;A:C.R#8\nu<zEIQcLџT0	3x3]Rlmɞ_ꇣb1;9&9O<Q5zoeKI̅=\'bnv\0	ݦk\0cʣ~!Aڛ|<C9$e(c2OS[iW@ٵ}=EP2{}2\0E-%y\"*p\0qZ@2`AcN.keUZW?=8\rֵUig`{L꯵\0nU*G3>C60}Ce$Aެ\0bԭ*<gRq69qP\0yh0$v0~#P\\eM\n;8Vq >AnmԪo)e(qf]^nD.51\"n1ɴ*cXJv	%F{ظ\'h\0U1!S\n<rދcn!%TGlls92hx18(oׂ.ޯgBHm&*sf->V䁌M\'%67&=G91dɡޡyY\"0\\\0X/:Ԛ΃LxIlg8D\0F)1_\ZvV883&3erzx2e91$bm9,xfg\'*R/>Tېn-\nyǐ ?6Xp|Zkֻ(6# f\rŝ\0SechL45j+;	.Er ]?13L\'[CKRpXWx^ө2v\'Ϩ	-c;s>e1	u9)=*v&AzjSca\0ڌĠg^;qy]I)FOhvt\r[G,?0_uVfo?IhJgƛ1F%^mv@P/;%҂g`}EEN\'4\Zz[Zl2;\'O}P/bR\\5z~2i3z3z{B4_E5tzyGvǦ5&Qh}?zInfkuml_}mɼw\005U3V\0St\Z+m0O`i;s=oSUwIFW^+Qsͷ^m6!8\rV{QPB&TTd_ON\Z\nU,w-7FGًظNvxiV,3zע,lݜ3ьWZY}>4UovWfWNl߸~al?$&[Oхtse;e4iP/:v_\n=UṼ.Rg=7Qm>m4rj5\r!,OM,	q4jUCI^kԨΓi\Z7q6эMyj\r:Bѩ\rKx3U3)7\rCgBIQ٨j\' {	\0KBumX)`~\"\rB}G\0EMmn=Wta/%U\ZpD,:KPZPhnI3.o}vŔ5\'MjѨBWIH[°rՓkP5Z妊9-m޲XuV4{ޛ)CGc8i\'Nޣ޻iҒ[gWh_+^T{3&6S{IZn9>g{=P	8\\=Z\Z\r-ǥ&&v̃ߘu<0^f!UfFd}*j,6OܧFѤrp#}-.BAzݪmw[QI?Bo+[e#(}:fYȩ\rizhjw ~ct>tꮩE\03+2gSODi5u\rV8;): HpY¹-P+3Z=[OL:^=R2 :\r=-Նj\Z4s~\"Ʌ/0s_uFzoު~&tz61j4:7Q>8qkvQW@)\Z7}ajV@	\"MJ=ǢGyF{V~&>UcPeh60j~܁S4=[`aK\r0cOeC5Lp	*F\0yfyWVh9>eZ	\\ ~Gnd[ne\'{t53.X3sʸv>yΨN=Q*ۇg~#t5o˖_`i\05PJBď?̊q;P8z=fT`IXB`\051\0UmSJLX2)ȇG~\0RR}>1]\Z:: GO\0	8:X\'Cu\Z.u p{fvC[?\nH\"ArKKXnv>%-)\'D:I/mp\ZwaG?ougN;?*\nG\'`WaY<y>H\0\0!OL/{*3ɒʪ:`̠`\0$:,.!-4`)VT`nwJ\"3\\0m5<V\\jQwVU]nҖ\0$4zǌTq5/\Zюzbۏjq}p	>_4b=컚z001rKb$1dcY2Y@*C($\\@A.I#rK@Q$\0\\%ʐed|5~gQOs;DSrgeU#XFb6q.qٲI g!#a{_2|hn_mbQE\'\r!+q9bRtF!%3l))+\"F@VY	lmn33)cn[:rM\"\"W?^~`X\015x?3biC]28ap|Ng><LTd7x 벓,0`Yh\\stiUY?^ѳo _gGhULq\"/iGRW*y=}&#*roȕ=VUm5+e;xg3WpVU\n\'2,-[<t2-YCew%Qi:z{MrNVgƙvZT\0Z+hoM/OOTS9w9m5ܾw?BR0t!\0bipȝxg\'%0x+OKJIV&335,-?p9>8mWZvWc=v]5tw ΚwrCsp\0 o\'>NtձԠLF%vb1Nflb;eʈ]MeJ(̜6vRם<(#[S|˪}#+b,ܸ|eЪͻh3jV:KrsZƙؒ&5ZZG%_uh-*}}Bh*mK9\ZfFZTSںvoϟ3F$۞kN?!@2~7O&\"03PsLb*be\\S+fmB\0\n{ǦMj;|1ǉb&;(d{ \0\"YGLlHƻ߈`wʄ8%AcTd1\r+q俧yԠx\rqLbbJr&R	E\0LɫC13X[jZ[9|=j\ZE␞dr}\Z$kNg&czۚջh?n]lv0NQt+T8e6+.*+;py1}9e+T+ʌK΄CFF9Q2\rGm`m?KffC߷16tŘ>$0\\wz0XfѴ=}lJmcY-s%u>]]2\0㒵G\'qy=8\'\nx\'e}=G$VF͚-QKE\'?2>l\0`n `6=F$~ e&sj#7>b-ԥ xtFz5Yk6a$ڻiBG*W-3:ܖpYWNھj\'K|LE$scqצ遜rE֮]JBѺ8#wh(KPU0}6&9:t%TuMjpLfԵe\Z_Ҝ-@vVi?FNiUKɘ_WҪM#3gxv:vV:e~19\ZiɾrBIYuY_LVWw?CM㹘lk/Os9\0Un)\\;gE	Z8g4hӝ;CL]CE۵-zU[Jtu\027>̫tV?\ZV̍>ZV(f\\\0{\03io}+E[m1pgDȶqujzvT%`>~Sm\\(ӵw\n˛>T]+YkI,\\u>lԛ-SQʙOVoz΢7)y٬+٫Lu+>\'rWNt+my\Z˵\n!\'k:/Iufmof:Z/R5_f~Cҭm3E, Uago.F꭭7!&\Z\ZA?fǵ\n) uLk.1X9w>DϪݤ4\'y\nREdT^;m}%/YNiWN.qO_D˨cgUƎ2ޘJOJ6\'MxŜ.K0i	m39,K32UZҢz8u\ZEuWNxN2ˏ:v*+bsf7z\")`a79Bw|@屻+s#,,U7+c9ZZAP?2Ph]BM:eWOh]3Su-wPrFy^sm\0tߨIF12i}$1sMiiuv!ܠ\'!U?-?y\\yc`;dj?>\"o;(e\0PuOLz܎8Tum˞Q\ZoTB\r>kDfWEd&¸V8̴+>dͦjI\0ȳ`d\0@sp\0/?1.r0s̍b\Zpfؘ6Z8cMBQhok%tU ۩~p;,ݥUo[~p_HιÉ3 ~3c<s6Ob/j DdT\0`0fdSr70D\ZْY!căeKwW:gPAn؟qzy-Sc81g_PU$`kkJbX;pp ۂM[WrZT;	+26)tBܷ̞3\0fy4c1{m\r#\0$\041:\\\0e;OJ`\"ir(q	́<;.{@dʂ{N]z:-(<TXT\n8Ut\\ۨvhE%`pc\Z3DbKpI`4\0<0H*\\d%bX$Ē@IbI`F\"K\\X QK@\\I$=M\"xA=h<Ѭ]c1RY	n͒/tM?iϸi	̠Ja\"ثqgTl\n1;?.Y{=Sjb鏉|fg{,QF-{\"_ȇ3\03:]4g[۞smְfAcK\ZIoyIˣ\'E[K*^Qh:pX*ǈT ȑ1ٯkkPYpü^C8a\"=H^|	:F>-gu?\\4zׇ^ٔrֵ|[qluvD\'篪3_vڹ`ILըCJݴ	e<eYvԼ	Thlkw9>fkH|	EeQ!dcCǈ?1]܉.t=/_sdF)fmp~s3pI\\^ۭ.;E6R\Z\0MzuǓ\"C(fU;YB߃/.s\rS̘v6leL7.\nPfs7p=ɟ(Q+eM8ur!0 e3泏3}9uKQutSaT\088\Z2#3_Uj}瑜fNKW\\~&:]6QUv:/,<FtlRHidM%L\ZY_c9*F3xueܧ22|Fjay37@stp05ZY*!i]:-*rc\'ɐJB1&x	%*:8dr \rɌeR[\n\r~g|m)QihձG>|qr9c;:3ݐ)Os0x\0xM}\'Qmy\r?eh}\rCh`FdWG;E	I\Zw+Hd1Cp3oy\"zb˓`+eXpc\nY\ZjdC<6gv?3#\'tafy41NkO;-ߦ[y,\rtoW\ZOѕYw?0S(0q><I99lV7H~yA}熌т\r~ve\n5E@#WJڙ}nk{yoC-i\'5MQw9Eh+ZoN6]bW!_n\'UџXu-Q܉5=w2{5b	>?r0RNJ\0]+[^KrY`PȖloMKuMFToi	#śZϦ͞ǁMv\"lSq\\Dw<-Bb@\00Sb(6!P`]RAi5fee?ja 3I٠Y]V9/ݏҫ&-\"qlNq\"jaZYaj\0j\'iWfޓק^wG7*Q$K57~qC>\r;2m3Qqikvrh5lx|DnR5([m˭Nۀ*>!I^wgӺvm+Ym͍N0AS5,@࣑=N5S:j\0o<g^T5UJ:a%\"vk]#غ8UlsSz7ۻSyԑuK[U9d*[XlzxQ*63PpXt.sa\'rN\0BT*ޏ{BQ.2umNk	C\\9agu}fO5UVa~&-\Zm/fӹgCG-&N5Kuף5)mQhEӓ|zOi:R*u@IOF?{e*WYn;/\r;ֈk}DQp;]>@$96QYev\reqCF}.a2l:_}}tNqNOΠJlO>ڢzۨm!E9Ϝ%vtꓩh\0S[+ 7SE#R,`C@?lJ-=24³QezVX31/ufl?ܬs\",e3EuT\\w*DeC[87f]K+g\0y0ӥu,էkuW{\"-KJ\r[dCmz8M5VuWVO}\"14#Q\r3H+GteW]񚟦kz{w/\0OiR5UB81*Hᗑ8(k7m;_^W{\n73~e!1]B\n¹tˁǙ;N.j^kQ&>^M-99&]7O&VxJѧ_OPq핢WX*?<\ZpԦ\rIb:TS5hqk?GOcN5\':+r_W)cU*~!hu=m BzAq?_WFf}6B=wPd\Zedy\r`y2\rʙLVq$	=ޢqNoS\Zu\0bvX#yYv\ZOӇyM$vfUuF 08ZZu72{>\0tԔ2/:#.cm+G\nԴԡU\0>d=	g*GmY1RI$\0(`3 0d1fpcPƄnl}G͕f%fb2\r*k:}w!:M^5:V\'|+\r]#iVq6\n.S9Jsx+jmoMSR2S$m-\0YeYw%1qA7ZN;!eB0iS󻴷F5%Tc9cVkr`bw{{\ZЬR\00zȦ?D\0N:`G鐦snLNF~кj*ۙrI$D01oZY2lhrI,J.V%&0,K\n\0IbT!.I $$F˕%Ȋu4W&alq2?x>w3ɒMЦ牥6ps̲*Fbls%ry2ـ1@)v^*2̰A8kfj[V=89KN1::F\ZMUoJ?Y\0\'Ef\"0	TfvO	2\Z^0Lͨ->P}\\qvy3]udSeFwKnnNy[GCֵv|M]6\rl\0#$v1yk(ɕ!J6uY˞ \0M+=ږk8DǖTa(r@\\1\0.q:͡`>vۼ͆;\'9Bvfm]>a:\0C3Sʀ\rbt0;ax8O\r*\013b4ժNo%AMژ䙢I`qMΒX\rmPt|cD	ϲ.o9StoPgbߣ#\r)0KG#̷/BFkkqɇsSЎޡ9YG̣,cȋJA[w3uUQ$Zij;q6(UݞlnOi_Rx7QgkFQ$\"p-n6.}>,KfC5zA	Tݼ \nRvV$ڕ#cw6G&m+LgaJ[dTY߈i``:L\",SEpC0(`*\03x([Rm3ZP\n@\0\0hIɜfk=\n\nb{)9,{aG13OC3jߥS^˫ilk[C3ǓR1\0(^Gy0sgkq*,:hsMƓ2Km1ۅ&+A_¬kGY?p32umo2ɒ2!\Z9JwC3(f 94U]Qw?#u`+C&QuCHkIsMuXWF::@@3\01\rSeZ`}I\Zj\n\\l=iќ\ZKs9pwIT;ϩJ{x\r9YW\riӁT5\\hU8֛V*0XbL)㷙w%=qe[UF,13;gG/귥\ZZnY<_J\'frNF~&4#V\\9\'6dE|;=K鮭m#]rt7^/ST۳\'n\'3\\O%Jrq1feO&!bU@eu)llulY}#\"(/1t.=,I98-\'Y΢\0kcc2vNfh-EB8]6FVISzRpVzFޕS-Yޠy225>K:=QJuRҧi#UqzlL7ixq=5GZΰ,*/9\"x(e7_M3O]}la`fG:tlǜWs]\ZB\\xIbXH#r ݥOXkZA?lv-?3yK!}gG\Z74+gB\ZFIzc할뚍f@gˎ3gXi?iM`pZc)J͵Ty%V2\0t醡OeZGm%hMSkUs!8#!jMԫXlDPeXKRlJ)EL-ub)ݞ4Wuz]ya+]uQV\r8AӏվNXɧ3oG:}M:Y=g 79?&sOj:1?=.꒝=mOr|No:]m8x_+NRV:4U\\v0_5$f!oh9ܴuAPp2|tt\Z*oiơˁX}=EԪNeL\0fEj(TsמN7UO`b,?rUv=P|7QOSR\0Ӎ^Qe]0Wmh[F͂j=N;p>%Ŧeg3M>0$`/t\'{GWo#\03叶\")վ[=<ytBiRwV۟N0HaiNPS:v3CAѴ\'M㙼ڞ\r)U\'Ѿjfܟ3}Czx3ӒzR6s/#ճ\Z)bP%e4\Z:a1\Z1Z]&]2g`0Yvr5Fʭ\Z\rWeAں5>[;g3\0J	ͩQѴƜ=0\\2*!ŷf^`mڀ>|Ζ+pUa\n&^Vsl(~ 7nWpqӶP1~Uc\"sI&%6V~A\'9 DzIk+pЬ-64%2@lkn5&9C\n~\03lrhԏh?cݨ-(9/OK-\0g=Z}>V%GXg4?4uYā,?	k\'sf0\0L	\0eKĐb1LX\rcKq0$IhlXB-dy>}[oCUJgy9{F5Uaa\"\0~][r8Fn=R]ӸQVU]9jA\r=3TP0<}68\\${+(^AyKJ%F >@$	{kXpXpDJ0\0ţ\'iX\Z&V&KF]Pɏ	-EalWZYfe^\0{MMo_:Jr^N|O\0H:rz^=f}A\n \'\"#E7hƊhTI$H$胼I$b,r3Jc.,F\"ʖ;D\"ĆI#I$${Ick㱙mc2ۖOH@]m7`lؼD>ĳq\0m53.kWB.q؞ctŷ|.³xsq\\Ȕ%s!TLәIk\\j)G`ӣZ&ݙvd(j(!lebdTZ`xK*vw{EI%11:;}:z8la yTΈ=5Wy$i[r|L=wTkT~drOEQJ\\*pt`(Ou-~:j`Cw3Tc;9UZTgf?r֖\Zk.^X206A?\'$ôVk|vZ&xv{wf<lЛlq\".q\r;+;RT<IiZ_ɨݧz!9b#ո\n92\ZbgK\ZS9w$ӌni4Q(d%c܁@\0w,17\r;>3g(t^0\0?I߬QP}hWnWձsfW)+E=_ֵ 3iW[9kɘZ9q{6QMh\n/q\nxb\\<s=5%)u;NY9N<J\\$`+Xޥgls3q*ZTZ9Yu<ժ)f\n;\"dBUcrKL.Ff~3Οpr\02r]=uryYO&협8s,}25Tq*S)Fi#ĻkFbK-t̵\\4~$\'NP93/R*qc%7+ـ	hɍۓl	$\'Zh݊[J g#=\0l[e.=6e!T35U0wEѮknc9=Ӧ3kemymLwc{1`|xm VMR)	Nw?9Ymבe$vm!vTr30ZS8>gו\ZA\'\'=Ti\"v&xhua/B=ĜZb\n簙%I[z[ ǭ`\rNvYcp$yRؠ{OcT\0zW7`=TGUgfrSIj#+.ձl\0y>!2?3u5ԯU/.aGk|}zi&RG\nQT}mOo.Aܰ>]oI9rpz~?Aݎ|Nsgnm	P\\{Նs>3\'}3^Yhht=5ZE\Zd_O\'@5V+#{m*gߩ+>UoVy#`j\'J>m;]VANl13;SPm?v>g\"1kӍh7KGkfNx̭6O؎@zuM6YRqQ>fhSѺVWxZUWl;-G ZzӚ)#WQ2t{({olIU~!t}E?ؙxNAjuZoۜ	4ĝmA6u!\0U:iU\Z]Q&ܷa>o:khFi+<Ju;-YmFl\\籘:2[ܑ#ZƊ_M@\0JL\nXj\r\"cj])޹|Xw3P7TM!%\\YuCSo\\X:[$o\n~t*@~VH)i^p[jhtJu:d᳉뾟Qڅ{OeyeTڧRI쌪}B-z2wgK\0H꿲p\\|1j5U6((<j4JPn6=zT8ɞ6QCF|{Nuql6./^\\\"(QF-YPͯ[3!\nS3sҦ4F27jGj}?E,ĺ4ZMϥ֒7t_jE0e\0LUu\0EE?a&$iV6LMS2t+iMi6܎\Zky8w-JR\ny=Țbp,MELE\03t5TQUl]Cu\ZG&ߢRGՒۘ§+}8#׬%Nky?tcVHI:/WRQ@55\ZJΩ+P،qP.ˢ\Z&Y\"=S8WUGn9?aL}.jZ0W3zK,|8gz8ZP:5j5La[<{+OS*;l_IُH\"c>|M=\Z[m+^ZW_^W`mxe\ZU_=,8y[}\\\0m߰~ٝ}#Gc%ݕ(YFXܞbkrOpf[j@o>$;E\n#Tڇ}p$0}%mAZ3B\0|Q%*g7Qmtմ=ONz?@BHs:7}t!G^X?U^X*LVaw+?3=Z>RT]7ɜy{zdE_ءI3(y)i`\"CC=#T#\0&#aJ0\0%r<5Vy\ZM5#BfQ=O/S\0T.Qο.^ꋭ#h@T{~\'?]/6SUjZ}P4Vm%\nr7r$7>%lz {̧Kk+{j~$́\nyh[,\nH9̡\0{KhfvX*;@(\Z\0;6[|~a.H;jX(~iK=5#c$zӵΫ.88.:g:=(>&v׷x\"V;VGC$H\0fxH*Y*@.TX(KI$$%B	p*b$I\0$|(feJHC`n0҉$vm+ٺ`ԱrS8wnp3 spt1h=}2Y;131&Dշ\ns|n=n\\[bVS5OIy!Qfk]K\'xi.11v-^6Wc\0fsk+	[?lԓ;LVpgKC^&IfET\\3zhGh/1_N̻SbU_Z2~aneȊ6Xm9rI6mсT)`ck:|~h\"rq.*E),9-vXX/\0CcQJ\0?łG48r`Uy}ϫLT=\"kFivn1YO8SOT&\0$Pq^]I;Zƅl+sHJtL}pc3T|Lr^X\"b*$ZU|h81+٢mU[r[Jff{rO1:\nu4kUٛ7#ٹvA<\"&qzxfc&>#x1sAg2\0:89-\'Di\\y߉5nq\"?v8I:jԋa{ݻwvE\Z9H[doL\0m\'#jKĎxa/M`:ͣ1pO?Ep]@@2;fr)\\ѻxM9rD8.zVsinjԀ#\nѰ2ja@9[=	D-g*\ndd[\0z%KfT^WUG\0npO,F{>/\r	d\nԹ#a(v:2Ǚm+Tf+ə3Rh_c8#*90g%Ucaٙ>f*GșEvcVe6<c$b[-u%FfX#k	s\\\rA[Wg*G2 s+<M:&)2I\'eЭT8F#$~\'WQ]9y.Iśe%\Ze>G[Ebܳŉԑ^Пp-vYc.ѳSTߵc0(=;	CG}MUXS>ϓ2ŰmS<0oj6H=%jb;ŚjNP>wwc:#VVOFK%sqG9lNe(qj<vSՒT)Ms;4X\n+r\Z)?#ưp8foH\'~n߃XGr~٭ҡP5Qj:;[c<	庿Wu,;:xM+ӨXFcf$0Y1D!]B6C{=7cK5NJ8\\OPQmº*nQȐf\nrpy!Ew\rCkF_<Xۺù䟜E+[VH->+ٍg\0jչ5ĳ$Ҿ#4\ZNPmⅆ\r8+Zv߈ΧzԵFx3dw[4J*\0t]څ,\\%43u\Z3jފhnvU\Z\0g@[twDkvm:[!UVA:4%w<AE6?KZR\00rѬ]=^+]:w<-w\n/Vu9J3R՚-99+%eU魖VUop[5;pa5k+}q¬<vM!IeGo\ryӸJYm}ڒ`3=}+u=@;Pwy?e$9ǜF(_kwmi_[U5%zb\\o8vYZ\rD5-NiYJ1V*1s\ZFֶzqMPnߩjҡ94\'Q\r+!FJ9_E)[-ELX67b~=Os<+z\"nRN>\"L2㸞LՃlT	^(Gs)5Uq?PݭcRӒ<y\"y%3bVc혵:aU>WޢǰpU[(k/fJf_C]ֵ\rWWN\037q\"[uow̴eJWju::LB6?]Bh\\znx\0ӣPQs]\\U}SYA[f&{,V.H\'KKWҝV7R\'3Ut-\ZT^/5uf2;SKfW=ѯm>KMoPp3ʪ`SuɨG,΅zĩ.-Pkn2u.p,9+WXф;O!\Zy\0\".vv%ھ1.SOҒ#(OFfw2_hPBGrNZҧ9^mۈUuvr|	og !:ۖ;ݸi4xDL`{3ܨ#EBVͮ耨#j\0hc\\	`\'xԱ<b}ǟftو\rRf)̳\n0L#\00\"\0FT\0KRg\01L}f4#mFj^GC!I7PYʌ|~	bs?Qu(tmU1?2u+j*@G dFgž%o\n{[Lԣ9JWp=-M@᳏h.f#!龛qA\0=Q\0oLTXqzہЮj\0R͠\\}=Ԇk)	,E\0\0эӵZ?@}4s?aG\'\0!$ I .A$C.I%,Kx@e$rI.$I\0yL˶ZoḽkvD6\rߓ[qnIkβ(ٵ^.seO9R$}@e6yS*,?Tpq].xc\03rmlTW\nx961A<v?%-\r3EZ|΋T&eDK9>ѤT3*Ի\0PN&xs({C<s|{.rL3\'KW{	Og9~~JT<+{7ߪZZo-[XRIձP.>|Vt4v\0,~\'$!}IG].N^9iͻn]9\'f,|eztػ1#\Zf`\\E#*jW:|#znŗ\"&P{\nqPq}P	4ZCUgKFsP;LW93E\n71tF{FÐb[sq;ъ[6Rg	c#1\Z%m9\0zjrD\r6-(~cA<h1w9p̽pfDPQ\0 `D;I<B,g,R*)A\0%^FҤc1jVu,3PBʧ;O>!SvWe+ي8.qNyT&}?g3J67T2J<hQ9W\0cEN|Ίi`hMZ`)/ҥs;c0Y,>|lq;yhƭf+?IPqdՓg3N삭3\"!N┽0T*c+#joh<(!k8rp{H.\\5F$8}&֣]i#AzeDȜ^>$[ʅ9R2Lm@0ģ܈>w>|AM$\'C̺c\rqJ,-\Z\"ж0?9/{Ӟ?H5\Z?37OG ֠\0|8Z=:@d^	ʠJ֭14&3»C8,M[&Z\n1)D; FđVz΍q]&Kf 3VKTIyl.u>[.]Y@ʂ%tZ \"}6?WSb+\"xߨ>4y9\0Qub̮ޝ<q9ͥ+w$l@O?pz:d*D[R=N**Fx\rw\\d؋Zr,ˤ2RȨ͵X?vmwAwY}zBޗGy=S]V[ss~\'kWe4iu8ZNJe݂f9QsUw$?kQe{fb\\d3\'-M+xIj|-R`㢁M}3_oK֮Fz@qEOcd\"ltmZJs`	^zH@|=U|c	Rp%-FG;C;CXE) 4ǥgCM΢\\܉Ulo2եjucKzT2YO5=F-zL%f}Ŏݩ{;w> ߃`QuN9~i[wp8Ϙ*{dgTr\0y5ض,	wӵn@vb\ZVEݦԱh6n{CRk=y\"sK5nV3X8㼁}LxbB5)@v<8z5GKJ,8jW.-]4z_~j4\0V#+׾Ucrt+zEWܝeXL8I7GCV>My57Үsչ5va$.x8cu!1^v4?Qz_LjzeIK@\'%ERa~+DWVk0>c}e]$K҃X\rygc4:>%\\37Qg%lI8M᭻h=E4MgL|Z@\'o #\0L2V?yӣ)=z.Rvkҵ}dQf\\Vǿ42odr\'QBwnF%}\rFhuU}l~Ӧ+eXxm\rZvLwNckn36\ZMaҲޞMuW5&fWF\r[Ȯ\r~L2V</r,MCe>RJ2[*euE}\0RM_kN}dܙ&V\Z@M>-`[+}/EE#oN}.D޶sYGq6~T+A_Lsf8iϣZ:Zz5YF;2N(6u\Z{6F9ҥUx-cr[\07#-pp)^)IOf\\-R{\ZU^G9#\"}\0U~gv&UgGR-^cLg䓎%&D3д][MN3y9GX0g#G{c<!T\"gy)Ƌ11`K^\0aaxD\0*L\0`C*\0\ZcX0UGYȘ*=ڌC;H%.2AtYѮ}UV9$8|G֎͸ߎcC>{!B|	ljjզ\0\"EݴK+jjzOAY\'MV\0[V	J& ySWa;\0Q0-\nS̯D5?0q)80޺Sz\0Gi3ƗLETs`\03\'IӍ7Hң+mXFRrX\r\Z@d2.Wr@Ip)B\\A.I $\\`XI#K.$I\0Kq{D?yɟEDM1,Xqyy9zs43&}kn;L+885\r6\\wH,ߦ\n4ɰe\\Tyu`gzm0}W.\\繍vȎng4n	[%B)%s3S6zUlR\0@J~Vhm}<ֵj}}Vry?֮#\ra9t[#2r6Ѥ)\Z+n8qrrO麯YE,?WL2N=Av(7ytrvhǘN5-u>LjuǷ\rZEG_(qn}rYѥ\Z%mmѭ#ejvyl䉀eO{.M36A=$V풤261;xT<VG3B<sklL죏2=:\0@=BMfi\'<M-ʑ3Q+$jHb0rt_F\\r\0G8=VjwsOys?\'`5褮yO8۩ǌgloMyI8-uŷg>&[ar٩&]kgONva	i(7m\nN_eV,>vR}VŪ6{EjiCxE`YA|2QV-\0\0o]|Ck\n18cj˺/MfotxDtd8n4M3qV	<Y\r2\01\\q\rly~d9+4QՍ&\nK7hX}N?ۈ޵_O\Zb%8pBFTc0,a\Z\n\07e˶T~~&/ZiKAhvĳc@ĸ:`;\"k[*a\0y+Q\\m#\"7\r@muoR0=QWUG(j<1\Zݙ:H$Wc/rكvC~6+g\'zThʯɖ0x+ ve1{HW׫ηL48\n$͖vF|Nѻ`\Z0j	rWJ\0\0b~c\nҙ\0<MR3c\\;@CFt앺\0NPWM~*A\'\'IT|p\0)/D195ZmBzbU99;߉t3ӟ8ʌvϐtL,-9mQuQ!}DZVצhǿ\0αgONrt{3~>NlIs|\r]*ن8\r$،B\0<sF\'C@^CoX0>\",rk	vD=7Ԑs_b8@j\\MH^֡pz_S<3Jz/3ߥH`Ϫ,~=@}Jϒ|L0=LYWs3^KMT\Zrs|F[ET9L1m]D*T$hۧZHڊIvF6\\\ZOBi;*9Uyr{J08=̣H\08\0:O#gNEuRBj3_\'Y9\'=ea`y8\0/iee\Zz)1c 0N\02+:CwWQp~>gOK!c={z2hj~ִdf{Ge>ݪG\r7p1jZB[]oia#YPjSB]To%-:FF([ؚTr{LikWNIuoEiwA9vKQ^W0U8C.׽SfP=?osUlK8;[X6Jm5m>$euYۛ1gGIf@U)\0\03U=K:m}7оG{=%[壙UF޼ѧҵڥq:;iPuZ7j]U]6sNqOj\ZJQ^_w\0[Gg8<t?AMwzùھcM-yǃdZG-+[MltmKmVJB_|NU%ȉkVbֺ5Z~zj~:\"#]!KSSumCi\0BԾD7VLIUHrX^et)]VOXN7_H\r&JHi76Y6,[n[Ef=})BiJeǙhw48-|čf?{w-VQ>\0ڦg\'\0\raFJa4{XaS玲[H?tsɜ)l\0sO+NwZ4z\Z\r6o6/qo^&1SEC{AKIlgj,V_ou-=δ`Aʨ34Wg4֫+ӹ] qݎm:؝\0niՀfNA^FW2iXsFH-(jǹ2ǳ΅FP^\'*2f\'\\n4)are2.QZEV\r>FcUNxb`O?jWNxeSoK*>oAߴK!uE&\09K>Jyp)Z݋k!BM2g|/P&VͺѬ}iEe~\09G]};]_\\>L6\0|/	a`E3\rQdȔ71V&;EXo~I!ʇF\\E1|6L7PFcRL# @	\n	*x<E\04x]\'5yĴK5PW/>idUҩ~},)E6H\"פH#@|xÀ<7]0+m&\'o%6\"@@\\m,#\'Uߒ;z=C@Y8\rsۙqvWtʀTp>	&Ҷȟ}?vLq$`##f*I$*\\XTr\0,BĒI$$\0I$1by6p8_˙\\PS(0ݳq<$o-0=fdj>`g޸5ڃ+qj\n0!r8A\'x9ң>6ǲ0d*q,ou\nј\\Yx?eiVڏLҟys7ttF+h!y<]a[\0<DYiT,?cVuELMV#:gvɏ\n]wr\':=o:j\'\"vLt	:4jTP~q-6*CO\r\'f-+3V.PwiMZ3=9}A\0ɚܐ$ika#ٌbpPv{yu.(ɷcd^x̛G`iȁ73n	PAҼ\\-DQ][=1*1)B7c\'`Ad+`1QQ;qK0=3Cu%yB9M˨:S3\'I8֎~x=HH^rr;Hăq:y\0L˪.@0>DkK\",멋8	ɖqS2~lN;bjBqfvG{ND٪\\F-<}*;A\ZV&ɝxRdUcG\Z\\VU^<		Zf\'ʁ)x.i\r9]]^gDi28t\n*cwi1Ni=jC)UUFHQ{{k+@rDamGu%UZiتVp֟$V?S3:!L<|L74F-ckqDUH\'Xܻgc3z=ݨ_N|W\'kQ|®.[NtrO3s2$\ZVIx1Mj/\'d[E\0g\\Vh\rm&.D[x*>nRr&zG]1W3n@FSWRJ:\"wN>;l]vMi,>fj	oQ|됷a1Ih0vvjӇԠW=4{x-@fgv9Ra%xYj(㿉u@EHH[RK{:ZI彋ssmL/q Lr*L	Ap,iu-ػ-zc	-X!vxoLb@YQQ*m^@m|NoZѧPXh</__>?H脭\0\0S_Wo׾\'gXLZSJؤ1tό#Ghdj+n\'#;2A7\0oȃ]{>=0T1@sgUcm۳\'D>N[[*|FJiEx!+:+Фp2\'3Bm͞K8=LϴVp~2]wXؕ\0`UV9ǙYZ!\\b4.n=rrg&Of=:TXNoTi\'Cr<	71pO֖$jŶ+89`\n{eIvPV4/pU2# 9NQߤuZ8ev\'$Cp=+Cc\Z.TqF;yۨUFq\rTjZHl1h֫w9rO[Wjґu{}=jvu\nMjFT\0e+v__Gu.U+9[gM+	۫@)wǈWwSH7zM}ESS%G=zmTU^WcOo*\'fPjSx3g٢Ԍ f	M)`	}]-WNI~&褎)z8!Ŷs:\0s~SX4_Xi[u/^Y1ZT6ﵼ	CaIf>m[~M\0p	c3Sk}Uu[MOY5\Z6V*91Z}-`#Z*1~Ɯ٭~AUa$yZoŌMڭMgMQ\0#V1\0{MT.83ټUޠ+_\'\\M\r5\0+5Fib|F\"}ߎ[hKуWezBsf5t\n)a\r0t_l9-*ؽ	Uj.|թM6k~S<6>5+7oտKK?lMWP0w֊V\'Qaba~CҥT\0;MTu쬌[Κv]#Ă҄əe$h\ZMAK>q7Q\\+rݣ?]XJu=5.Տuw8ft-ewlr1GsQREki~Z_@z(+ܵQeS=<kI=9\ZΆ\\:\r	3N2q\"z	re0գR8vt\0<3NW8MfR=ڻ!ω8K2Ԝr\'hO@?	gA-h1P8#0둁*elgA,{51B۲#hs\0h&XD!F\0\\1\0CՙfD5Vq)ͨx\\`Ixsj	e\"!_Q^Q\"}`lS<.M]\0@,cbddAs.xXMQ͸#WnqjۻgLB\03-Fղ~%)-u?vTdb3=?\Z/3ucc>ɃT$A=3,2362I%2KH.P`\"ĒI%ʗ\0$KDI e=ME7x1L٬EY8D|N7).{.gMѥ5rDFII\\Rٓĺ609eYB|f&W$;\\ѽX9ׅ>|-=m=K#i춐\ZRόn[VsxlB#XaVI%fviKHqgJkqs=I\r@\nq麨jUؐ۱jk)dC^J45ʠ.+ns%8ۏlquet3s1ģFgh8mY*b/M),c*8\0) vffw	Ι1V=Jl[f]LG,N&\03jqێ%i`elNR<fgE!,3>TUYоMN4+qL=b[Br2kJrA[ا\"U++JKvZPxE<5rhE޹NF$m:dnMlFz~S7n gbCTfRVא\0Jܤmf`61QƖٟ9_͉Z`\0\0G9vȗPa<B)ʯxUkh!槱tr$ YI<F-YÍ0080;{j,d@@&\'`>gBX`ء\n0<01)HVud]4p>wQmaUªV+\rKm}=ЛzPNvT?BTѠ**X9S*\rlM9zfIOtO*{N`pSzK^PG\'vU(\np3̮lk6힓O[Ekgߎg;O,\"?ۧ}j\Z3Kvh(8+]V.]mW駁jA`3U41jjRE_|LL^x%C`nR\')RշҸ\';F)8fW:ΫW[b&V6Yub`g}pvy@2$_ң譲C-i:\\Fȱ}E@B5!mw2V	Eh48OMV֦^wMWJ}Ǿg,r9/1tv/hT\\~ьM_%ee:@F<C:u\r={37hY6_\r/C2`|4i暅{2{V\0H@V+Qn*igZKfI)52=VZMӨ};aNiXi,\"(>**F9^Vϓvt}DO-GUWPݰOӵbedƚ^HWnJo;M]X>PH\nj2ԣ\ZW]uu;%_*<C?+a	jdocF-;0Oh\\)axψ-Օ*y3\'`]bSOSi\'plo\0U0t<|.*\Z;w/\09$ϓPoѽO[O{7$~q)jaŜԩFu]|AsǙRR\0-@V2坻,1٢\Zgjn5T,I:8{Giѫ3ʎӖ~lSѬq/gt 5ep\'w},{OzW JJv?6r_RH4*Wn8j\"}$T^	1)i2\'3?l93uA+!\\m͔\rS}\0XtG+\\\njQs\"5us53\r8]Fnٚ赡:N0\0y%~y\rv4r3۪fsяb3V6z|v?{PQ$0co6RW?`e1W2N#Jݡ.j>$j**\'InޑlNBJ/ݙ}$kқA#4fS5GÜv\"5۶V\rOj<\0P:h4]*<?CgyOsiQa8܄qdj3S:^6;\0zJ+/g_S%}}څve%ݖ6~aVݼĮ%t|*@lcѮZ3ۻYjiBk$ahE;43}xњU/feP\nx~`\\pOc0xSo}\'~tR@2~[yM@I\'\0\'?S{)?_s\nz<x\0hQtoڢ{KՋKbZPgCEgtG\0R]nu9(W\rY-NU/ϰnݞK\0L\0ڹb)3JT鮕^ԐO%G`H4ѹN;hіk\Zv v\\8Ȓ:5@ǈL<EN@\nW YA;#4$\rA=ЇM!\"F;ͱHtz_ymX~\'_jj~gpϦ\0Da3s1M\0\0D0ŞP1#<#@e\0Q{\"0Ĺ\"KjMrft4&nLJ wrJЊ><3-;IPgIcuZq;\"ݲT6OFm3T}Fw;|W`{q)rj\0e.`6`)\0±a\'j\0_}_\\Z3>8\0<E e$EƋ2Yh*3%$\\R%.4\"ı(BI%1$@	$C\0IG2~c55VـroֽvyVx:7ō:AN+N$`fyftK\nf\'@90xO\ZoE)1Tze?eOĬ1MDYY92ͦƘ]jԙ\'$qp0{Y4JgG;یӺ妍kvlg M1KU	RE6c8e;w8;)cI\\ds(겣Wrk3cyo?GB?qan/HTtM``X̖6&ҭz5y&u5>B9>LCQteYkvC,2[rڞfUg\\͡B\rsNny+n#=q/&-+֋5*1Ԇñ~\'LyA}`[bEW9-rI\'&głe$xѬbCLڮ91kBs\"l9pHiU^o0(82E(4CNŽ`cRd25wy;5kܦ-*237gh8*J8[CW`9:L,[pD$+e(_ԣdSJ*B\nq!3qtJNONLML2(wgfowˌcgANyp\'e5]߉H73qcɮzlSAɍoc13?Te\\k3F7lLFs&XkFVBqp*flUOw[2Kܩk+O\'*\n\"Fj\\Hr4-tg3]u8;~>`!/a[cDR&	RĈ;#2W &mKZ\r67\Z^٥0x=5NG#m	~$FR3ԵhPDXn8QyXuM5șfTJ5:W\0<Mm.3<H>g[}{@$ۤTu*`;M(\0QăE5s:Ano1LJB:e#k1PzK:rjݛ&smַ>!P0oUת֩`z$i5eֆUzvIYU\\d0PjZ52FS]ҕNSGGw޴t>\0\'u]7!Yjܭ>\0Qht:p,&0ϋ<5\Z!޽>Qoj0=7tݚyUxkM^Ȼn]J6𣹘0ZAN*&3Qin vNyi/4wismAϙ\"׫G&	QjZS--z_x R\\z#\"o{M+>8Զykk6e{sDd5XN\ZJBPfrs:B&\r=I9:u:ڡK.2J#H\0\"/@1`EV-b|F\0~b@\r}\"L\rHpOo1v63U#2_vW[ǿKal}LVH1,jQayL,Fa.zxK/kӋs{4jsX,^XW-RIF->;Op~1EfZ1u#izxGhM}챗\'#tZ-d[^hX=&֊,\rC~\0Ls44nl=݇<NGj=ZB׻\n}3(c(\'\">HcIZ֖wIʜ\0\0=3VUHӥ`HfhuhFKpQ1;5u1jV>[biW!Lz:?RҔ!6̜e>Qf\nuZzň\0Iff\"؀+0s4(1֟&fTZmV![%Z)\"-[h1]`m8<Z6B}M`5/uBةAch}+;\0	^{>s3z]>x~r{MzBJQc:{|CL\rEZqz*X)aեBSR;p#SV([f0k%6fVQx\"R@S;vo.L=X8\rteV}IA9:)s>g`kiOk\0qۂ\0\Z註غ5xSζZlGMzs\nXʠiF$M*ZkCVܟx+v0{D;MߥܚK`a^jZ;ifq^ wQ;U;73ͧf:&%DeGxI~]pk@s9z1{]w&O߾Fx\"d-f+&.jtje5HItwdr\'h6sg{ϣ>o(22\0a0Ebc2ɍU\0F	FR̨$ \r^Es:wHQ<v4OMt\'Ng\0Upv˧Q3#rzlߘjV+\0![j	$Bf(KNݥ^el@}NGxiZq,;?+Q&ncӴG?ؾGMK+STrF!\06d&#*f2K,@d(K.T\\!(K;˓b0.I%\"KB16;LsMrCHqV[g&_jkXs>fk5Gtk\ZfI8hݸ0ɗFƌ[49ڜ<I=KbGt{y{=kJ}?ta19lnlHNnJ;$#;5jkm=Dw=1Ib5`>A\"uA)*d_bݿpuԬHՒ*\nȔhu5OĶ1||l\\,w++b08sS7Rc\0vuc	QOa6\\II=\ntV4<ɚ=)eXqu~6\0uМ\Zbf{5v\n1P8SVbcL׊ݓoo&Uwb1bA^[:8ў}s\Z-ā3,v693)hao:6EeT9슩R1{FDF7RYG1D|Kfq9zŗ(nFgHʉBk8<ΐeLBEZpg+3P%].sQQVT0waN4L`Wk`\0ci4֯rd>ўӝI%2<}zÅUj~#EQwDfjY1K9\nFWh\"!\'H;\n1dKZ_$nM5ԸLגHWlp;Cn\'3[3^IMMyY.\n}CP,jBG8$NO^b2X8jRry ?3}*31xry	O`)	kwNxI*vGSP+g}mCM=(0(\'.\\.\'2uQi]?W͙Of=V[Q&qM.	FQF7q Os\\}s`721b5V\0VnVޙrFYlD\0`2#OfO!]C+>/c{8zNm\0oaTYL\Z[Il#6`Ņ[.S+h\'wՆx݀JC-cIa\'~bTZqJd~O\02\rhv-9^vmzr$|\';v\\NnW!ҵM51{K}%Uj^\0q*z.6?tp5Yl\"3#]V,?K+,ˊuZ)k\"5N<vhR\nZ7!>ah\Z~b)\'&KtDKV3[,;T3oN^O<Lճ n3\'f<RfVY#3 uNRҋoV;P\r\riUnvl66+1{:;3w]pǌP}ڬ5I崉ƷT=B]շq<AfS`,ͺ5\nͮQEPI,ꃦy*aHA\nciZڏSX҆@-c\0sbhii菷89\nѯ$a2\reLSp#-zҩw\0Gt*XQrTNu2f{ME.J\nMWyJjg;Sc_`G\'CI*} C&7r.Rո(T>fUԭ,i:k4j\Z	g)65A+y29kuR\0p|	jkr\nkt/O6Xd0:OV:ej$g.oĴ޻9%\"3놊g7Qђ2ʣ8\"(\0:Aٞyu-յٌx7j-<v+/#Q]¡9Ncib>acԝ-ze:}f܋1:㏡\0z3!gk0Gi6;sx{OMKH9)2p?lzzf1ʷP\00ΣU\\Y6þQFV8\0nVj3NA\'$nFn$$	}\npr$RW}%^bc#~u#wsܭ;\Z:*nlF~LXڦ_jqZ1[,6+9uufWӵq~$qgBh\\tնbZ0ǜ	Ԥ{Gʱ8D\0:hN;621,:Cj*?۪|KM+g4ztz?\\,G&NUZaNUjm%5.VPl^vg/\'5RFE~\'}vOy#hmRqvn%Z~ϱ]zE6yJh_maR9Uc$kM*.y`jnL\0	wYl!Fse*u죹Т,^v(OLZ]޽;XGyhujY7~ךt(\\+VhAf]Fۜns*\0f]ĺ\0Sм(\0\rmRUZnhaCÍEڭ.UGCFHIXjԨR1/Ɨt::/컱O&;9:gSISdw|&[{pn<AAki?Iq-FP]MZhQ+=&J)}&춒:A\'m9$ȖٴS]֪HQhcCW#o*ȝ\ZWORAR9-0Ì<4M\'2&ң5rlV\0OPJVl;PrO$73?,Ft`f	\0`, *D.\0L%,0\0LDA  zD,z@FLԳ%&j^)$<3LuI[	S~P?GkWqVw`N#@g>rbd\"66?\Z\06	\'̅Z%w>ݤvdڡ\'\'O][<ᨕω?P~ӻ dF!2KIF\\\0cEd.T2H$ 2ĹCpKB$b,v%	b\0Ir\"8,@q!1ŜO.XRv+|_ו$sK$So`=\0[ey<N):vpDn\"\n;{G̏K9I h@pDϦƤ\nҡs[\r#;ӠJ<Bv5dqm\r=7b,MdGAr8\0Ԑű	sI1GSv&U{]mYw7i-nȘ4<h޷3)?Mmg\"c6CD_F=鍁afSB<nj?Rk?S^­Q?NtuW&l$=1j\rk9z\r	\"tҖnݞ9tf%II%%k&>|z\01/Vy\\q~Gf2\"X83;ӛMbKkҍ9l*ln}}8*W\09=2rwtA bXT!8N#>onSMܬÜݨ&\0TEYO`g/iv\'bzK\'+fG:PzmVL7\\\rtS誴YBXʴ*ZpijU|)3L3`IPZ$NgG\02Sg38D!n{jROxk6\0!\'Q9_`F_a\0P1Z`ۮϰmAi3oOmޤy_WqǇ-|O8-]_L=tS7(ŕ̚}ͦW\nA#XflM|6h̴5[3*ϴ3iٵ[`Qc[^GMQQKg#ll?R9=fVs,W5oc_Tk>}S>(W|N}\Z]FùF<MhI%!&#\nj0P?3-=nWTS㑙M\rˀ<eb?@\089u-mkmfw1\'Kj<voԪq3Q\0ރ^jP$P+PN`L(r)ze 	f|rY\nT1Fo4X>8\n&Iz\0hOeva5^ףF*\0M$brZjQK{s,<\ZG>E.Ju\n#a9:}Z#RؖGѽ2\"3HM0_Դ}AX):_Q\Z+`cɅm\'̬Gn5n*7;$]Y$M~EtfA[ܿmA Yy#,hVܱ4qFrHv^U8j7zPW_k\Zޣf5Mx7zKFGN?Ğj>΂ihT[lǁ:}=U2}6;qM8Ei;㧢խgOq<ۡuT:VN%=DdUgp\0fSl\Z\Zz,kps/\0ң>mԭ}ka1z:h]uHnVmhcJHOUVރ*zkS\0JL͆׸\nv_\02#U[N[ڬw:2HdPYlo\ZVhVEvVŃ{VӴ\nos:JGWW±f$缾Z	Ymsu=.iginzn<mZ{+V?)UMVDC^WLJ0n1HnO#&\n9{(pDY8\\Gi?L-e.ݷɜU*R}\\Zd6KQSvYQUq]ҍϤ\Z[),ϸs`\"udc]~pVUEZ88.$͛MQrRZM\ZMeQ\0OktJ-wɰ(\r	j&F59ܿo\Zq\r@Obx1-FNνYZEv\'cN4èZo7\0tړ6i}u7խMJԟk5T1\n\ZL9r\0^Am:PԿw}Goj՞٫8a~fvIj\'!G?7jU~hU괪v\0vr:N:;>tmMP\0=K/8:\\k[{ߢKv5^RԣiFhғgרm;r(2TuqRcM[f	yCЮ<5n@pq:Vzuuk4qn?:GUZV#?mshti[\rkr\0̽KPZUڕ1$56UR,ܢmݕ\r2&h׸ݓUrlboY*ۧ⥃Ko@U \0\0Mz]It4s3Mmr\Zuir6[d&ino9`>u\\.\'oIt55Y>ĺtSQUcN\09FG0Es5C\0VJNOv5ňxsV\0մ\nk5/XY=z:F>\\3LLE\Zrr0yIeZ.x?Q^\ny\0Ξַ-HJke\07K~eovX{G\ZO]Oj$Fhh>SOFŞdѓ\\lWbv,Ib!|$Dkf2sm9,ɯWuzZInkQmɃЌ㓙oG^BɝS߶\'I3ӛL3c\0L0\Ző\ZF`?s\Z\0*	0a&\0Q,`0q,I bV:Oi{Lthxa$C_5i\0l6bj/az\0îd^A>++J_goM\0-jXA0#fWhk3MLJJXs3\0Hh{XTIMO7\\1p\Z}}|,	(˔b\0\Z$&LHd%K˒I#RB\nI$*\\\0%K\"McS.gH seK	nQTo\Z2궲<t*&\0\rnhc:B0cm\'&X1\'&!U\"\\ANg&ZnmHܞFt\nµod0ȎdQQp%pi\r$V)CEDk,;UFIU\\ڜ5m؏3)\ZSbpcR\\s_OPAYp3ci.[2uP<E7x9?1N83IDD`Wspx34uD\0hXĠ\0N:RVE\\)\0\0zm5*T$Lb;&lLa㺶sF*5@:fNeBb{55b|Iŕ^Q!1ēϬ]E\0̾\\U\\]A9S1WQfvňsZ5QZۆ87Е$vBJ2|fZ$?\ZZaANV07sLҹ6\"zT%WC\0l<w1rFY}h\Zg(Ҫ=fJϟe9i֛^I\'Զz-*Tu6zgG}v.dUy Y^A<zkDWnOpTeg=p17bGUіV걽y*ީKQ{7.R4#vO:>WF\';YZ~f_XDS6鉫cwz-vaF;MCt;4sqK5ujm}r9:	P=\0^sV	9cth6!%Qqi<AF\'ٝު.̻@K2OlMvL*Bz<s3*SRDye̶rvIBkhz~K$X;^##tN7cehu[ń|-XTz:Jo\Z5$M[Q<ܢ`ٗ]pNHǉDy3\'RWҡ6	>LwLyY)TucP;)u>%7DRn\'30iYaG;69?\n0g?&2\ZcugUJbls\'DL2>A=p\017h+sT%<,wgLr&~s:=O9o^S7h(\0`bږF&]mh\\r&cL;Jn-8m`	Ѧ^VG3֬X {l#3WO/S&x\"]:u5<S\0#W+L\'[`ߘl\Z:j5autevj\ZmifBLsR1|E6+T|MUe a:n]ϴmoG+Pr?\'6l-8l9jt.l9\\N\"FTki;mZf#iӮXG+:q[2Rz2^xGO]׿Im\0vp\'P]Vl5F]HLj\nlj|C%WտxrQ5iY\0ܬ}v>InF@9M[hQ}5Gj+P2תu\"W͊Hb?*^4nKj`ڟѳcuw#q)u]lY~UfjntҝF\0tr|{4LU\Z}@98ׯUY/U2צEME3Vh4~\nj\\Kib9Ȉ\Z4<4[v)އ?țlԆ	P>\Z3twMj9,qMF~WriV>%=c#9ѵ	]fhp?-m]~j+d|KSu=G.2/B1\"j5Dn\009VWq;:\r~,JTl\\y>5KPrD۟5hVhc+bj\\ۘV6YcVYzuܦk\0UvXE\\џh\ZEz=cWvH7c\"uNqU\nUmd}7g|FSk*F,h::MUZ#t~`KPxppe hU\ndfrFсc}ZX^ʸסmԛPێ{*i\nM(=ɳA3niu]6ͼY\'!,N12jl%O7Yeoja0\01IfBz7Xd/:u._֦Grz-H-FjhVw.qݬ>`~_{g\0{E@6*Aimt[CWV0?qL+fauE;s2.\0=ս}9&V9$f?z%H=~3$$oJ>AM*OGGnjKPq9\0+VΗ=>̫Z;|\0u0:~Kܣ8J1]b>K@u6it :o5UQ \0KZ~c1,}^$3tZ3WOE	mU\n`}USvg:[F\Z\\1E,WWaE~\'~$qn#QZ][M؛]V?ܯ<	ߢ\Z}>?>0[ClUQTdd3:\0kXmůi;O?kEs1z\r\nŞ<M5QsU}W6z?j魶eKߴ/bd-pVk+U]:{=JOٔr/߈)]GO髇N6}206ޠI88]tmYB).\ntv(Ku2T{b-=<u]=~q\06ŉ%.Dq<GM-c!G&<\"Oxr`l0hf	0$Q2 \00L0\0d**I\0W%{V95q5!3-},dI2D:+2\rg\0]Ww,~`?S$\n101bv\rF@	xA}pXB\rml\0X)|ϥ\0D-2V}[!Z^ /&5#)2-#$$.Q\0hE,IRK. .I$ rI,F$%ʗ(	ǘpsfnAn̜QYV<y\"c 0͹#6s/S;9mִX+\Zr(*FЍ.#Mz^\0\'ճ(ߤ-^C\rˣL%^6Bf ĳdNS^dݧz]g\r1M:zr`fǩ%`.YѬPU7$k\"s+՟iҹ:g1\'OpB&dԂ*c~T^GR)Swp08=~&\rE7}F$shPfǸahj-a 3PZ\"cUUc:r6v&kQR\0N3.l7`άpȔ>(k,ܥ P_\'\n\0_\'`-f\\&g\0j aω۔a\'Jkwu{-~%ɱy5\nTc&8zNVx@M7봵U)9$M5iꢰ(qdOB?OeB,{XqSGWEy/|ˆ䣁ZS+yB}+i*35 o\0*!H>L^@-\0 i3̝;#lViծ1=ncfYBgӖxZCRUs\0	vfpPvKRdsc`T\rn;X˳pF	 M~Zˁ,3Qq[Fk1n{#.t㠌h{W+^ݿHw`νcاV2JH{.?WcA92k`Z95mp#4ZU(Q}O<26n\'Dss3i14c69޷V#օA\0̼{BQM~s,5k\r}}a)=.)1/#og휥ږ!);O8;L#jؘu:\Z;Hb`ujʞM&S6y	\n8@T}~L:Qb2EVZԮF\0sI4ɖ5P8ĢIdsy\0٥HV&i\0m۟b,	ݏNMi/Oo3Ꙭ#3@5o?YT4Q>~f1\ny\"ytLUmuT-+Iǈ6(\'\Zͻ!1P\rr(L/c)LɚdԱfgKfOHY`*<xEJqŎ\r;fOnS1ۜp70o+M{LrU[b@uWK\"o]3G\"\08;5K\0\rb6;d\n	~Zrz,qU|fa#&auT:\"v4.Kؓ0k,0Dp*LND^Kqf]SOfO<k_GXv	k,LafFѐFwI[XeOjy#[Cq>d)I-:~>4q^+즢_]Z7ԡ-t7W>b:ݦnAkfߩIսbש3k)QXEO2Wh<V[PjlnĮ:.4D֗Pt<s4hiQYkۧվPV8{몯N(<`A1sN>csi6NS[a~k$3m)ف>B;]JuAkRd|׾s{O㓱н=BچF[Mp j_]WdSnܭqz~մιs7RU\0cӨھq]^2O g>&^]ev6~3/]7hGXOKv;6l\'t0s|N@S0t=QNm\'huZ5gE\\.=əM{WZU}$NN8g]]uDp\0?3ғI]ABҺe[Iڻ9{7KF]Fl_T`8Ī\ZU\0Fs:}i_T\r\0GkYH<JzWHfvS0:5#o%nߣa爣YH$p&J4!V,aiB4\0_o:F5\Zr֫5[1..lSsWX,kO-7\'c꾫WZʿӠ	Oծ}ZKQР9+4c]G>=WOnW5{(>w|e:5)j]`[j4	fJ/|9,)\0׳W:d{-q^LIiS]jwd՟y;>:jj[hw\'Wa;rt4*CfP54V!\r~Est\Z{\0V<QI uou\Z]^(w_\rP1U}U⮧Vy>\ZQI;zy#\0w\03nmE7>Eoo5G#h.Ekztlr836ۧדf=uYj&7թrYy1\Z2=MӵbX VpωETjYbNYw\\tFl`.q+F0l_`kt\Z\0g,>Ʊ}]|\"+z\0<	K^@tԝFRYv\r)E@˦ZfT^>L]7\0t\raq:NܜO\'\0=iأɞ6YgQΕ0\0!Q\0Iw\0\00f\0,0ʘ%L\n	*\\$H\0CjE,m}KeҭZ%$ ?\0~e}Y~nT¯kN\ZK䂠\\>v=}BTjRN)mt$8d]HQc\rzOq\04lX>[>P`Hc>,5!A^Q(\04\r,TI 	$2I$T%\"ʖ#H \"I@H$f2ebXjEǛ\nJˋ3>L\Z%sG\"Q3DsLt\n#Qt˖*ױT[hs|}))mQǈRO}?&\\)CMZv${oB\"J\rrlK`=+ܻXItn8=i\ZgV2TBvg6Vޑ`<NL:U\Z\Znryb[?Mq\'Q{/5zXL}1c}5\0 `XM5f5D[\"rOq5>nv*@\'h<qR>ߌEjnx*+AkI:dk)\Z&)rys93Wa:ّZ)ƂUș5T?,5\0UN|M;ط\n3M*EyαYMOYb3>MTg[Tmt\"jOO8=Wgӊ1*##mZ+P^?8؛-T)3bhZ=f$F.#\'[2d w8\\J9vukry\0`)*ժ\n.$ѝ^FѳO>\\:cƍ\Z]MZd`1VK\"|dk)fzlalsɃ.d_6`;b= l_-_@	iG\nŰJVsqdj΄XmlwH>19jn=y8z)aQ0&w\Zν3)IlZ6#cωi\\Tay\0crfmzqP9v#fb\'EjlZy=H9V  ,΋2gLchoVYύǁ1pz;XAOa5O%sUGOIg8M\n14D0pϱvv1+O5H8g(Fj֕~X9KYV){e)c4i,85Vj:/\01ݳ(NOpɪ:`v5W`jO@ExGOMZZ\ZT,rLPlnOgOn`?tͤR~pa8B{7:itk>?3}Eq:6?3?\'#P|Knt0&Z\r8Z:rVGvUhRmOONR(*5o\\Vrq<k@8+}\'+U\r@ļQi2ҿ@\'k`1c%vslS\"	&Ptj.ii2)#BMg#TYBʇ6dij?RRTRhXN01\r	v^xsEr<f=-w\'Aj[-mha5VЅ%rT1obN2}_Qc9\'{46L77@9=CkqˉH1ʍI;d{KX*brv׾\rʧnOWWo][hE֜ggFHaWk~l(`x{r\0:#f.M:G\"Iٰ׳s+Pso\'E֧e^F<CO.mmFwsx#Q5k=J>=>VMQ֔ʓYԍㆦv/\0EmUΫ~cZ5ZUrq8&c;ʪH*:+t\\y iٿRE.Ր<<{?v3t}`Z\0T674Z-2DPQCvU˪gI-ZY\\𣸜(鉏Scimj`k*}\0z_QZ2v~S\\fzjoVYa3җtexe1J|AkZR>蔚\ZF;ΒǮ9G\'5%U[ic{Z8?˨Wb)=\r?r5њ;eqhFPUg\rWX{\'s1bKnaGyn]\'lS15ZV;3[ԭqEF.+\'#v:7:YrZϨ|,>$t)VQSهxjDGPԾvP+5W8/Z>Q޵76i\\\'ZEX,ӆ?o%D\'>Zש^7u*MuKyVcu\Z*Ҡm\Z[4U);7=ĕ;t{4[Ku{:*N6CiұlrϦb23%ZOk+Ҡ,p0yzQP\\hz_J1tknk	`@o\\NqrUBu7Qe:~93GLNZۿh\\EQ٧OuMn-:m{K3\Zގ4ioaҴ&VުʁֽzEMc]g5x#_~QhC~Q2G\\+F9ѻm0,uiЛ6=LZߪ5\Z(K:}\0 Miu\Zz6\'02ٛiϫm23{Oyi+UTm \']Πj{c:t#԰z&S4OLYnJk|.>c/QF6O,3D7)`0gKMұg\\/f2z+qٟN̈ch<b\'*{3XjffNJgRѪ+b֝껫>@\r\'\n|ID}@V~:΢;dM6sNN.#g-ujMvڟȞϏ.X<QQ`ΆbT\nQY;aK2Ĩ`07dg%F\0	L#0LR`TI\0,G Q\\\0_y{LǂrCf<K&eE0uuEN\'?oש}acC8!([J\'OEʌ1MK/0\0Ŏ`! q%zl	ۙ\rvg\0~A>}#&|=?DUKuCGӴ8	\"J2aK)$HK.1^%KBv,J$II .T@C܉f7)Ac	82\'_ctQ@>v6爛m	Ya+$6\rbd2c;O<1yʎ\nCl\0E!bULr>e;㉌ۯϴ:KMU\\lnps:;SR>x2ԍ&YR|ݑuCs9y	:2FѢ)oPXm+\n~DWKm9\"lv8*g9*m,AG>ffU8wfub_ۨ((;`9<	M@f/HgD-Z/Gc3thf!}M3+7#0`	Sޛ#\"vu\'k8<	x`R=νI;Zș 22:{Pz]e:V4 g>֢KMa$2r%TwC}R<>ƯW\r9x\"\\n6v\npd={\0iX$8aFY\"nR+`\\|K\0yeoRmYnf.\r	n|blO=gchDs( 0INu\r%\Z6ޛ\'ٞ4Q:20jT0̒|QDSeꦷ;83N[3jzj0SwѮGy*9cj\\;\\.#MN01Ze==C,]v	#\ZAzAjQ>㙥[\'6	ɕU};|AJ<ȟ59\'5lc\\]0x<`k-ucF=GW3c]S#5g2\r53X2b^铴DI~wc8JѶ\nhd㟘\0a|gTbD\'<WZ\0W~g\0mO)n>\\H\nݝT\0}>g4W@L]2钺&tX⑎i>LMZ*tӠE\'$[&Xm N~aBL\0U\'O\0Oi.}L [7B`6SGGmR6,FcwсuP;QI16^:0}F;E]S*mqɁ]kT`\\rAeN&1DXi+\\{<Xjuߥk{h5~OJ[固}Zw09OŭC{Դo{Vp\\imJ+\"kY71܄pLIMQp\ZAȆ,!\"SpX:MY!p|BW>H61K/<vy]G_Yw{i8VjFh̩&W[-Ja:2G\"HQa)DS79,]Gr.ꊷU\"rQeEXZ,%1<f*661B=~`*wsf)jWSM<xaBBF]A5zm\'my\rWQPcswY)^yWE>Kqm\0׾ZP3}]*GX\0t}7tn-汏2ZjDrޏ(֍]7fmIo]Hn_NZ+uGS@ܥOyzGԉy\ZNn;Q2IZ:atNy+`=? p|f]lqS\0\n\0NݾSvBvgk;zSV:1qf{4+Ն5u,7l#ĥT[bic d=%ic=[nT!=WR\\t5`Z*s\"b_KF>`[:\Z\r>oc\"([bωiAތZJiU׉:}m1S~N}2cIޙ5wݿ2\Z+_]Ils3u.jtƞq;dN^M4V\"DN9_;oSco]eUPKEqՄ_\'wpNgnGE.ǥ?R-@>LB\ZCBIh[_]XJv9>!:Um\\nSEYYc^O`~?m>oԋmR3Rv*\ZUQN Mu\'zHrh)_i\\bգ꘸c\0<5ԉe my-%:ۚu\'\\`vz{N=WNi:LgM\0#\\h(2Rh:>Wa_\0	:6j,۪5񻹜<iU,fqΘU{_\0eEg+6ӥ:Z-N{Ɲvdұe5v`0uSc>k.N2;U{Vk.jj#gFf]j6|:E*W\n<=N{E{~;\\#8/fmNhkx\'WG)icoMTME`\0~Dw9i$*=\rή6\0`t[*5Z22Ƒ0ske{Վ86gVʫ͔/s8Aj}HgM&ۢi6~ĵ`1;qu4JzuP;F\0`#.Rl FQ	(b&E$9	%D@EC03\00e\n	\\\09JG,\0O3J3Sj^ґ?̃\'߮ڭ%㰟>nTʼ+ƆuF{T`VR^F	{8/Z#^y0U\n5\Z-nRNϦCܧZ!1}{C!KrF \00%C$*X.P$!B.T\\	#rI$\017H\nSۃĶQǗ#踢bTgD]aqɛD 3= x˗@3-\0=[hs<\Z4VWN[3;JcY*Rۼ&hJv;=\'}.r2Jz\'9;\Z*CpnxZ4҉T+zJ=0\01ki=,؜9a*f]+=FSq0jSd.XEqRco껎)Oo`p>&E[vD贞#yFd✧-IEMYF&SEܳTN!n\'P\0\\	>ضvs[-Bv>{\\_^݌ͩ2|	[c-v9{j,9r>v)PH289+c{̰	8.W<ȯ#-4̀ٹ^8U򣏘2wiУѣCa*U4X\"b}2kY{;TslUT.ʸB!q3kR{bz5A(3I<F:&B9>!%GA;خ\rk[σ=8O3En9] ɉ1٤oG?_B6nUΖTT,Ne@89U q6}:]qL\Z!j҄7M}7emD?\"x=mKyKe&rwF(~bCfg%.4R{9]ehYb<M+s?c`\0Asƍ﮻IՆ1c4[i2j\\(h֫g$x|\0=\\Sqd0L R&nɰa<mVl\'UFms\'\'3]ʁSJ4EW+%]N9c|z-YMj^}3P>8zSigS pL_b&rTɄJS~\']_QIjaziJ\ZCTqGgWn\"p[˾gn{	}ܡX}L粣.:7|E;\01jkU_(ľG$ &\\ygAm%kn~DX^w~LOJ*NyfXareJɳ5ʕ*@fĥ-qXBqEBP2c~q,UG?3JhI9z[P4{r0\"XGq0Vj:[a\08`1_\05~\08AxX`xoUbJ6El|̶II]Y=1a\'\'$z:ZF}i{(`\Z5zu8F &\\ ̌8ڑ3g?*E`Jzs9onMM+\r2kFⓝ:T]0rr`jԆ=M@3fu1:(lnV҄\'H̒>f[RtQp>RgBi-2̖8aUdbo3~\\}\'Ҿqn3#Tf<%)\'hzrꉶ)3sq5W^n>&rNLǏCfMEiemSU?OZР-BdsөII;\r?&vZ&*Kʤ\'`jrg_Qnﱉ\n;,tqGf/ț58bTh́yB{\0?[z򇸞#}8p\"~yA3<r	Aj;xN?;P蘒]O8	Ѿʃ`䉲GB}fwfX籀R@VGqmEo^mJ!VOyJ6h-.(]fGR=j~ьnSO_d?/BXMϪ6ؗjI\rڊ^Ԧۍ ۇeBuTtg\0?ӝC7vǧ:fG\0FILN13j:puk>VWIz~}Mnj\nBW#g\"u4+57Rׇw\0A#ݘ=5&4F\Z4}|jml-jYI+ZN{3]Fߨ)^l,p&-8i)ey/qpk&_Ѻ)vi[]}S7lO)2\n>&AQUvVfz^]\'ii~U:V޾\"[_\'stUkDi(g|ClsqgWJj?BAFN-]i*զ͗!?EH|>+Pת]ElU~+]g3]ZVt4mpU̗t#)Ę3JݤÌ~%꯻Uxk\\Yez_[kFYqUw]	A\0I\'!~tN?ګ:2(Xc\0S׬}F\0e\0EUHճYN?fnE.5Vۯv6U6#4}A4:J\Z#k_b<~]6kcP`G$5m-#Ϩz7RtרwۧVEz%ls<Ӻ-Nih)㲯FFPvhȒ81%^h(diUav6Dn:u5DŪQ@Ȟt.3;RT{梁]oaU7;$`O*]WSR~g\'`4fSi\0DDJeЌ\0AC L&	0L#0L8 (0TP\05?){G\'ۈ{L{JD0B^cT\0S2?\ZrOҺ-̟Q(uLWs43JȄ+xǙV6m$]l1)0^N?\r]A@[A}/a_5ֱ?VZ*}\Zf\0;I`\\.H\0`,	I$0$(K$b!@d%K$1$@\n3\0Q`ϓlcf|ƴM㙌߶\\EV\rs:mEH2x(:qgɍҷ<tye6{Hbvhn&&=F׬Q=%cpqt#Mw4Tt43`;\\OGńWFf#\")2n3g3NqNs&d)$`xCzs7wOcyȴfaP]8kR0CǙmݜE`Cp;*PmX]Q3W e-hUqW)X-#UQ2?Yo#{)F&OlUkЬ!F<y*i<wZx<줆v\'^fߙͺ}NIitF\nqz.U^3 >	8=NH=ثԄ$sa,	#8%O3-jyd.\Z-@jdma&M\"n	7|	&é~Y-ˉ=Cv݌|!#dX^`9<_Tۀ0}=,w&KFэ#gb$\'V8 	T53Y=5hT˿JYciP1*3wrq8\0{v,	4Q%X)fM$NG1jl*P31ѤS\0q<EYn2݇8H8!g<\"e޻hQ@SBy0U{yfgp^{:KmUK|KOVy^Lnwc32+nщjBqKg+N{bڔ\'`%F^Z c-B|#WZl#z0\"sξ-ۤL2Fn5l\'#.aVI\'ڎ#5T*9J9PeGILcohA>pPak۟1umE\ZM-sۼܪHa=5]{8ѬZji@~fʎ-{\'CSkVʰgeWfq-2#\0QFoNa}A ={+X)6;?͜mA5,Rj!jP1FL\ZK8jl*-\ZcrjjӻoMwZvX룬j\0H*p#+\n-M͟i@\0431pLPQ\"9ķڽ[[Z),@OP{\r\'0}j#\"e.&.Wqn\na׵_1zmk\"\0r	ȼˋ6jѵxKfxaF#Kppe|V$+s,^x` Vgs5䯈P\"/۴شV\0dfrYq[Ze{`qx2uUՀ9q3`sVwQˠqkaq}G`f^{{-*8OtLk&8Q=;3m$ÌEm^sVqr7\\Zz;^lGUUmk\0Dvjzeyi@_̕5g3u m[qo9qvGY׺.8j\00u95TzOLkNc;>Y}:)\0hHi.5wO\Zʐ}1t] n71fV/r\'JZ6K\no{mF\nѩ:{H	`g7QqZ۸0<[C`ph\rfs2Mf_K*KF.UT\ZQ2WgU]ohb3宎w-\"o|VcUJŀbnmB~͜d-}c9\r 0;Nj:)&*xpq_uOOI:ZRWa($⑻i5+^[,MI\n	dmßm]˥3b|LQcʅmu(]߂\n0)CWQ*ꑴmm\Z;)~i\Z*ޘӏҭδ`wH#h;tM~tusUR_dؗxi2g#35}B\ZMAlآc{>.̵^kgPq[5`Ǭu~fj~_-+{]iW\\W_\\\0tɧoJ㐭g:jCOzҖ9\'kh\'U~zڛkjˍM.jzv]J#̗RiUttFylI&ZP)\'zwωUt4ԑRkǑOkBYrw]>TjHh\nia\'>Otznο]=OKK)NÐyu*e\0=#{~8:WOnadW;<Ϭw2s36ӭѩta3-MMUHPFtBr\ZԲԯ>u&0BS^ZncnMVM_L6VC^	\'~+Լe>\'=\0#2k#`&D1\0ݠ\0&WfW\0C\"`@00|@`JhPL@Kcrz\'`f3R&R!$F#>YɱީÞg龲Eշf~_\\_~乍Z#̳c\r_`AQ=b&gv/	N_qRsUkz-_Y\\qcK \"w-GZ&S\Z?L&$f012KH\0`bc@!f2	rIbP%0IbT0.$b.I$b2Uq\ZO00<P\rf]ANidR|M3RA&Ko	S`#o)^yܹGL+{X<ƀÉQYAim\Z9B7aAWGiļ0R%*_SX0{Cp~\'-kơuw˅]xpcēa+5P9$$ܩQbp~ w\rs3J)#Ƿ;xYf=Óv-%9NΘ\Z()aЙp{K;2\"=.c.= 5&rTe}9ox+=kسLL՝Zwd	oTC	5H3\ZVMJ^n+f6rl{IA\0&<ΝBE*<Ň\'ic;`w2㛒`ڛje[g	#aBYdM5fqɒMF㳽镀RN&=#њgl}nwnj}fr5hoSΕG=൛36[^=3PfkE5L7/=lƮI`\0=J0y-Vm3}> t5UX;3ZĢ2gv%x>D}dmʩfXqUsa5f!g9<\n\\)% ;I]>YU=-O\'ӵ:>tiݻ\0fѪ\ZkөnLێrQTMf9\'ckGb\"-ڻae-z/]WOrޑޫp\'Pe1%jhWjyS83vZ:H᧢bs3_ҴP\rwrd[iKVr(M^fX]-q#T>*YNj*-\r6(k~[*Gw<q: 9ZNQ⏴n\'h:Yޙas(ϋ9ZMlNhֵh(+X?c~&>5\r䓓sAĢw(8-|NJgL&a&kl$U&0,T0#ˑiP\n̼aC-LFel2eQWE&*H`r2%Z}4fQ8<VuR0:Ր\nꅣw\rįE+[8ѯ`3jt8C=YGKQrfo\Zivy~}L]P8T[ZdmJ8` \0\n?lӉE#	Re??UD[\"Ђ1/՘nVoh<)G#b@tTr}|N9aωo(MQC~K,W;T(\01OAf.XfrӝOjS}o\ZURfr<6Ir>] 3EOnV\r1\rcŊV!3`ikBGd{^8)28Y*Dٚ+]d|λs8e-|N\\՚.!eE9c\Z[Y0;z]=dqSn#Cd5\Z:;/cV3y7P~Qk8\0!-5G5wj/lvFǈUE\nSōF\'<ٖШRmD8a@HK;[\'=U\rgKԷsV7HNnc8 \'+OKoBە#=J$_k\nG)4\nty7V*VӐ=ZnX#~\'}AP0RU}WuCn^pfk(P(\05[^޺A0\Zchؓ3yԑt]%5WL%?\"ڋW\ZK7pb.՜k\'ȁjI{zq5ns>hO]tfcL4}\0NG=s>SOelFO\noR*\0ӷF`A\0<N=ZZ\r@ΚߑX{{oK\ZmZ-6X|%d3t#rzF[H׺w52Qel-+\\m?VJhg$3N-,x+5~O]Vkzjdn!r6ۍAupw\rߧ_VӢ ?3u*E\nQe=ZcPű߄S\r.tmURSU,J<gMV\\R$i2{D\\Wg\r3uMMm҇ZRYr2\0h3U:Q$2r_4i>\Z\rnaNE\Z^K;w~fu°;fzy\'3,|DM~h@8+jsq8^nV(8gLjZoVNֱb豬r7rg\\\ZQMp4W݉Tx2qPdI\'>d]FX/ܳ}9,%.He_F:X]>gR_쥁\0ׇGga2 zض@1p\0[*[w0\0ב!\0!A0&*{1\0&#*1\'y$\0r#!{DbfgMQ$5}5lffݼ^^\',qemcc\'9`4Iu|N9#`>pLe\n}~e~ݻ1\0ث0I:=tRh-=Qsg6JM`?e1N9&oHZK\0^0.I$\0vbc@%R.T`˕,@eT\0.XXE*\\b.I$eKK@%$M6vy\n\ZE?W᧑x*WDs\'<NѺ4-x< )UIM5R?FM]{442	M*8SE%ddEZ-:rMMZֶ)%7Hi~q0J-]\'_VXf\\!bƬwt`Pc\rPRts9w3GK#\\5Nsa\0^QvP77\'#+i۞hX~A죜5y7LTq:OZjTy~Jg }6oDSlMVaiMJi5W%_gAwl\"w\nъmI9ZUZkO&3!xmfFvDrIM~d j#=(Z*NQ8I-HV_=>|Nk83-|	Wț`\nRѣOYI=c4A<r*BNGf:I Ơ5 <6QF\n߀q8doHz5%w\'xvUBXO@\'1G,|clJ٩HaFq3PcXy$a(@Ռeb-N1ZSjHJ$?x[^Rb,u\"pNi=%fYS$D0s-|Vu={[ms7UE;Ԓ8\nn{fg)qu\rJ=|Ӥުg{UPD};pS&rQGx\ZnvTq;OJ$wy	{#\0xH.Cھb cXX~:XJ#ub0^{R-!\'	+sU8(!݌3R8+v>&+,J7֦թ</fr3 JgrxR֥؅Q׮!]an3>-UT>Lͅ3˻Rr<KrU0,8WMI=}K]?2G\nae\0\Z(;cK&%0˰݅K>a`Ds&pOeQ+hP䧂%U}B;y$q\\rىOFMx\06\0fd(y<͋ĈE.M\n4\091L=#xݢH<\00]6/K݃^ N1q\nZYXۜx=ڽ@\0Nl8.[suџD%vN2i	?CfV^Ee_~QV>	+]G]5C\n3S}:v;/4k*eX^AƧZ3mYIQVi89d{ȝ#HP;\Z.\0=jT,2y,ț\Z^s6FϷrGN?墔hPM6{jxQ)h+9]S9\"3N-+,|͚}%:PWOJU;̚}B[:Hxx\\j &f\rs>;x.r÷0KB-\'V3mg 4L˩a׿?:RJ\'=e$iƐY.\0\0BZ<3r !M2\rXZGzv_r~T̔,P|u&ꩰB\'\'=|G*h^}&_K Oqxz^I(m`4&3[z\"]}FMa	\'%Ѫtp[>`コju>jeEW=+~{ahtgDU\"\\t$LԞ;4q:cOZfmÇ#G[J_[t:mmF{%P]>?}Uz5ܤ7j]7QiZ5X,ketV~G\'0eԢ+`*a5*1Y+\\ކuΚ>V\Zf>+:fNU|+VuvSY8f%nil35zufۧaR\n#=\rn݌d8жt!h\0M륱iK^5=z2uMm7]j.W`8$vBhfKyeW	ZR)<0s׷yu0tH&2GE$>3)=˗ftH:yK/O[x*1`CH<^{Ϭ2f퉜ݢXUz]0q\'SrZ#*ޚ疺47q+\"րVŰF3VmRKbnzL|xiB?l׫NXE\0r/\Zr	>šmS}e6}ƺ]wU\0si\"Pwgh3+t\r*k(znLd*zMA}Gş\Z>X:7 iGPpO1]j03 Hɖ̘Ɍ\0OL(-`F	\0eK2\n0ePL`WbN1 (=\"4 L\\z4K%$@GZS;SSmq}ɩ%uX*۷\0&vӵT1`oh>b0pTct\'%{Bkc\nO XP=F?t\rp\00;9ځOC`<z`\'\nO~Ir#ca(K\"Y0Lh*Y!I$@\\I\0KI *\\hEʒHXO)(~Ve\'G3\'Wko2څN	oQ+9F`02xtivs`msE,3gA[r)NΈ(\0(2)hW6爿V,¤ݢ]D6i.Xe\'IA`cWk^qd\\vQ=ߦYJs7i\r͑62l.\Zv;ҴWk	:T*+$NxQvhrA\0^ܞ<J9V$q%3eBWdez&Ș\Z2L:3፧wcP}BGǑ5]F{Ӄq-4_+ѭR=ܩ35Ş1bw:jќi}IezEO{ν3)Vf3X̪G\0qQP\\W@{F[0u:32i\\)G@\rd ];VT0[2SRF\'ڤIȤw.WL9Z}{x32G`ȜP\'E1&Mfi7ӑٜW&6_v	\02$qNnQD\"9-9qe7!W2|@v wG\rٙ\'#{F)^cl\rr|W+fU$m:ڸg\0S9SVA8?8xQpN,u\nu\'6)6(6GVlf~eV_h<kvW*TeO\098|	Ҋ{bp>5ZwjsMR\n/\0S` f{r.Uە?a}vZ`?tb\'RqLdVj=t$) $ӄ8,;M(0ݦKQɜ9\"ѴZ}˶zqM^~f}\'vT;8dA-M\Zڟ\0ix#~\'G\'?̱N?f1qj=,73Fљj,}s3o;cFB-0A\n#7#m	{x[8Uea*Bq3nE\'c	Z)͸g\rxHI]	k{KV%>%&K\0?7+p\n.V]\rEi#k`xs?5Q\0rOx\'L>Κ:hFj,qTMS1[3?3U.Ǳ+NycJV3=}Llq\"aF`&P˰2teQfETܟuru(}L:4sD2R\n5&У7ؽm/cɷ80?Tau24gN3/sܧ\'F딧b8~4OG2[Xk+#зgTZk5.NM^Q)#KꬺO4mk{9z*\'Y$CӣwIFSw^le~`ktXxޑ_eϸ6O72^{E=a=4PSaMdݜUNPzyMˀ\'\nzv61[E|	Z&+gk]r49PNA&<ss+is4w=SX(Ӫl{:jz]&ʽ)X?]9fH+j\0q3E_zps<V{JY<\\+5X5VŹVc\'̞N;L\'Z4 RR;=VKV{kkU\Z}_KSټf)v_>\Z	GOWʳwe]캐~zOEZG!iVO1:m:vv=CO@:{SПOK+ٺA\n:{z7G%xa4\Zܸ3SF=^?O#YY?p\",芍1J,wZHqpOLv=6kH2F%x>\'<F=/L-QirI/cԨb<t;,5\"dŞD&F_k.]e&m:U폜l#~Ldsp?3Uz=̫v_ѩ׾]{\0iڧ0T`SڭC:-4ƓBmON\\i¨(Rw0\Zs?8L6k$TG=Á岵Ե6P	`ۿA\\}b*%GAS5[Zz	Z0I0YV@bی -Eq{㉉=Req5\r\0wX~57rco\n1gV7q$WNAn>\':ӢAr3[XdOw$xd0\"`΃\"(Ɍ@@?F	03\0`F\\`fQ\ne1RיRbPG3)	.(J2y j;ϖP޾n1:D\n>T#v(\n7֮Ie%19oYqX[ՠ\0;	\0s_dme yFI^Q]^\0ӓO3uԵz?s>·ll`(K\"bc@R̩dTh2r\0Ē\0.\\b0eN$UEgxHɗ4H&9O1mf!YyjXûs~H֢9ݿ0X1mZXg}x3$Ȗ^`I\'^T7<럻=eѢdA+\rEKsE$c=E[i,3̈́;I\'mNtvzc;T1w]2	<Sg:)Gnf}E,q4,eh r<J, x{p\"P0[KWc2ybwcӷT_AQ}qhCvwԴ5~8\Z{=ԟi=/\'U#j!<6ijV3e/·JmGR#\"\"nڥ\'hh`8CHeϙY3QgŬ{Q?0*;}GfMToi!r9I=;0tʁ9oAvhV:ujÐ3:ꙕfݟfe\\9AAeG2(8\'$j{|Ò~%)*9Čʌhe6ծMV>}vQF1&ˮ?9ۮGhkUE[,DiBgIB>SU51W^z-coI1]Nu4NX7\'_U>|z҅JLؔ wˋ$H$f#4(9>{@ĺ|q&A0hQ{O?UmFԪV0=%VghM\0sfNN	\'gtnS\rjrfXٯxQ)ܟԃtpvO<\0J㩿KP\"/Z͚T{\nP|]zj$i>~YnF;9#ߑ4bOG:ي۟05a>apq[`&\0TȜYvul,ܕ^GqU;F*ԍjپyvSKeKtF4xw\'5LnZދgF<hEtG~#|N+FT\\!lcê-J9sEF;o?DٜdM\n0>Q&jp-maсmP͎ȑSb\02vPlpDlve3jFhy8Fه]kmڧ7Զhiӫ?QZgEdvͲ5B4swQ\"S\r%ǎaElI19s5xȰ1P9k@@-I16ű)ƐF#Cʎ-aF&؝DmFG ]vVapwئ8\n0	-r3/&W\Z5æ+6ұaz$l/yP5/] ϸN{G2^8q)%1wc\'zًtdJQ7#Pm	Ĩ5b(ɬ:m\'<3S_wKP-~$hg{lхӺ\'>gMo6-\0lE\0[kbqbZ}pgXK:4tE׷iex#k\\m<8*9ϒ]]EM{S$Mmzig=ŬGWUUn~c_R%ݤn+$aak3ȫh98W#WowjFŌC\ry3XAFC5T9$nE][A+7^@8%ʎGЅy9!JqM[9\0H\\\Z5j\0,M8ee+Gi{Vwz3մt\02\'=\rF+[])dg<-ir>\'BuBmqfjtt&p}e{UOlb&GJ:Jbg4:{Q9_w\"u¥S/SԐ+և%>\"RT[Am\\Zjp3BO8N-QIFkh]x)TZn9<ڒAdGҝOCLlXv{`=F	[vnsiJ{{VWBAN}ĶK=K\'itz4ՠquM0+NOiOF6oc;k]\n{06TvɈI(~ʹҺ,͑gҊNm62eMFCk8^9oh2gh̥p dre[%iwCVJGYt®aw(9_?m$/MEzT bsu]9vw55ztZjcܫ1/D(Xl˽lNI=ia\nߙZ#jU/C=XUs*lٮH#]mZ\'z5\'eX\ZRxNQvq*`HLzu\n&a|΂ڳʒE!xe03\0h0L&Y`\00*\\	G2%\0hD M	>OQ$N2~ejliT&\0~w[no\0Wa8%>\'C\rCzyBfn(v\n!NGC(y1f8aQ=68OLcYcg&P+#̞/	b\0{O^i>c3\Z`<IOE\'\0g]\\#u1h	rDQØf	h 0fl$B$R2Ē\nP!.Tqvd3JEͻGĢ9ܣEQ*$0&xCw\r|x4Y;v\0	8NOS/q9HM,b;16z$\Zf+r{56##3nv܈b4T]\"ԋ[=2u*s}&2/ttSi[H[{}ӗ^َǞgVve&ǋ36\0;E!c=eTj2TuM=3^.2r-4ZjQ>Әj=dzĪ(a#kB⊽}U\'T)w#3zvf`[AT+fi4*V}@z\r)TVVSPniK)hYpU;fK/ٝb7=gO3JXG?0\Z3C>?1dm\'B\'u)Dl΀LZ\njxSlwrbqOhUIԵGqnWȑj*JvXF98IdUU/xe+9\"	R?rG%R}3S\rp-׊;\0\nݷ0&dQ|GraS/@e$d	>tZ)/c|/yҰ6NP93#-ytvzSp{+\'Ye\'ݏ8R-u<dELuS84;6lɪt00-Zj\0y(8\'Yv e*Ҡ&l=\n`C15v6W!)qm^ta]s`7c\'ԎnUHKVÎ-XdvNZhabXr2cע&zw,=FvLYj^^7C(~fP;g_\"2!8?3sn]\0}38#UZz\',Z+uZNYv?>S]?=Pӭ\rm,|Lr*z7vzԵ_9IW~\"`\Z?gs_N1mdq9ڍQV؃;Z\05Zs}on}c0ɲEԾ6@8s\0hW pe*BL59b\'N &\rOPJ%$śZ>b,%9kYi|B}SX-7=(tnX[;NQZJ\'f$sv\'ɻ\"Q#ģ\Z\"p8x>ny>$尒F ̩jp۞ߙΖq6<A	9K(V7G92A̲8DؾUaоի.Ïŧ*5\\&YS[isS]{j ._c`,i9Xa,(cߙ`q\r5H؞\0gToq߬!S}l_vB{i._yfs|ܛI|i+ꩿմ[;ЦrkFmvtRBwz3r;yE50/5a\'?X40?b5(Fx㏘ΕU\0 >gUO+ELrmIPv<xH%Oa%Wh9Z6D!!eWhfBץV919m ƠFSr`s,l!T9=J:pi\nF &Fk6;OhUKj@ 1WJk-/STdK@%;cxnx4\\\0,LAu:==-]A\0=m½umCw[Mk=JӳͥRNjhګmcF&<ΐn`|s6p:~N*9K+^G=i=V/o}TmqMacTr^5/5fWJ2|D\'\r[i:[r\0=ľ67Ct8[ZyvqOUkeŕn#\\ڔTl5\\%Fuz.ѥ9Q-lRړ-zљ\n0ѣ[a^M~ToX^=Je*0C@nmllm>&i\',F4,Seff\r1Ps6rwٜ*a%Pw?1^rv3FĮ]pګ6Rp$ZcΝT{p=>}|SQT(fQ\0\0܀cxeK\0ڋ50eba] 2\0Y6\rD pPDf\nr9\0X˖\nyĞ49(mk=q`%jiXțnH:-*:i>[m)hB6²kֿw@\n#|Wum;Sqwz_YPU{<\'U/>P	}9܆w4=YƦUV=_˽3<ohQ\0Ȕq\rw&Ns/UmZ<`F	c^0L*0Q`RXHrvARwiAȔC\ZĒF\"9_RjI Nx~hw6pSݗrDW 𙔰9=ῥe2mBlFR6JW0TTIF̐%)F-{Nҡ[QYR;#c[V8^=RAco,?~\ZKX\0%~u#>Iۘ\rO0IphR\0Y$H%I$,I\0.A*\\\0RI$ $I\0HSV);IqLb{Lکz02||:q.l帘\0*GI\ZOsBG#ʢ5mU\'o(oz28e<{pcǉι_Q-͌uaQ̺)6cL>f\"MetqX09>$8M!~Rͤh\'\'{TaSZ2۩ZU\r7|RF>rX&^3&u1+GęEH|={\'ߧѦ\\ۻ:/TYϕJ&nj4t>-\'gJzv[g58\0\0]m;?t\0\rS=5q`kVi{3ߵc\02?Xp֯;{o#Be߼tνVZ+#?3\n X>3t)ǉM16N\";,esi?3UngC3+\rYw$Y`pRK@3S{>ǌGۙϱB^tieԯ?%֍0\rsȘ:x5\ZjY|Nsʬ{{ 6ăv\0\'䙊~pÜqM8ۜE׮+T\0Ne,i~%V9TjЛ[@@3풛V,FAGyc-W1+=_؇\'p<M9u{ڶJ9Vi}U8rq,<UnӭEfU&PrV9\' LOփjk]2cme8l|	y!6D\\}uIY#=N:k_b;J4op\\@kh8f<֛u5TWBv=Xp{xێ!numl{KAo3KFI-вB6<^.q{8r&mFC-z}Z/N,U(Q]	F3	<	A=ܓ\Z0sT)w`߼v.\0ou	kؕTOh>LTCҰ<sVͣw,O)cwW3,h%LMvd~f-ߨoT鎚ڽV[lUm9li+EN -5\0uxK$M-!ً7M&\\<lSU\\ s4]C1;qil\0aq,x8!PF ^⺍#216{iC_Q|\'+,b^IԴ?JwRw?5_98ʪ+sʈ{8eZ`blŀ{NEdڲč^>dqZ[D؟ffҙI34x81h:ix\"&O`LiFB7ʐqm;ЫrhZgΟYˉWZ\0*Шsq6RA=]9-\rOMK*%߰X(3cu+)Zj!/4S$I:ɦZ\0;ju!%ڹB#0I,0ڣZ3m3%w*ɉ\Zv}+S[?tDE(QU@qvfƻ3e05WBf=}u$M3a\\bk6u(szF>#J8\\b:f-oF&$.1eKL˨ qfliaʈE#H\'\n:ZyIY,<ukg<$E4xΫEZ<xmECĭ_O.w;5(\\|,ҁރpw\0|mx55OrDU9lN^וBkn-i+{ mǉ[9OL\rkrOPFgY5\0v\ZcN|a*w\nLՂyN1=][FK<2)&l^P>ژv?e=Men(3ZV3b.1\Z]$>|%l*7t̖\ZhhLC4,NֲbNk=W6{p7c;@>#,Xb8)[H}/b|>dU;Dc[}AsM]#TG{Ej\\gdNLIJC~~#|d%zt]zbr	\"gjXm#eT`^qvHuYFGHv`*3B	Y-$!t\"\0x@ pD错98#%wwյgxDiP/IgCv\'Bf܊OzvhjSj:6hKizB-䯙O]u	:bQ=<>cGoKkǹbtZ:/${&8^-J<NFs*Y`ye3+̹C`G 9=iѵaag5M(29(\0\0]H:*4F9OVY(Ag6Ɔx@\0&87}kvUMsIPq*s^B̆+ .Hi ʒ\Zml\02cG0]?o\0NURLc^F\"|uk=XtU\nٰw[ecDJ{x\'& $=f#C)*\\\0\\Rf\0r.\02˕ rI$I$ $IAs(	GQlk-=)>/G\\4f2 UR`J2\'2[6@ ,q=\"wj*6\"%x\"7qam<}[.=hUm9YOa#`v\0.,͵k7e8]\Zb޶\r,	AeHg|#9_Nfv	r^DZ/(4>3˴ƫ8YԬ*JT4#[Ӵ47 {`w|TmwQΔp,B1P&˂N9vtC%tT+\0:}7mڊ\0$IQ4+V[!~#o%Z\n0gOSBUqjEzYn41=Wr~eoBK`ЁN1*mZ509`FeT,F@j`3jTc4\nٽv=ĻcL||\Z[T:\'3b$mL<\0`ttĬY*dN5NSmTy7\\ےf-&^f$5aegj_Y:s5I⣁O?EhYu\"3a/AN*qq\\;Ψcj6yJٜfpGPWFRI.>b5&OnNߓ<]lcw:Eb\0Q{UvN3\0wH\n<э\'N~f5nxui+\\(&\'Kle!&q7+gTn\"H^ZVlأ~aܞ9KFLFd[:mV׆lfq{+jѳw\"X\'>j}NU[άyc=47;Vw6+9 2N\ZL6pe1&E.(on5Tw7VVԦUgY]2fkuu5jn\0g\\o4^W}U\'v[,m~$-`@lg&ƕ*r̚@TXTqܟ0q3i\ZGs3#6z|DAGHġ$_< q:Zb5)}37/T耼\0ps76Oqr!n8g0uB`{FG\"KX;銭RpMԲ2LNnǊ4 AUn@NYPNCf\r%O$V.+41\0sf5Uh0ԥ,}VJX*c<L[V&Ѻ[1qw7*w|gW;Te;Q`E-N	>aZ91-sx|X]ebCr߼qޘpŁ3f1XBedPKzKR%]8<Nqs[PjwIY܌;c\"c፪<αs/Y\Z>}&7(h*g\'!]k3@8&4]Ii̸&zeT߷ħsnAQ߳;V*8?AӧgGM#&К@\r%:^\\[eLs#ωϝ/V4] 6Rr!%DPD[9ڋX;AZEDWǈE)hǬ4Y@aqIXUrNQ3;tcj}T5@\\<M:e;NGT;+ӗy\00!}JW:lEU$cZ؞Nar;|Ec>&kdoݺ1۴9aTtRlr\Zʓ+X\0apq3wGY]$|F[4C}t0X\0(F9ti+{&%@Fx`9U\"1aS6pWOsӣtu\Zp\n3:z5ǒֵkJ6);)ci6\n5POGcF	ژgk\\YS\no!a.&J:ѶVCap5a\\%jQgҵ9U?!ZN@N\nc\n(ݤ5ڄ_[isͧVS%j	\r-\'UMx!Ǐբ\\i)u\rs![3]Nq\\#zΑm_OMM*e\'4ΎGD,]*ڦ;}8\0ӵ3y$OF+݁LjIK\\˽3߁qtiZ=J4UH;=&E*y)z-\ZzF\0RfhUSZJ5UudkU{vz\0t%6Xqљ:\rw=ʠ>D\'xY,.	<γ&Y\0`yCeXXPF:hQQ%dǲ9/PRʹԺ{Wym!쾻͝rc@8JݞTkm<y2V+t$\0Z/mmoI+ާ&\0A`[!mB\'hإ`[Uҙ_օ8yeರǘ\0߸|·A־9`sR0ıiVWKpOUDND\0Du+T\ngSrJH\0`00R̩*\\.T\0.I$\0%˂%\"2DI xy\0iWRDx`OGtXbnRF\'?^RH=YNld5(G\Zngthd&U)D	dЛtkZD=,GhIW݌Qv0D7ɊDg\nNg<\rVPy68*IP߹q_׽E}]\nHLVs3\n!LwWwUnI_S3ıh%=,;#7xTIza0i]Eu;4\0ێND<*-3iЋ,.OlB;(NCIM&>ف|u5xdc}g6urѬ:1XmL1˯ViS! ݧURufPtVΝZ\\nKS#j;n4&VW\'Mtt\ZS`:\'ާ\'g;8TNfdڦe4G?QhhzqXŇk+ݹt)kT=M5-]trw1\n5Wǡ&y5mvm[ҦkVnXRzTUPExR)܍Z`G3cPM*Bhs9ػ@їȒ(ћtk70u>bw_AcڶLLF0)39ȉN#	[\0ˎCTkUs񧱩^\04Le0}T;vrw$)BrjDWd}ՎQ}FLP8)hK@ڃk&dWiQ|hfzMCcKWEV*|i8?<-׷J՚kǧ;u]p|NbA٥A\'աԌs5]tzWO)yϸtZ?s/ L4Z<eq+Uc5Cs&@l/\'3f/vE@G8vut>uKS#\0룒rLNЦ1FJw1iFAz%xՙFUe,8Nvu0Cc>ca9ZgjyOi^U^wgD8ms)U1\0e|}Quڪ@Tamϼ2Ou\\c \09R|z8hyŽi4~pLIXk[4Zs0ޘ`?&KQTs3_^H=^45G~kgl˟?D;.:Nk]	VYevM{+J׀G\"h8r:[mP2RaԉcnoC49UXq9Ri/IǻԴ:˨ʙlvv5+rL׹TdLt|8C\'T\'br`vo-.\Z?l=}sh%}7ݤ#Jm;We#\0v\07&+ply9b-kݸN(F#q3j|sȚ73=o8ʫD%j݃ie8PǏ:=	\0gψ[:!1>{~ k\rɮ1hVWPuӒpqyN~!}קT1Sr8ˍ<:FInrDi\'H6Oq\n<~gd]#)<smEe=&\"2a]u;X)i\"v5S03&9ԒF*C9\Z~N1\'9X/r+aO~qIb\\<x1:>=+aC,\'g`2UE6r<E\ZHZV30K`c(ղY~kt*%]Vm@ӻuCbfS}WOi6)_IGTh9c쵣Pm3OQթYJ\ZپuX홟RZ*2>\'JjU;vr	a]v՟r3vlӧ۞5_Bvar>eVsn½үCu*s5*5iYmJ%{@\"j5V.}|nӐ{\00fIjSS+rZUӴڻMJw\0YmU%s-63\0NxRm\0?p;f%6岵z\nVWʗsimaADE(޵l)V۶cvȃ\'b;\0\00ٜ1H}6ݑ?Q8t5-QrLlFgB0;ԬAH3:Ĳgr;A-djj M9:fzD5nG`r/F)]n]Qtz8pg5z(Ah辠gW!Ax97L)-O+YHE|O~Gkij_f(}Խ1u;qʙYJ&F_qA1V`Ĩ%BQ\0\r{Ek_1Ad\nQ$N$0?Di>5֜3ZUϟ_\\5=COW^L\0 8#OgLT\0{f;fz8EOW)!kX1Ar0/9s	Dfمs{n-@V!P*)̕Y(f xc/5Oj`Rl{J `܈TMGJ荙j*?@3Ҟ;U	\\|ϾT\'=\\e\r0\0,36QR\'y \\ `BRJXH0\0B\\@Ir	,JI$O0bK@%~\"OipHe8scQ5Ǩv{2؇$c9<~*fK**7Oe:`f\08	5ɚ%٬;q4\0\0x|wLsp׼odUsf䢲giww1hmn1IWEof}>]Fʾq4Qw\"dNёe	eJ?Ad\0\"	Xs#0ݱY5FtF;y/ү!w_̭%Z?srmEA,!۴_McpM!\r5Zo\\+b8AlO~qT]}a3UOyN{ԴUc+%cg2@pVQpcmMAW`]ed@QB 5OT3ZhUMDLMFnL \0[$`4T5n{1r)]/::)b\\nft_F62S澜{njG1=1\\.c3siБUߒ ͠|=Ow18p<LeM3b\0vHrRT9cg1.N\r23Pk:PzJM!.1gV>Dpuxދ6\Z;S+;lbvC4Rٌ4Θ#0\\ku7A@K}]{	ip97X08SX]\'RbGi`GVU&[8Rj;DTl6AW*a#\'.UܹC#j.sx0yD𧢺5L-#5GO{Zu국\"\\t+_3<QrvS9.BQ@Lk^Ta¯΋R<	Q5}&gI\rgTYTD`*`\0>%zODeGn3{UZ:\ZN@t\rCFRp{NbZ9%7{16[%q3M\'vR8	x3-R\rDEEY|!(;}鴁)ojBy3\nُQW*O\'Ӭ4ru\r@cFڕe{Ny64hZ.<ҽ~N\'CI/O&$=I$i\\Ghq aqF篂{NM¬#[y	M\0d?ɝ_:ї׬GtmaTgzCwdzEs2*5Lɭ׭U>+Ȫ{\0첧yϙL\0N7)Hꪲ/w;q!:2gRU\0ӜlK{{9NO2ri:sŅ/a#c^Z(n \r`iUBY`Qc9fHlb٧wϒM\Zƃ#\"cff^LCXsŻlo݁0q\r[)3:ٙ2w`\Zlm9\0=:C\\m}zFXT1du;	ةЬvUA,RhM#=\rM\\S3GQt=\Z\'=cm^jm2K\rlr̼0SsGԴ\'2Q%u{y:rj,ڰj%3dVZ&IGḑ@g$Ξ}pL4f%S3	#\r_%B#<9g2TR>E}7^\"\\x\ZT7ai59=2:hh\"CYD8Q-\0wUukQ2dctg;qU;L+̢q6>|\0nR32`ɉzAVvݲmSJÞ;oLuX5`;H-8\'碶Mu%QfqΫd7bhڀWa\0o3^+cB_3J60\0i$7$|%T=U*rHOsBP\0gRu3S֥xgJn3*n_MlR/@f!YKA]{49vmC;X0KV=\01.2&fOcuI\Zz,Viȸ|!~>#taXg \\1@.{+w1ZtGDzXd6L{xLˣ~4gv\"ʒIIeg߼cBEOq-#{U\0`11ԏYQCi7jJ͡\':e֯Q[sn$ΧN}jn?6\Zh\r5}Ւ~{r?gH\0rh&Y8 pT H\"*U,`	rIXݐd\'#ꎠ:oڽCY\0`#?]uu\0Uj-VPbpEX;}RmK4k}|@e/;~юս`y1{)\Z\\pOhn+ 5h?\0P\Z9*@+	U28(\r\0c(\n{_xcK\Z\0m\rQgY\"Ib 6tc`M#?OJTjm@ٟ4w3ӫ\0~ӫ>)\navC\Z9.,I\0#C2v*@.TB\\\n\0Irb\\..L$\0$I$E$S=끙	HGLOi͠2X8$O&qQg\\]*\0Ŧ@qڄqȑqqo\'rKH(UHQV>cXsj=&9%%+bD*2|JoP,N	NK+UವF46q463:װ\0;Ny֌#GcNA9N1dEۨؤ7.1ٝ6UfeÄ^O<k[u7kFEmZu\"i 9~u5ގF\"\rzz{	\Z\0TsFkcx7)a/nFHݹc:(ڽ1brdʙ[q<XoMx$\'jV1;, Vel|߮k6O6^QOYbpE%_\'G##3ģzfJg+MLɭ\0Vq4-΀|G-4ivMǴZkwj|MXdssFjR~f\\U3\'FZRzn\0SMځN8XjWE$)[4 U\0Iq32e\rђB(t+E.߸fss\0%8\'MPca9ʎ2Ѩ{Y_XgCӳ# \0iwL\Zo<%d9kKutT1vWvN෉f\"i]ZZs5wS]w9qMjU#ƿĠa<)zufԩΞ<LE3U|16\rw1z8{ܙԼO&/]i\Z?3̑}V276̓k5=HĎr!?eVYxioue<g<	tZf\Zb^%Us{Pa*ѺGNw&W̪UKfMR[#nr\0<L:hwy1KCfq\nall*TUҫJ9Fg8oϚИ>ɚc%XP4hgΒUUt/69+ddZ9m|`\0<\0`|eE]my+4i,]gIy<J®A.\0\09^N[&-LYl#4i(>rh1j>щ_0%iu~b_6X\'#ĩ&k6ۧF>c>f>!:pq&KaVI?yŢ(}dd܁L\0n\06P_`<G5|qmBsp`ZI\nzmqS(;ICcp{L	MC(ey\'Gm6}0G\n¨N&F~v+Tz\Zu)G#7WX<tcXweN|PT!Rh;#ϙlp{NdkFiYZ%ZkHqσ3;hpa|M;+{4,\nˀhe\rj7%Kv4}檮\0њ%g1~kTTNH9&6i$;i<RM:HIPP\\\"KR#<\\Gr͛V)?\\:ڵfiVfhڼf/\';Lk}7|Ǎbck͙\'!f9#ɨ,XmnY96z\08glW<\'<]E\'tPNV\'/P1lNŨf}Nu:fV̚vRtrF]\0(9vAKy@\\sJc:vT;n4\'\\|KZTH!\\(pG\ZE.U#\'K	}\0X&F1%	pZgLeM];y2ڭ=4*nߨ\'5gf6Ex3FhL[ewlVo8EPbt,z b[NiH{PjiT#QG	ܧ3MW%j)Tɐ:ſg9hpǨ=E]|M4)meAp%oЮ #=l-,&pnLu] z9S;U&R`3U*%`8>G[]-+p{]O1:zKhTtYNޞ>)kh#Xu)xp<OKƓsf՛8cf\r5T3ghE${ʌL1\Zs#B\"	FI$@EߙV\Z^^>\r&}#\'>\'Lu_tqd̍Ze5Eҍw(!B9P_w-7éݸ@5%ݠz%;\" /dBrbOߖJ̿l]A\n0Apa;X\\Fx\"/H\0+RK.ʮjs|x\0UQ}\';}GS]q|ڣgcqShah!L0\0;L:k#03h bK=K$`d\0e` \n$ĹBH\0Rˀ,@TKI ̹R\"l}p337$͛#Z*(SܴSs=35ğyY7u@8]	T1;xx=b~{&E\"Ul}-]?>!Xx,2	]&M6RІWbQǸKܡ#<I/-X07P!tbΊF>{L:P{haNl⨸U}@s\'uuZv2LEjS]W\Zu9\\c7LڐQ|H\0	<Ul=ua̧c(4szM7[4\ZM5)<2 \n8FR)e|h]WWs3%hmAû\rmbAz&V8*!z嶑$vcK)\'g\'Y]Z1\r_O`Os5im[/gێj4\0VQ9/9%;GV\'Hig{IOiۻq~IzITkpX]4i͘=`ܹ)Gw?16,vMYh[2*]T\0u,i6\03ezU\r3~|M8TvBcpt洞n]Re3E#VWѽ}K=v}0<Ƿ\01#U558<Ku#7qѕ>&eu\Zg8=٬zVOCڷW&\ZIQiң`5n\0d#FX ~LmtR0nEH\r=!C6[Z)\0q}1)\'`^;Y\"i>Ofρ	+\Z1;MZQRi&@S1.m= }	V[7>q\0-Lmr^p݌Z5XӞ2ݎ3rs\0R=5WlԳvNZNQ[ӭG\0m&>>٤eg?1^6|7MmSjEv#cTC}79=\\wg3t<ٹA3ڴBFnjWuJufq:7_DLlw?\0KDE	FL$MrG	q3^T矙lCf6~9r$Xg;H\0U\nc1\0p\"RBwoh->0&-W?3c::cxMGZ~;ǆ;Ag\0zua=#~qTs\ri;\01[7g>AeA<\'>ˑm5aڛp\nyu&T\r\"V1gCWfU<ȀX[uGQm˜5O$O?!I[+wiɚq\\jաlJ3@( N9T7&[>!U՗S]=U{ݟ-\"gpYgWn>#3sկ\0y3	bq7}>$r9H	T/#ɔrDYqVfkvNt#!$a\"<Y4Hۻ !1>F<g\\ZhɪG#\"̡\\\Zy\\{LqV<;3XH?pc+,3M(~uOs2zOr|Hms?3hhM}bMЗ9Yש+f^̛&R68[\rbtPjc\0%Z.OF;-1ĕ::\"[ۆ\"8-aLQ3lQ{\0iE6-60]xv8 *YYLhS(\0gz?08h[``L*e:Y.,vff ~ 9R@#=ĸܷix*G|8`5[%}5:]!^0\'tzޛw^4j\0\'Xl(,OLË6+9H9*qޠ9\08jK1Q҆FmqYbPBGrcӔFKE&|E}fJY61̞u[lcw:b16J\r4ilIi؊4FRcuu.Jve1#GQL81|K]OLZZF\'0@v@&\"ʟڝ1Z4X3C?O@PS`~ZeEZN~q\00ѽ.UD5-zVج{\"K9eF?]vf8&-т`)^)TɃ`|+e8[`Brzv^HcCm:\nxôejH5\nFh5\'OVjl;1*]Oe4:Wӂ=Y]qDT=g\09mFOGU(\'\'NN,`:%8,}c5TbflayIu隝K8&~`\ZucU~MHou\0L>|UUb9>cic{uy[ܤ)e5 \"cx*Lg͠څ#.1VoI=vH B;\0dk+g\'QRVF\0m*A+qfڻ\r(+}0wbAiVwaJ\\rs	xђ`#/duotֱ6z<	OZuk{_6G1;H0B)#Xdf,c@0 eH%I˖%Kr	p%R`2QI˕.P\\ \"G<$4,mE`\0y0302\\}MĲxZ5Rs1k?\0gd^Jѕ&a+6k\":Cybm<EBRkm3~LŨUESsȏ==_us#Z`56O;\\\\60 Q[><IFRcVMN1TrjkeǜARBHhzܱ:zo{Yf?\0qY34B<ԯ (Nq]\'NhtBoHifmNVp߹wE\\a\\X`;Dk`W\'L\\nӊ-<A8F-nH&]>ViD5m\0\0	Y\0ga5l2[ǍjUyXצu7:{9)Ex\0m`$ax9cDj֎j0ueo3R;+FZͣq=mK38-J8#r#Z\0yr.s\0مQ37a\\dLnP:m.C 6ev5y|B.\\aAYWo\n`Ncs9kjE6#8;Lп#3\'`6dn?XnWq)$g6zFa8#\n@w$̜I`\03gcqtҶ{6zY\0SN\\o\nF=Bۋ1ߙ:j.Mj=:ۅCC7\00z5#Z6F&g(7}3DFWJ0W 7+HPbĳ:nֹ܍\ZnR40KT\"ratk*Xj%e*ݎ>#m=pũDFF1x(e71Y6LXl3(Vх9y8ټZԇ0y:Dg\'q4\r8IUi\0}3vͶT:jh`-\\=\0:z1NDKF0IǗP2X^B2(rp{θIhh_w0rs2hY*8 7g\\w\"dM9~ey3 s5*9iY5^33⣒;6`(̺u\Z+SE?hbW&o%\"iԕ`jK5+sgr^d$ipg[̨3j};ڤy?[ \"Ѷ&C>yIZE@aN9uKi̱^RW}׻LlvWMQ)#R-n[1S.Ym\rԃA<U(;զ5ZU\nF&,\ZlAq52i΢M:xiv\03h;dE3\0`@b{Mˎ%6lrZ.ٻ&dw;\0H9TM)XȀN\0 YhMD6w-N]hoC:[W)Nn24M0©nwո7\n\0|ԫ;Kp˔%V4tkBI<\Z,_M@iy\'ߌ݆<f1coj܁[~fN54hQȁ\Ze Ģ_;HP3f$P1&tftFb< LDu\0x[\',4]\nzUNDq\Zb- {+pp%\\whkQUMZoP=Gfm{d8c^f[ME6xDr9vPBIt5qiAx>%C\nGeYJ<EW,FGy$ɳx\\FI}+8\'Zv3ra>gy;:eUiswdah\0N@rYZNpO߷QWjSV#5t;4Xd؃\"މn7J0%J_3\r\Zut9ݱ!-q`r8Aq\\GZ\ZЧYg {}az-jʆ8};AՖ5X]:f\0YU$|Zcj_=ϞfKs.IU=A$9&~q|U!UhQ6^h\'`e9Ȏ=t5J`CAAԩa96$MJR&{rDEOWh\\[ڛ`P6\0tkV\'xTZjPLP)rC	UXc`3ktWE#Aa9X7=KU?}bb]eFs5_MZYrnA\0351|K\\*ѽh\\GޝwWSJu4R\"i\\&{jPY`#7VO3:KUpB9?f?3\'\'.q2hmj3]J>\"*\\lfŰ$*2I*C1u}jtԻ``?mu\0P\r5=3ՇN]WS6wԔaOeJN\"$`H3p\0_U^	Ϙ&rkw/\0ťr9rV}!3jD\0ZFf_g\0,O@[T090!;Awf-Uہ!5\'5Sl2Y$\0aq2 0 \nަSVCq\0:Mu~m?ml\nؠ\'GFpb}g\0KU[ݧ`{1B0?b\0l@aC3$&d2\\ \\bHArĩb\0\\0\"H ,K$I#IbY=y20Rge#m4yɘ?;QGN4*\"jj7	շpڹ9THRUTCvKV2iUt	ڲ(fUlF*?9zUN45{nfp\'wӍ~өe=8IN-)Fե`f[qm\Z{1)zz:u2YGq\Z	f#%~<\Z=pZM_C/~[\Zr{:T}َ;z++So:&P8k?IѮ~$|NY$+>mQpwq;fWb<ȒmDMMؠ(8ZԶmti{yC{K0?#~f}U}`B76b|MT40~fPVC`6?chݪ\r\"dW[j&IcCǠ*n#Nq-|%Wut%	hSY`,r\'Ek\0R 9W$*}:L:8ĎYQFR4[~M~{/Tv=EAi4\Zj]rbNjb`JYPIUvpD9nyyWf[rnTL>ا\n]:R/#z\Z`0L\Z_sLVꋌxӥz;rދHظY	16X+wkVD4*g3[}_V߸\npԚj[`V .ju@;jaxsܙB`oLN15pJm7O[~>ut|MbM>\\O%\"՛͚\0f\'>+Ț@u9<a^䎠rp)ӌ?0·gT\npLv@뵳ie&].fN;|L}?EFɳToW p˂OZꗶ[o8wJ{:Vwi,u[`:y\'8~&w4o\\\'7KaB*?\\0pT)vq?P]@`/Pn҃ǙIįV.J3=4:{iCީ`<M*2.HWZ O2ۮBs-3svp1ɜv]LHpCFDsɉҺX`s43ұԈz`a\0TUֈQB(7pq향\\	c\'B@bS:wnʕEl͸	RvMe3kF~׶s\0N;nƬ)k[\'=\Z׶Ok@	9|&vomњ쪂 #+Tc\\U\0KQ\'hP2\"r_3K0ꓩ]Pq+g>DL[Ob0>|N\Z&8/#R޽,c|\\,HEAQlS\'CO$O[+~U@a8\'18HU*&guF*b+95IGШvɜvb.N&sR=z4Ns[a8=ìwjUێDuZ2x5\\BKxĭ(P9)iNՙt\nb(2Es#Hdu,;\0!Nf3۱\\*a	\\6iĿўU`?я0sj$7::dimP+4\"h\"}oY&TUnbɄH<19W\\?PU[mq3H=R=fj\0G5l͒9\'\"p#]Y8g%RFfS)_1맳@\n䑓br3ݚ`knP&ת6صiK9{MW_]Pug1bk5=.\rXr]sXUP(uԮNRUZCw\'ypǈi)`yܽ|i5$;AjXhaXrZJ\r^+%şť\Z7cNۑT\n;[}׏\'\0Z	tKpmT1=\r<	ʭ+UNqbDݤ躍NY]IW6>Ng,zld̼x!ݠެY<	FbƠN3YYnqE\0\n\r3۷U;Yr@u=~YX^_x@F=l}UGmQb]`nck؜On}@0j%f2`|sevn|\'LwZ71CRlrOl.X0i4z}>YVe=\'C~(Z^;.\'#Ҹ\0j03PGNϓbHQ\'p\Ztlϻq>̪1&~tVT\0fF\nvns k\0;~e>JJ\nۗhLf\npeEd&]w{X8\0va-mI]iZ(wcc#%.HSU5;6{@\n!$ T$y+.\0ӧxlY\rYVN<[\nܖ2śq9d׆>1.@K#\0(;ھ<Hlb\0=!-Y\0!fc3J>%@!\nTpczӡѪᩰ6Dhx<jS8=:>Z\08#\r(K#	 \rQI$\0bP\"K,F2KĐRI$\0$qrJ\0$IĄBd4K̀d3:7)eQgF:16d\"+8gǔ)o:H9l[{36\\\Z.<v\'.IIѬ\"frvǸ˱ШmC㐱(;Vhޭ\0U@-U=r9\rHˑD@۸\\s<XUn\0ͱJNȇf}\0AmgըXqAԋRݾ %vhOiڏ5oH3ݵ\'̤!{1oct\Zg@f^VJXfovR]{ӯ	OzkCT;qnUfLR|x6K=G;^=D>o®KxG-كllf7b;L|hJ<H_+<ƿYB졈D0[܄\ZFgw-Ȍ^Ӎl;Ta[3K35OxdMy~e#EyG57\06h.7?rJcn9rZ\0$!13T4]T_ib%*-i*R:S\'jd\r|N5#ӓ9e٪g^p?}bZo,Vk$Iʺ+[5eEwX;34YLڞ[<-6/eJk9vx`(e\r8ĺkUOEWAsX^u$dݍ9`ZUri/k&quBNŠܟ2MES9f{1N|hI]ܰ$\r\"Zpyԝ#rTr6qh`ݎfsA\Z@tBJ&Vm{nwmѻ^O3o3^Thmʟ2ٛ)ugB⺂y^fXlNCi6ipOs[ڐ$r0tUV9<};6cjJ>Kwi/*6z\Z:U(N=3~j:\'Ȍz9:\r(Lha69deRmB@Éʢy6QiNryT *wg\'\\s7RΊ6@)uȅ[eAag}@g&il]~Ssa`@A#48rcOF;mp(ji͖v3m)9Syu])yafYeI=e#?YMF+_RAM2jQ^2{L1d4b>߻mFk~s<_J4~\'|1I]6\'\'[:dUC=n@WtC\"Hݮ\'DT١q3[wlul1䚔6	\0,rnq1<ueO\n<J/CiHَg`I81|M\"w,}Խ֪<gT;^Y:n[{Fx3:e2Q},Ϲ>}l*6N;eJZ-u^ô#<dN)N٘\"r-ճ\08\\eE`b9(,I37\0FjJQ^N$OcTvf:I;QRMnr0B+f:y}LN9KիbN>Lo_xYnʄ50@\"S7lmqHZqI `L:%ufnA>Ar7i\r!\\K`d!u%؞>f3>qDӥիaayS\'#uR0Ġ9=hTr	\nf I-$\'2Bb25MӃ/{F11g)OL}WVu=hWԵIлus/3ƒ:<x^͝[S4mFX!:Xh)?&}jJvHm:1\0ܨ}s-zUAۀMn1tծǺy8H:maCkqWl6|uӹ|-G|%V\\.|q6UHm%ўz%#4$3+=%ϑ\n?P҃1E//i4U~zO;qȚƱ-,8!܌P`F;	7OGK_[\\`ݸ>*~Rfʸܜ84\0<dݢ8ѡԮGxk;0,kkm*Pk~+v:$+nU0r8Ᏼǚ\0r\"O8Ȋ٣vntRllsg>/֜ /\0|įUJY[jiv;\r֖-jn*^X:AO	a\'V5:RCA\",ŭfM(P|V魿GC+O\0jjp r\0ӳ&ec2R(ad}+\0}cע7Ԓ!G۬_tzc4R+Sω@,:\"]Ɛ=\n)(B\nbAx6$D[-iݑ\0.6\0N`\ZK\r5dn%\Zl->eh`ô\0Oh;C`\\6x7Ny/r{{c+~`-y\'q\0m@]M-kbZMeٹ,Q~$ǌEn*7gFs\0,Ԧia۴W+bIXuk=͖L7s?1/լR5a`RkVr\rSQhY,{36R*X$@JF2r%ʗ\\pI$$Ha3Za5A8cj1{3(%˸<Bޤc$ԩK>LHpNg1/X-,kBG^Z5F$w3ȝ\r2.Jc<9hP%\0q5$~`8#+v瑱.715?=\'\nA!XNL؜:.{+@\"z>\Z>aj:nTԠn\0P=b\n_44vH\0	[G?2z\0JkT ݫhΒ9cMjm?AUlSpΎK1\0aƧإ;Ajic0qEyL@ȎqQkfS s\Z;#Jmi7bvX`p=\'O=#vLg\Zd\',{p\\e8K&J\0OpW+6F\"5A\09U6Pgb̚7f}M68\"mkj{10\ZF\\!%;Jssh;^Olx2btf<[+sNŬz^k*2g\rӹ-yS9\n>1<өh\ZҺ~6So\'zJjՄ&~!\"q;[®Tr#,z9]=O&ciaZDoe>ש\Zn#]c\'1[(8(IDq\"Y6Ox#GydًUTnz&\r8&6^\0P@%i$1GK{8~?6E$~#~g#RnH]&GMi3R\"8#*iEb~3eknwcE-cXX\nc,QAB\02DQCs̀%ѲuWn\rl^ާqϙ߇sYB9	QQ\0s1h\037ypNnh	Z@ͬ8mNJey<RF\r]EXgM?,x~^8WX 6~{,*:!vtf_wm\rclQTeJRW\0n}cњVY㙈4G0Ȝ~>ܢu\r}}:]7_t8ij6@f3kG\0q<Y9NâT\n:sF輮6nGBgQKM^G@NZڮf<ؤ~!gtKiJw%L >`۵/§\')_LVܫ)&-U, @?F.0#p8cJu*5vJs_3qͬIzj*rOjj9\\32V`gb.6cYu*O\"q>U$ce{C*rp[fqxqۜ<8gSewzwDn @8N}S4EV$ǩba8s5M5_p7Nmf\\֢IgGy}=A\Z-JdԩVDG%jniFI0R@άєb)>`{\0D19gP|f&E9\'`$[zv&8n=7+ik[\0c\rCxFAzq̒9=ve$\\<DQӢbcg:RҼ΂8`&3->̉Ik&tm\0=DQzQv!ϴ# Sv3\ray.=rwʙՂ|tsWӨ&ӻE\'9v[өV|ᚾ\n-P<_ҏTj5#CەH~T7j5kkb`y֬j_Î>5?zOW&{%-rh?Q`gͥEj)E+\0O1gVm6\ZP10czU?Q|FkBk\n,1ej#F?Mgy%#&g^p\0~f*YWC:i:UyP3g9rf%{6H{\0<16np|OGըӅ# fM_K([k#>Hq̎> 0Vs.!ds&Uk?&slVnmB`:m8w9;{57tjqԭbTĽ\'\0oQ@0֛[f=NW|7LV.̝n:m~휃N=U\rx;l\'΍mQ`bV1cxrw\"FI\'f.V}2a~`k-ߥ>Go1BjϤ*j&NVӓig5\0*lOOHϡ#1I$<3\'U\'M,Zf{5tY}kUg;G&OL$M	R8>edFSx93w|7q,ޭH\0exH][82ў!sFeޠ.FL\0{#u-s̍j\0+5j۷OJ.L\0bz `%Wn5\0KU+\',Sl@\0<nPs\09}K\Z7o.]\0^#a<K73\0q!]np{@\n\0~F+bE`4c=9\0}ǏgPF\0*W=\'xt/4n;XF3mM1\Z{7(eXdB!KD	b\Z\Z$\n$R@AI(K%ʄ \"0\0ĩb\0IrI\"$H\0$<iqEE|̆f`IX<M0C/iBB<u˜	g\' zE>̰v},b83X$&KYmO\Z\0I*!`}Fb|	.MKR\0;A\0D,xk\\ĩ4NqU5%o\'_MM!s	QB{`N2jEd#$B95rw{%M~m[6Ƿ3k<\ZeOZr~߉*Qy]83Ӫ@3ƹfYt(KȚ+ \'ivBfvmle13s5|@gT1ؿY?2scBoPK	ʯ+fFS\rĪG$чq!\n{<Y4P0Zfԫ3fm3\rF*[)n8/W3>t5pFb?eIMjܳP\"RC&k/OϬ{ei\0ofU>\\70\0c2+d*{C.[YT(ЉESg9VJDP,WjZ-Go]vY|9$C:{B3Yۀ\061x~5i5QVI=3-ֈ\Z5U\'O1}0Z@۳uX\ny\0w\0nxٴ%ZL*̶6a=LҪ6QS:`2_Oo1uff#3+E%9;0>S3RTD%me\'Ttc+\0\0\"v]3ojVĵ36>#?L(ȉӰo3bW\'f:_fb\0#tIpyר\rP\'!>gs\\;hKV\0vLԥ\\I%3Zk\'~*\r5s0\\NTqd蜕fH`$|CS#.]=fЧj-O9%ٍOb\'.U\n\'fV҄QpAN\\tiFq7Ѕ@yfm*p#m\'$dZQARbZ5\"YO$Mx%\'ļ\noh\n|E\\zkly0z\ZQbN\0>bI\rT+v=W|M{@vڄַo8@2%qBඒjT<`&S(b\Z^^cޔ<JF\"jCL&=!{q.g_p턩QEx\n\'9ľcP,y]ځRH\"gLQ{9oLэkw6oky5]2\'QҬ\029eMG\\vWt{Tɑ)\0䃜KCG\r-MaJ5szd8V0C~ 2]\0\0\"LȘ:}̴}~3<s9riC@^yM&<3Ƈ܈\r n#6dNu.	~l2rf͘&*X2t9g>fP8Lrѕj96s<fcpD4H\0&\r\"yu%,Oa8WF,V\r$eMq\0G\'\r\ZbG:>ێX%S_Ws~u=NxFJ=dwJ<]k\r*|zZW~XiQlo_j>;n2|	r[1j=O|LXQHퟙIjV\'#l2mE:J`ȖNqm`=s|Νp\Zyu5uWh>ǃ=0v.F!WS6Ʃ}99Esɡإ4#~X8>|}#&۴*t1eD6k*n\n3|4ukZN>;V2}*Aߍ;L::ª۪w3zk9\nZ	U/Y\r=40\\FVUq/@;; ˨\0y&*N{GRqP2cd|@0XgYTdUuDR{y]\'U\'Qm6:UkRJN]7zj+p0gw7t\Zhth9(R:0&j\0MB{Rɓeʗ(HEɧ -jI3G_P/\\Q>VڧO~m%O>OSMxe>y\'²بhG;yuppj?\00gk8S (R\0*E~aWyfKz0|*ܬv-tPopxr}@mm\0\Z	9xXtw\'*PoW-ĉػTLӦ/EB\01ⵣb\0ݞҟT;+S$\03+)`ٗs^3X/D0[68^U;)V`;(VʎZZߘVK	=;TLϻavH{DoʅϝF~sBJ\ZmGǌ3&`\nrJx9R@C,`L͌Drd ˀ.T%K$H$$I	[ m{	l2n9>`e(\Zg;q6W͗!eey^h4ΘJŅ%و{q,7m@+f\'\'Km\\S8pգYKVN}=6m[	,e7%FjVEI~ct55Z*«fn4XZ\r*6ߘEtSfD䆩JW5 \"~ݙ	=䷜6-+ qXt^\nAADقL=$:97i]/_2\0~c[jDMGl$9rZC{1m-Jі#\'˹NGZMcSNNu911-K(w3.֌^m}ڽʄ#BZ(Jg\'û)T(#5\r[`5oNANTG̹J+L\"g+Nz<~&Vx4$m1is`w1_j`/$ht*3UUvt)m)\'(Gƥgh9̇9F#`*B2٪\0\\9^:JJRArPAl>gfam2Wk362=hQwa.|	\\jQ6tm!v9^\0g F`d%JĵDU<\nT30nޖ+Z<Ƅjl5Eɏ饋8qcvYYw{/\rȋc*T1oy-_2U1+8\0F瘻\0##MVK!8{U s3]ibN%GWBaqʢu<͈Pxc٬$ hp\0439!Q-as?=}?eu,?œ#Aܶk:[YpDV\'\'j5oU-<y\Zӭ.3\nJ(2紟]M~v/MkOaWAD;WJA|LJ\Z}- )bq%fN3TA\0kq:a\'W+;l}Gc\'98^GgK%&q\'	WmJK= {Glm쥈{1pE\')ւ,8T(?>\"e8/15Sr\'l@D!XFyϓ[ҽ;ȓcA_M:X3\rx\rG&cdKZ#`3j.Z)uz)={͹Ѽ}@ݻȋ}V%+߃3E.AF-L}u/`AJ!L|FpS\".}EAPբ93:JV\0 8<ʫFv<\"G!ߖ\0)ṠʺUqb>RaG[(ü\"U\n93d6DqHL9~\riqa,	&hThQ ʭ3q1#ĠBIfj`\nD%OV;FbK:o\\tnNd䶨UD,ZNKFr\np\'b.,6\\g\'֢20i N{H9ӆ&&R2cw2z4@Xؙ㾥չ뾆.13س-kY`L{YfP־&syo\\Si`Geqc[[oQFiNsvN\0,x|s9a?ns}:{vp2:~Z^\0R5\Z;\ZTX·ZҽCk[[uJg;$d}X&1FZnOȶ\03~+ڹ=|Nf=MTfrPI\\CW>sTUݸ=oE60lʍ	z=Uv\"3u酰}fp4mo\ZnQRANORU\0~xPܽ*N¡eSԸE}qs\'Z2٩`ޘOx+v>k)j=mF}U\\X?3ߪGk-3\n:$z<M/tۧ\ZQ`{f:mVP؎ɋt[=8pBTRFckY(cFt@\\ձi3p;~fm\"mMlw:[KF#:O\'e{砥\"jL?mKaqG)v $80152/lJkk]ra\0/Cm>5\Z` ɿqەФQ\'Pͥ[\',Oouq0\\[2-/-ᅀ\rWp;;{q\r;=e{x\0(]anc^!-ܞ k:|\0kD\n:^\n*vs\0\' }op8WbS> m;`JUzU4&ZMgBQ&YW`nq/Sn9 ߕ&e9jڦe缪F\0&Wav\ngٓqna.L}\0j?f#b*jR	\0Xmg޿QazaO]=нt=5C\02sܶ tndj4\0h\0D%$#LIrrĩp^d,@H!$pK.0.IRI$&K\0ZdSǗftfNqm|hĕv.xƱ\0Os/22F+eX۟mE2i}Bf{>d7|TvJgP]諆#Rv\"?k}\'#xٻOh3a?\0^\nJȝq2m1;|A}+9XeH~b+~vقNݕwJQ\0qgGg8n]ĸ{M~Xsi/#=j|L*Rjj*w@O1*6jrZ.繀\"h͞NVoq:wu	zīVgx\'#z+N4c5!6jָz	fjk\nyJ,otTOVMu}o{\'\"*ևjvg<\0fsrkH4qݣkkxڬpD]\rE\nn̿l?׍%Om[uݼD\r>I\r4GC6@}1߯!I\"1tTdHW~e$Jc[`w$%xkJUG,0\'3RF*^͚۰3AΥ7b8=V6Ձp{̷%LrQP1ǙShQE/E>gyhB9<zÌNq߱b{IPZ8Șu:+V=c<t%:0ں>LۑDm\\x-}m1킚քa1əgcx3_pǰF(}\0#cR;B;>f@6Uq&NllnTc<P1ND!Yr8&la;W\0qW\0QʯE^5XE12<3ja\0sTJJ93ch}4=zi^uc\'QObJt\\=\ZUX	&8{Ɍʻ\Z#mㆍZT6Uvؑ@\rgYbkXl(\0L%[ob;TiiAw9fNԸ2T 2%\0ɹ[|Le72,@H3fC`\'\Z.ğeϸx\Z*ZF^y?Xv[\0OJ1Qv+Qs{62ԅ٩ֵ<9$Z6Ivݡbѧk<(;NgWթu);Og_5ȮL^۵ܸ19HMhҋSʜ:o0h^>;nr~D%6TKsCnϙ5O=9r>=F\rbQ\Z˚դ)n\0.EAP	HVn16ө	$-Xcr{ҡxCqN\\qlV?^-PFь$(5VMlufg\'>\'oN)A\0pÑLabr)\\\0-Wᵇ5\r;HeTSPNNWGzSQaF=(ÿ\0xf\ZhߩJqI#+X{Z*MiW?hIMK4=5JeGۊ&Shi5.;E{M\'P2`(Rw8C@^$ہ-GB\'\"ZFa	F\"9HvUf=GpG<rI$KFd/F0HLQV,h]O+psLC\'⿨]GKj}w;]bSk>g>uJ-ޛHu\'s+GٳUt|~z}\0ƥN۰t^Zr1tl>OPTGe&&%[2n	,e*J*Sa-gm&u!uZ=ejZirHvB:Hk\Z!\0X?	Ž[+)3C71tzV7`:{-\r~?3i.Hgְb܂a\"fjM7Ni\r/,c|vD:Qo *[nIq84[q &HqgܕT5LTRy9s0tvfQmA{WΝ]5zW9ViM\"ՁcɉUu/MGNu;k[Eֻ骠d0\0OӾ:{\"pKzgbȨصi \0ީ8=mr^VzqOWz_9QrY5}L唭N]~MgN]EJFhz~iGv,ӧU\0w`±&NCi^3Z,\nЁ4*tыe\\@]jSE,I~ߩbQ>Tt^*\0Q<>_{|t-e1nW!k\n\0ZV9a8ďR j\0JСωAo)bJq:Mxc\0BKMl?9&\0SUѻf\rS%J/a+rW\0B-k#q;qa\0[jgi\0w\'?0ý|-N0 ^j\0e2\"P=2-w/*1b?o@U_8x6Vv\0D۳<Km\\7q2~`\'OIsPŭCρ\'V	8l!v0ٸ#x`s[%;\rPFg\0woC-fr\'*l?IFOCNl?EuU4}m,\\Jb%hRcdD3hdI$I$2%*A\0.\\q$HCB0XfD\0y2x\\gF\"{NI3TebdU\0\01?I:F;4hNWZeO:mky?<\\r3:~Ej\0j\0(M[20-Hq1خw!,1+U\\Gtl@tʵL\rɪqG?U9](%tz/<=eB*o\"^Iƨ߸܅Y[3YF6?o#UhL;3-Ե2ejDiWei+ 2Kk;8Z9ej@:<X?V8LZ5a^O#ˣHkܜ)wMMs32+\\N9`Mݼa2TU\rң;T082cq<og^\\ٖIr8}GZ程\'nf=~[:GIMɵ^f3PA%,26QBNg;Q\Z[YYǆy_CVpp=dEf.MªA:A\n\'7D[/NSq\\\\caӹ$\"ne@YɎDOH0۬bգp-v(@P0Xv;A5!e5gv:23~QR9[XO<ĭF$1:W_N2l	(8fڡ!C7?q\0<0l0Ĭ~Z2zMS{\'CMSq3{flB7z2m3ZW(A@VIC ^gG]pϵ=g18jB[CZ@1)s3\\d}l3X\0cK*\Z/\0j1Ԣ[P*9jڶ(&ioa\'Yur)\"ٞm\ZRcڼ\\0%cc̅\0#\Zl|BkF{vUr|g1Sf^H!GF=0P0#N=0@-QQp<<vv=\\M$DP6\0AA{dF)AD&P_wn\03յ:&>DVPm M3a$|F17,&r:Α,QerT`2Ԯe7Su5*-Q-U!CKzẈ\0xЬ}&ϸ|Ne4gkd_} @|iVk= VmNbbe9\"l2p\'TOg:i\n#P\"GS5ڼ+}샜+9@	\ZI	!RXwl304fءy=1y՜sѱxv\nfaTC,Y\'#5`r{05(jN3\0EʹP8ҿn<3<Ռ vK(ކPs6B\Zs4Ӫ{ҕk.OfY7+R|Mc_VϑػFG%E%%BF+Dգ0 ʱxx7Yڧf3r Y⭗ac\0!bnKb3XXNȥc1=i\\rI%ʒH :CYJhL{Yh\0YAz\rZnG>Ouj9|lR1>DR\nKL2cMՃ7<իz1\Zi5m]Q;-:RN;3?lj45Ŋ{L뫹n]|v3Ikn_rt=it4j3Sw*~fĒH33ެ2>]vR#\n;(=jt\0L\Z_܌CgtUt굟Xt\ZzRtgҽpv1_YNwG4W3FgV/ЭMz80=\'T$y.2ћ^m-Y7\rاrOPk\Z\"1kڽ2Qz.8c4:n[kmaL{BQm+V kphkOQukJBj,qVNj\rŤmB{#f[W7TRQK; ^\04UR<sOeqf]M;4[j\ZysyY*鍈lq=5]`aFDkf6x\03mIRvx)0xlDji\\R%\'\0ѯCѾn5\Z[5#a9նJH>`\0ʀH\rd8;\0»ĂWo`h2ĺ;籇]wv0qa}ǈʮ`Kk\0sw|a\nvϘZsOלqvjjO0Fnߌ)a̎\nK+T89\0\"rˁubF7H=̫)D\0\0*\n9X\\v#jjJq-*Ӂ\05ih^_SqnR)`L<O_M=BTK6) c\0\"G\'\0J$p\r\0By US[Xt(2(n`!VmM{jN𡥊V;\0ŪAb0Gc>)ZV\0~y=V8Һ*u=#2\0iC]^4;\r$|ک|F%@2@QH$Ic@%*C(O	<@	,J\"bb\0\\I ˃.0.I$D) \ne+4&oe)ivvlamxdfaħV*2^g?]]@qEػrGH)?@|z?%[kWx1C|L_\ZF3nH,x-\"CO,sTAƞц\0heEoqƲ\\\03+Qwgt|C5s\"ILjT/G\Ze8oiZd/̬xh/ɝ8Z_S)`Z&qrv?3](|N+Suϵ}=^GѦ2\\c]r@RLlX<N]u2tbڍͤ)Q͞l9yh\n<~d`\nl[Om~iAp(=\rg m]?kmp39/eGfVǹH-,7;V㒫3*^*}۫RM%ZRkϹ:qײ~ۭS=Kpd|G:`\0%\n2%G{Z\n%ܟL^wQ/ \r9hy9\Z=7g\"ɰ6m N8sCf9E7ʑ>5E@?q3=f@lJ\\%FCo>&Ӑ=\0zID3pe6.Sn+ZA9=SJђQ(U!(,ag:ivh@`\0!ekv]\'44]\rZ[cV{/WHt8P9L~ΦAsk/ۓ&ޣEl?3Ay(KF6EB6Uqf [QV1?G6lӊWk@CyHb{Nr1.-:4Yi|y*5-Ek`lZ&M\"%lZ3HeY\0M5`#HcAcMt.aM|Unݦ\0dߙ;\rXȜ6Ψ\"cLHݨ.x3e\Z;|7NJ59аgN.ӣgs0up18p!@>d#ϒxH8\0Lr0jPgsGZVˏtQxpI	9B@BAU4ƥ8ح|W-^=ĿEOud?lYoНIjZf#OsXw0,N8N6Qv\\znϱϒvkg]<y=F\\QtUnZM]eo?h=YVM_UqXXf[AO\'=Er)t#Y#:DUV^`<AMMm\\\0?35+Hh[m\'\05:lvmʦGҥ<3\0^:CPL&i)9b{=Iڕ=sMBPkG4RT̲fčfyo9]{ζ\rX=.GFyU d36㙙N\"g7p`)K)=B|eIY<$K}Ab_J+A,09y<d/䞏ƒ\"\\夒$HRHdQ8`9bhw)\0N9C\Z*e9}O,n\nתQ(#\'׳5-VV%V%N\'_Oz7qqF+g}.V\0Wi.دr\"zF/Lu>\Zʁ3\0ͤL~4l\":ѺsWJQ=\r}WE{1Wg(XɮpZ=Ox٦qñIk>~Ohӡ*BωNiJ7yUXQMi$Oӣq>&frgL;tO~=A\nOs3eL\03}3Hr}AZG4Le9Q=Z5\ZVQEk6T!\\w=5oa:\nxU9`tWG\r%6os9өJf*9LNƌ+Zq)jd	?ĳ-0>|]:~o\Z|:_\\ρ{Kպm+lFtoҵ18&OAliֻ>`=\"A\0\0Iһ\0cY@x*RMi\'\0J&Ӫ<7T_2Ϫ\'@*lǳ p<w6F^hfeOU̍oî^9]lԣj;@x+{2\\{|C\03!+\n&S\'\n1$_X8b\0:r\ZSo\0HM\'U\'BsL1QfFf\0XNHWHT@	XfU6;K`nA \0pw2>fOy${TNRG0?s2׹Gp;A0K~]d>E~WKP.zS{\0E^2s_c&J\0jS(%\0DRJ.T\\B (K$pK .TI$Hq.QSFi(	C`9r⾋L|H^ݢ|֙ks\0AmdrGNYbvj%6Ӄsɔ4\'5y?S䈣*!g-Y_9|MJ7jHZ(!Xd-X\\voDa\"fZ%qMSxO>}	\'7ٜΠꖪ\"6W3(OP>\'sK2853yEq(1pDsfOhӜ\'VeIѠt6nkg[r͙W\01zՔy`lؙ,UcãmL}-K^IUvmj9\'+tNޣ@=\0]\"\rAy{#sǟ<97$5f~&q̫TZ80##^NfO{8t̌\n 3r(5<	R9-+kR&MoZx3M!rdJM\0WD~/;`9agqcj?x(0aPUgdMUWjqQ$E(lJG%q>2ӆNJ-}k\'P:>Qqi\rͧ5n\\\"fmpR\0ԏ1cmJFZŘ\"JR1 f%uu}@35Fkbn|&Cn\nGuuA\\fz.HqlװtZ}PLn8=9ί$\n׌Vu,\nI8JVU<vk{%l^Ky-;I9[Vutu[+a\\&C6%o=	X,Ԑ1)l#bsbsT(㭝d\08hn$V8E{%65W{IԊ>a;62\ZL׆	M	^\0g9aJ-:mu!PrOh@R21G\'*Z\0/a$k2#Y}zZ3MxU9q312^4ck]FÕRAN&mvtb2MWbgkncsXcΙMg\r9OG1h4/oG;}-:?o`եӦF{ZP|v:r9\'+9}%\\F3	Z UlӴ61BQ:x[+So{Af=Fg˗A]\nÇYң\\*kG5gGI_rFrѼh5W&4Ub3!fc;OgI	3IrjH磵0 yNd5	ȝ|!-_\re\ZriH:1*1:Eє~!10_%F/I$$%KI$a*fgi3;()fd$CEC9ķж\Z6Tf`	P.N14V>y`;\'Nbڗ^aAbI=YǊXPdOLt\n0BDG3LFD&-3ui)4Fl*Rk%W\\r,BUA(O俨_TBcܥkyWESsJQnΞ\"~-1bOx&`}ݤ[YsRQxr	nҙm峐%BgmEs^i=Fi##\0P\0(Ymveh5CP$qF\nns!1; ݎek6W?\0C2Uj_9Gj)Pm&2`\0z`|6RtApܜHi_m=\0.֧w% wVm 7D@ɯǈAՂw)2.Kp }vРH5Vz̀Hxw\0j%)\nJԻ8\r%*\0/jvx\n{	*\rNO0^}0wψ\0G9=<px)$k*g-dUL\0!ZryN%s,Vީ!,H^I1\n\'\"L\'E6rvD`m;N=~ߥzIZvھ18w\\A.\0Zmz+R۪uʑ:uO\0K>a\0]moX{xH(r!~$\\T\0*$QHBI\"Ē/2HRH$H\\I(0D B-l\"K#RgBü\Z6E\'ox]W-F:uQ01fe\\g9\\uq\rpgT֬}[~$KŗE#{r+`ji#=\Z$ƶ<b<F5M$ܖlc d	Cάx9lsV8PH5DQRHHICR:Vs4i>\'\"ţjJZcC[@`Ǌ}mLT{FU\n/<NhMm8ۅ3jI4IȚJ`|CK]CkjkrQB$Lm[6i+)a;MFp%\\Fm-\\[e	ۂ2~eػTJm-[3UJ6$M[HPZhQpL[@P\\a	AE\0s6ݲkLVuQs\0J<\0Q+fg%{&uerX*ӑnQ3,єM!Lʤ>agdQF9\r#b񈗧+fԤ\n?q3cǑc\Z[)8Dty\r\n83ɡ>v.L{:R I)E*E+b9\'G`N7\09BDl3B8/ɬc@SPO2OD]fی\ri\0;	{t4e)Y}T!iB;n3= 9 AE0yiچpܡ>::]9,ʮ+g3qlNHn\Zۜv&hwAU}5p~#+\0̷NOͩgqn.4j`y8DJMY?odP?UgڽG$\0>63IAL@L-{d~:Ox!\"Å=a\0`#&]W(Zvr3mHkvp<P:gͺei!\\+@E<5bfNEOij|fJ_2cV}~~#t(N%cvflE> `G?ɒ&PFbm?1OlgFG4ٯN+ؘ^qeԡ|M(S{#Ux̽Dǎ`sE\"hLS\ZGV?TV֯hQ3LjQ*1zX|g$lPQ7D6W9ԒGq(n]T?Sm+>gTah(ُ\nQ9aYdIsHI$\0I*$!`!jq5 -il(hf&j{@eψ0^&@ihv\0[JPУA;cX,F	a퉩tH%$&̵PjӅAI	IJZb3d\n!*\\Bq\0yIy[믪icip56|ƀ_տ?\0A]\'CWm3TuM{obRR`Z\nW][*bV2rXl9\0e_2lR@Usoim]VlVx\0[=UblV\\Y\0^Ti1rYfe[So\0:fdZ3p)^bǒSkWa7h\0^2\\_z$.<ijX;%w1ċzLm@}2@Gx\0mK-G1E7vKiq\0\0xt;FO1թdQ\02٧EcsHՑZ?\'ÿrf8X\0MWO-SY4UǽL@A[WbIkVۇc)ǘ\0*/sBV+f#=\0a!B6}CHL&yV*.\0qglYCkZUs-_PlSq*\065\0)m_L\0O*+KEw>\0kitͶڈ`UUFT6ع??unl_UUA>*#M*w/qzP]SCuj~GCht񑟙Q,ʒ0LxD0eʗ\nPwE˒H$H%K$q\0HNՍbe\\F22y8-<H24{ban㴔Z\"3\0\"fdgkۇRO,yˢJv;X$[3j\'fQkhshȺ=%[37IDdu8)S	*\rBr&hi.\'ii\nہ)rЋ\\21An*Ca<	`n)s8-q/H2%X`\0\r\0gd\0xmSeˎFO\\*s&Y}.;)96`)1\00ksL/i~]R\0fv֭zf=05dp;s3Hr~#i7\ZCNvWFWK-MAmmW&>e69~ĵ3QzE,L>GW+oGP\ry;uf$ڦG\Z!8l982q)l>a\0O9OѢ7W`ŵxs%x0\0ݢԻg{[x,PGKjj}NtD#KXKe>>Lڊd\"vG3ryl#yzJccΰk΢G0A}m{bc0͉r30O\'k+9cE1.ǉVԵ5uV2 J=<Ѣ5-k*9Idw.* \')[w#5i5؏m:J, l1`<lvXXIxCOU)4(b^0dLjB	sMm~P]j:e!?25{DYR;Τlv*m\r\'[uZJwTe94σ1[S\0jlݏryqi\n8fOX#:]Eޞ\'\ZBՅ\\xNLWBq&IvxGi\n&-Vh6l;}iE՜g$c`L+.9ta߸7[[A2n\0~9kN9fj]\"uvIpAE+<{EZ`{bihvY <Gi*;:zzЪrLm$1+{vU.8zqڳRa?iX:o3ϬL|L=[6j_H[3<R̨苨3{K^簣Q8b1IayW$rBGdPaߎ-c$H%ʀI$\nI 2$e&Yb,`1ۙAyF1$C0`\0<EF;B2LBĐ X\\KDVhD\n,xKD$%\0̆\0cC]GN[$ͿY}G[veqU뿪\\eNfSϚm^N|F2Xza1/}\Z\nśSg#@R䑝+=yrt\\\Z2RD\0[J6dc*>>D-\0-p\ZISdT{bSdc\0bX?t&Nӭ uր0\0ظ\\vZ҆U̓0RjO#pe]|1KH}ؑir	 Ԟ;vRؽjʂ{yhTԅwQ%1E̬y\0ӑaqtr8-\0-%s\0\n\'n@Ù^8\0	WkGb7K0	-;D,8Fe)^,@+@6Mķe{E\0\nUC/A;|JT;J++ؔ}o$`ɠ0#ՀwJ%3x[\0#˅\rz\Z3ύK6w0Ȁ>da7q.mW@4źVt]{c=*yz+WEzj\Z1FQ\03\rVbd\'1p\0eB\"V$;PM%KrDP\\p%ʗQ$@.bc̬L\'2(`=dlI,S3TA#!\"	\r#㢮#Flc,U6;HHCq9jq7\n&YT1:hI$T)F\r\0L09?\"\\^̗}IZk^Zpn@w0<mQeUA[v=#2\n*y2b0w&	\"lKJlBU=,jVoh[}㱘%+~0JIAg+yVlF m<F-_a;יՎ\rl|,0a\'\ZE #y@f\'.AAdw{9;/MU\Z.ι,\n\'fh[_rހTϘ-b4-@3wIhmл\\$dꁃLU\Z̐ݱ5q4:pyFA؋ljrC2WE?39=2k#OQ`)g$jJ11CfGdD>M<wP[4=8Ipm2-->gq\'QZsa&-B9yJ3f+]G\0USnc.JP(\'Lyώƒd32Vy}9Ϫ~\'Ki578mZUJl\'35`9ݑïOMK\0|C\ng~!\'l1B\';fwǔ1M+8Jq)3b~v̚PqJ_S#qoMhє\';Dʤ6צn6T$:hڻPquҕ(\n1\0?loQ`DU/j\0MPrZ9f%̜٣\"7rDGtOncx3&S+``ToG#SV19aK!?Dk=jYV8UE~bei}husL/)FVaSqyExی()!ǲe+	ԁc*M HoPPYY>dѺԦ9ǘ-rӁ+O{-nӈ[6rO\"9#(e$Ȋ	G#Ju4;jjɝdS\00nqEapfXRVKHr!̰idbz#<[x2*HNZE\'F;6Ms)ipڇi%$͠q,, h\"!,I;qQD6IrI:DIrG@I$0$I$@\n\nTCHRJ\"LHLd%x`Q/2	F\0Tf@2`\0ṴePȒcJH-W1C$\0#\'\0Z:ch4cʉ>MJ}]=FTIԮZk{	C1=_Vc8Os\0Rg\'$@AXpx\"5iOO~ǈ\0ĮHx0j,f\rWVT\0Dӫ籐ӹI\0EA{` JVem(cZIXYZ-@9^`Fkc\0\'9\Z3?]]w2=\0)I?kJ]E9Fj.F\\w[S\05IV%l\Z	[VÂO6(My\0j6ҫdbCxmB-@0R,8Qp_M8\"[]v<b\0guu缱[gnrOi\rr%ń\0=;Kަ2-v\'b\0N;q9g#Co)n%{\0}Wq\0w\r,T-h{\0[wd\Z gY5JHf\0\00%ylAG>aX22! \0\"^=$2h_KjXr1\0-HL)tܨ8P`#TBc`[\0h;yz~ޗ[c]0-Y_W`:jpl^,_ SM\ZϦzk+\'ǋkGz=KEVNjw$GȈEI$`C\ZIxD*^`\"K.HI$$_%K	.TI$4I\"jIK\0m$|PYX䔐I$.I I$\0@tFd-kCwX+RUZhktVNIVk E9hu\'I|HDbc3[A~#!vyhd<_Wۜ6h\rCćÑ6Ҷ.1#Y1UY7;A\\yCzLz+\'3,uhэ<q\nY#-7i7r8\\dDzO#OǰzZc,:+hHI1ϘTԨ~bъ#-VP;cLՂ7bhӰRf-s֢ʽ5AWTfo.?eLMޘߙV=:̀d9-ڽh\ZZP\\,v3FCw_S};[]VWv-vNx\r\nXr暭4w)uhҫX`L:8K}J<|Φ\"T\ZsԠ;MihJE.	v?w ӟx4dMT05.X%٣$Cf{<p0	S)+.wpDKUwWc_2zc=s\nh4}v)>>4w9Ue(\\N_ʂ\nosEa+$1矉:ѧBo)tM;zCbjqȚbZ3խK5m2q4by\0y\nFVɵfo[=庅n˟ĚKaeg#&/P8^2cЏ@f-^bQME;yoY\"iJA>DsZ5t0<βvcQ%LFG>:fy#}\Z#ǩà}RGhv;gB?1p0!m{LiA.n^ҝ}	\',v00H\"8X`3}6b,jH\'@k`3CnZ1h=oQ$$I$\0I$\0I*\0I$\0I$2$2&\\aAh	0I`J*0+r%`\0&!(ay5VE\\*.\"$~ zhj	Uk1:\"3Uf=\n}tzii8Sk>Oir4*\\X a6><{`PczY/lT\0RįRݤm\0Q4Df$wd̷ ^9ZV-<@\nk\\5J1e=-hK\0	@s\r\r`WR:-hw07+vS/m?)+Ր{@;2nSȀ!-q@)tlf\0Svt\0W\0MBwp<A6XJmgL?4#?HQb+=w]OIkIl2vvKY}L팪݁ω*ޠ\0m!9^yP[kԪ.=\0̲+IH]\'㈀Zawre\\s6Z݁$]ZmkGx-ˎǸڭÂ$\"͡s\0I}ldb]un@Wvyble<>\0xo9	zUXcq\'krJ`r̅J2g\'R@cp oĳ`j;+\0Vl2`lSh-V8\0b9 \'3\rOgD\0b8_@}nz4:\'Gi	?dj:!Lv~j*:*G`gſ[27j3\0,o=\0O~\0t;dm<y%b\\\nT`/K.I *HrˌI \"I$$HI\0.IR@T$@	$@	$@	$@\n4\0Ĳ8.as&3((gĮ@bQ\nC+S|G2Ih:O7`EAi-U`v`JX^\ryn,@簛|UPH皌[g5j#͓;@Cqyy:%o~˷qr[$2Jc03OQ\0v\\wP8hMnڅp	{΅-S\'v8g7Ypɕ=ƚ?*<\\Z6YҔj!T0Wqvk?2q犍1;v0_?=|	&gTX|B䌙C`aokJx\'88*q­s$NF2	a5N狍gx@<A8\ZDЬр8b(LňvlqS`we\"ʒB렓-4Uz|B^LW90\0vD.Hg|bFW4+vI<xK+8A\'k[ԁ̮O?>4G-nK7Uۂ*{2\ZU(#1@B\'n)yMnpQ*6zcc^Yf<bl\0ˣSgA\'o8^h*H?ҙOpTbtM!g+5[/yhIōض\'Ȅ$x0}֞0\'.6P3x[ӑ+xb<͈Av@A0\"B1yx\rVH&Mԥ>3%Z\n*Զŏ7LSx\0sv@LihɰEGp\\s(Xܗ\"	F%0&u}H`%rI$DI I $$TI$&0	eT!$  BLC)  UĴlX8.%I$Q@L>y?࿨^S~1P=ۺOײelܟ2b;nw\'̢R1JU+0VPږ=9>b\09/kR EvpNI/%X%2?\0,ЌȔm]\0o2zlێ`Pcwhd`Tֹ%(ND\0Mc9/Ӷt\'ԻkC &\0JK)!I_2zN7q첲\0أfO̯Y־S]Lik\"\0Ia2YV7Z8]llaz0=5(;|P>;H1nF\0+,#>@sW+6)R1Ҫb\0a]	|r\\ʩ=@C7\"\0$Fd͵d7vmwuέps\"E(P;c6!|\0h@ HַόWq${x\0a#<B:`T$j#b1\0-V`F oP$@rdئ1\0RoS%1-A@Qo\rUu2o`K0|CZ~a_R1_M}6=@zdN8XCfn\Z|^6\0s,p;i݀e*\0@2/;j\n?(؆؊J؀Uu̖&,P;gXS~%w\03%6!\'?Z\04uu\0v?kC\Z]:U9ڎQ~ݼ\0b>>u}EZ/`F	\03pad&$eBd4$H.TrI$`Ir.T1$@	$@	$@dI I \"I$$pI$I$I$J$\0x$TI#A\"4\0m)\"bQ2y|-o[kzcU\r\0\0>gH0\nZ\nrGyyvopј1x\0)F\0,T$㸊F\Zg\0u(Rx~=o^Kj$LH뾑卑xb\"L\nxkӀrLo]=˵ePf({eb8NTqPݥ$Fi,Թ`~\'\n|4K%`dtlmaAӧ4)ԶyBSҲsDni#@os\Zke~ۄ\n?<w	Sӫ\0zUFhlTݿt\rJ5F*twWFie<`2qu,**MZ_y#hԬ6	=u8-%M݊&5%Dڝ;bДl-D*XYX\"͖+3rr<LuR8ZXj\0r|rd=Y#-WPlaU\Z8\"f,PRt\'\"r4i$b::>7FC1oLI\ZEF@bQ޶11t4c217tL좥-6?Ԇ	G0:h[Jڣq#te!-2ӓa2\n<HB\'RfT73ʶA9bqJIW2r 0ҕ#brh*Ǟ$ZNR{0ā9ēHLMXN&3W>\rj@~ 1Fda\'H-9@b\\Ǌ6\\I4$H%I$@I$I%D2`d&1YP#\0RI/ %XXXA3	V5VZDJ@%I$	L@ɞ\0JEUc}%5T\0[~k-/պη\'Z;&w;xc{-t[L(yS.B;`\0=m	K/k.ҹ\"Wx:So10Z@׳s,v}F\';@r@\0\0\r&\0Y4ۼ\0OYVOBn<|\r%\"=BØh-PiPwVP)%ajz[\0RW5ҖTNpGs)Ns6+1\0hL>eIھyaMX`6׬6p4NW\Z]\nCŎF`nq![P$Hz{w|·R!a\0\0T\'9]SxF)[ܦ|\0P27-NTp2@,˸=1#>dA#$*\nc>d0-PÎXI\0+%f?iH~[Me$Fx^ؒHe,h>#AXnqYm*IH\0 Nv= o7l$ͅ,BI\0&\0nqiF۷$`\nmpأ+$\'QtmZ9>\'ݾM.]H]R[^yd\0{\Z>&|?$\0K$%I$LEJIdI\"%$@I$0$$\01I$	$DI 2I$I$I$%$\0I$\0I$\0I$\0I$\0I$\0I$\0I$\0 !\"7I\"QR[]JdS$ΔD[ds*\"am0ב=lS\02I8fz5QPG&U`$LJMIP> NxFOLx\0`yĒL=j&:%I2I;pF2\r@c3k缒MsE]jb0)L3$ѓhmlNM;=gg}69IfѴR-MZ#-0nv$c$`gANx$ȄkT~sdGȬOA`n\0&=$\Z\\FDXi$i4$xIOE7hf2$<$	9CƓ+i@NI\'ƬslhI\'V(EL0$R\"#vY٨k/dsZQct,ڝ%wF;n$D1E!U$tc]˒I&$H8j1$(c^I$D$I$RI$\0RI2$$\0($@$D0$4IaaI%\rU$IrI$`P(@7ԿR辙OָמXP}OYױ5$܂j$\0RL|LTI#N\0&Z\0$}03$01R\n,`$ )+ 9_	2I\0A]ݼAas.d	$\\ㅐƽ$@H$U%Ju\'b|$\0VQ^0+8͇@l\Z]HBO$?PyZm\0I m2v\0Vi>$\0'),
(2001,150002,'anh 1','\0JFIF\0\0\0\0\0\0\0\0BExif\0\0MM\0*\0\0\0\0i\0\0\0\0\0\0\0\Z\0\0\0\0\0@\0\0\0\0\0\0 \0\0@\0\0\0\0\0\0\0\0\0\0\0\0\0\0\0C\0															\r\r%\Z%))%756\Z*2>-)0;!\0C	,,,,,,,,,,,,,,,,,,,,,,,,,,,,,,,,,,,,,,,,,,,,,,,,,,,\0\"\0\0\0\0\0\0\0\0\0\0\0\0	\n\0\0\0\0}\0!1AQa\"q2#BR$3br	\n\Z%&\'()*456789:CDEFGHIJSTUVWXYZcdefghijstuvwxyz\0\0\0\0\0\0\0\0	\n\0\0\0w\0!1AQaq\"2B	#3Rbr\n$4%\Z&\'()*56789:CDEFGHIJSTUVWXYZcdefghijstuvwxyz\0\0\0?\0IHèLPv0E׽&	}(9HByƔN$qlAG})4+}!`~4m<0xJn}irisRGR\\sV`m+I]N\0^%X\0{ai0S{eKғFs_Ӿzcܙ.jgںk{].BC6 \\SA|&s|\rͤ#`	i1ǡ#\r}|XXGsנ5ǥFf\'Ybf4PHʱ\n$éyX[Qh؆voj=r{Qt]\0rrx}Nj\"Ộ=O*њ$M7=n%P@#P*is@2\\JG\0S|TY\0KۦJ4@Ƀ1Ȩgޘ	[8O ?!Uw\'gBG|3sNml+\0<9~YO%\'φ1oI	22+ҁ4:fUdǇOxc%HÏbsDJRC\0\nw躀+ug>UA\"ר<rv<W!x;zqf?!qU 7TY{nWPCL5z_t}^%\"vvڧ7JWY[8!S\Zpn\0\ZSw:\0W# d^ghږ!K\\(\'\r봯zAU_>g$EvV #_[8lPX\0vOTE;%SO,PI,,qF,@Hi4ey9u9ѷG$aSv4M#PI}\Z	8cp:qcJKu?kp/C%<@w_oSYVkG5;=\"i;cHE\'pA#ZGԗrd\"kIȼmS;t)cW?gaQ4=Mj\\݇\"uQGH=kkž\'倊$B8%QϖԝEx4HR7Iai\0]aFDjzϋd55ܭ5ĆY~tڙouSkؒ\\q9Ks=\'cRݑ8JP	|zn0>WXɛ|:\0\0\ZFRHOEhHBLaU¼\Z.4<SSzgwtQV19pi}RI0r6)?}k{J毪[8idPƽGVE%\0թW\n~mc\Zʖrc̎PɮKsiu[#L1/К|bP\0Q\n\'TChHK[\'M@ŁϾMJU/M涱3L7\Z4gR3Iu&J&qKK.2@isQfM+4♚\\Ӹ-34isL.E;~h3>\\y82)SڡI	*G#Hym0N15Br{ti;q폥1ؐŴeښy=)H9(>3AڗAA>]4\n-CB55aui\r?BS[dg 77JO4\0x?8:fV{c`+y\"a8>UHk^H7#eyhO1۟R񞳥{G4V\\H:îi&IebHK1cҜpiNI,I,rKItm*VNp]\"4UK)n`7+xZ𖛐+vU[\\ջdO𶚚}(aydnYW+eisݣ0o 99={],#V\';WSy}xOM$_8cBFpZvΟ=.0!PC\nюB?e#ƃ\0魮\n\\HI#\'Jϸgx.ܫ|:\0<g[^9-C դA8uRGey _n)X[B9|{tAYJDHҩO>e?Zdzx>TzbMm\0c\0p\0C*nn/!ʫn39^oʰɾ$3FdFï㏀UN4]Q|V\0|_oԂ:};jh\0R/Vc2Jެ#׽:-r\'^?*#\'^*!Ar3EKoJł*H\0k<uzRQ\rC\'R4\n=^K5I6p@f_CѼYatC]-Bı8cI%9xqsDmMXEDQA%櫳晻q\\74MRD7T{RQt2]nwQzԹĻJ;Ž%\0K\n{MԠ]OPw*yTҞ~ږ;rwء> VW<	1yj3qt8:tڊ+s;Sr\0tDK\\{<۟\0/h>V4#F~FoM?֟Cc6Lsn:Lfe4wi >b?b\0AsbrV8*UqsNZWm}Zh\\;Q\\VP)oS-bE=aoȷ1K6r!\0wZ]GCpAÇ:5K\n3ȫg.Injl$P\\A??	]Xu[blXJ\rҵRLOp5jx4JJ\\`昉AnWu=s2v@̯cwu-JJMD8#׉:5m9ag\n?&bFBŉ={\"Z4y]R0K1OϘx\0W[Am\0pP(o28,4ɩ%~s۞=|˼c`tT&^7@%qFg\0Ӭmt;1,ZwR\07 vCcRxKΚ0VDoV??ޯw^()m\0m}zcՏW]+ty&Uѱ4O\\\Zc3R=buF+\ruaeά^9S݃4QE&+RcǊlF#.C}NMixCSuc~S\0\Z\0SǸjLN=PM	\0_.\0U[ѣ}ִ$ϯ\\\'>:j\Zjmo.a \"+xWnk\Zٵﴖ6Buf?1S\0iZ\0q|\\w[G5o\0ҿ\0p	*I|oYG{Xm\0*xD{)uө*OȓZ\Z&7($zg7tW}e<wpJ}GVkK83x/_ƾ#_Uz=U93unt\0g:.SvfnGkt\'M`[ .G&`={\\i+-Θř4I&̱A,p|8QkRU=\'fXI;427IS{v}饩94cQoa婦@*y0:Y.Uskx꧆Q>,QF8&eXq9/\rw>T>J\r[ܴGpXlV!\\DGy^{`%g2Ϳ\'Vwnk\Zxfk`|]1W`W<=N3S$Owny%wOswхpWK-[B#p\'#@Aq|W\"n؅Wfq_֬At\0*y+r~&+\\<=d*HZъ0ǹ8]Z+!\\܎qQIuO<uUA/5dOQU*UZ#R	r\Z&^p|aHp\'$$jX\ZaMS\Z+`(\'4!>`8|><<dUvx\"c<fj#LJ81y9u8=QrʜpUzq:ZDSxE67lԶba9c\rip\\a0\07\0YN=rF#h*2IH1#\'5;ۉ|E vтLF;;(GEL2IHQZǷ+Vir3D3p̞2*nt[z,Aݜv2E2@N+:͘T]nHdSCz8REng*÷(W;znTTW??)>ƽjxn\'ISw4`[XP9(Xm\'w@:}~}VOlb<N#]Q-kyV\"z\0G\0Ԝ}jגNI5hL&m_9v\'SNb\065mDv߽pO3j+0z)<T,zui\0\nw84[nU/-Fѣi-4L6g1Ԛus6;$Ǹ?~=.廐Ĭ\nd)}ֶa+Xߙmir\":[\'Hq(OD\0\0:UP+1Kc7&8$O2F\\%cU2nѺ2:65X<`xBYF,2(5t}k6/axBx#e7#t\"r=뿙=%{U;fhrz*Wf \rXCc{k-DIi*;So\0Aܕfi\\t?*(ǜ~AUEY1W򍏗d1DqۊM5˕\04mKҷ\0{W^Z(#XUUU0\0o-5ZZv=%PAiqF\0\nOC$ǀqMB)m;!ףW)zɸm0	*)L&M74\rKl۹R@@PI5lڪ&N}jX|ӅuNFj[\n#1 5oD b̾ޢ.~UN8*\"ɔrEF5]FŖf&꥗pk;`ҸcRHһhl ^?Z\rrܼƼXzlifsK~V9=wRYkG٘Esں.mv\rhD2Dvppy\ZU&qڔD@B|uK`Y!a5oa4~Y~@Dmo݅pף*>RgG*odUx\\H8榇d\\ W+]YIsmldu]-0{\0I?WT(izJZsU@SAO+Vp\0\'L$P$*rHp>~4n4Ws3J`kNoS&%qgaOgAں9bBgͻnϼv+.<q_?Z6w=*U;c$$d\09+C2zjq82\Z˖3L\n\0{a-4U榥IKvfӃQ8?J?Z`ҥRFH8?_J-SԻdHԻ*>µSMkK6-r@f<{V:j\rg[ml\0TF?\Z.{[ˣrȒ\0\0<8YG]}g%ɽ)-Cꃿ׊{[kB{{Q,Mv:\rĳ\\0f0Y9\09#{Maou,x$aqnip{Fْta^֮y:98*;f-\"I>Egda) g?н|1<^\Zvb̳L7*93GZWEmnĨdqliGvʘc?ꐎ\0ޭM\rcX`zUObSF֙c+T{jm\\A[B)\"[7GCNs)3VҔ0tmcxh<XQc&pb1GR\\jzڴ(7L(l.z>oVu^.U`ALvdH#0;ӿJiV\ZqU߃¬y+Q9rjx1 c=Oo_+&Bkp*;rNIkr;\Zd$ץGq>\ZvGsy@dqs8+hs){UOspV\"Ez!\"Bj\0<~ҦǑsZ8Q\0UQU\0XxYUu=ć<\0?DZj2jF[!noޥ%qўjpe=kUHSloIc\'+CU*B/\\sԸ1ĢFEDcH\'Tgُf8|\\]:Qp9#^YgJ-9*Ö9֙pgfaNgJy\"Ȅ\"ۤ3i^9}IdtՐ/RJ=PI?XA{,ٸ]x,B}21#j=<#[ƭ?ux>(G\'%KD~-R$[VKor>qMq5O\rJNiW{t~تgwq\"\rk_}D|qNq=gR:KidHQZ\'ΌA^@q5Bqsz.)byd-i$\\[ քwD\03KΥ+n,?=x[9KnHc^qnq:\ZKyjwGYDڇ\0}qY  o\\&sYlO]vʪ`?J%\0HezO[\'\0xA>Τ9>ǥZHU+yq),\0ۭT0)w6H/k\Z\r>խqX#8v{+2}`rCu\0XW|-.m[*?RGܬˌc۽5Il|ܟop+٣SYg9}mbzfH\0a9Im#8\0qןJPR0J5^1r0A*ArMro,QNekZoڕXmQV8|~8֜/w+{)	rNι\0j+[,FXODʡ\Z,&R8+y\'9\0tp*0gV1kSF,S*n&f$psYwٰ:wI-b#^Fre1)x A<p^ɹ69-ZUS՝zi4Rt\rΤ\0pOzt+CMU󵑓cȑ,N9tSZiVqLb^@E[G$e,%XIPpg8Ԓ10cy\rq0*#ij\r?],6s$I«2jOj#!B2vҮ<u=:HO <x5؎9bYG989+RV5(SBl6	 Z`T*QF<ՐRUTմZk; #Iv\"/\Z%x#tm	<Y=qOЊGndc5ĉGquFM5si	H)k{V:um#䤱+$d?nGzޤKEBx8\nILI5%̹8ϥPf5ϢVFVZbj2zIMK41j6jQ9Ɛ1D\0$>ΑU;\"qx?PGm\n\\8\'g\'q$ڄĈJ2ON\rQ$m$ul=\\=ڍ(ll\\0N?*sSiy<_7v1H#*7;w^棺9b`d9cMsjkbZo##[K\rHb\08p@xP7gmsbiXH|f>hu0dx;[p+2vXTi2`y|u|{UձyO8Vj#B~q?\Z͝I䓌TtƷ$]7%Xh(~MH%ƊrjCwi\0%F2yVf+APzTmOQĜ+-fD1:$J\0\'\'T!zh;\"#\nF[\rTY_Jpxh*-)\r{f)U%R5jvW[^<OXeIďZ0\rA\"yOlo]B8#hADAļ**:\n[>질pPZP<jdQA>i\"\0)qXޝ@T|qQ{58gTz[\0Qo \0q֧R+Ďr=EdSI	0ү\n\0a-qr+\\9].A<\0\npuUthIXg۾Tc:޹qZz[Kʹ!cI\0\"-܅y>6`wП\\VA+kT3VD_Gjp}2,qV@8׳e\'ʎmD\0lt-BwvyPökzA+큚gIRL3n31PFnWr3g(ҡUzzVr$XpREb6u.O4r~ҢU[jNMSQU$xڬA\'=j0HװGmgk\nDFKE~5[GiQH\"h61\0:NNn=t)/x䦽m\"o$^O\0чHR;V8ٶ2tdeq^1ncfR\rOJ0?JЊHHCq^ʳ?~Pڵ\"`O_Wc?J}M(K-*9u_?pQZcxpHq#502\nʁ*A+_g\\G7$]G\".)s\'}*,w+@b8ٮqg1<\0\0:^D\')5fy0W~H#ڵH \0Dr2{ȘZ%8;2s@F|/`844ӼQmrv?Њ=C-\0sסV(Ipz^*%ri£\rt<RE:RqC(8 |cx|CaZ=	?oF|W\0@{\0k?o\\,`JnM+5kj#\Za4ȨڡXtsXMhȑV`>ֳul).qR7I8,Mqp+\ZȐ-doʊ3[\rjϼi*69G|U:Nk?7*{Xn$\0*	`	f\\W\'cgN{;09\\MOZF41Tq0&d\n\0x5kʸ4CPʠFqX:-Rw*YάDgсqWX-g1u2FxU\r+?Ñۊ[Cq;UIPfb,jIV$Tu+1\0ⷴ;gvIX7=XV]7Hby\r+c$H\n*,j\0:^>g2T䂦<q{ƺI%h>|t`9=kYpz緷Q4r8@%b#R6g	8lb8UUJ\rD}eH %26ϷzF-e̘e\\\0pI뒜jE뱤e,{F:U/<AY,,|7|SBKcbb$d1\0dx!?/cFWW5.\rB_*]n\'^xI\"@cW|:XJ:{1v2Ws͐9|$A\08)xcM;fOM=pQRpGFc|^<S\nrO\0dǊXĖgf=5Fa<F9TߌWHԊQSq}rd@2Wc۟JD dh%p:[c8[KvrbUFjźKԧO&EYLu誶Ԟ8$UQ\'?NČ5^8\"\nwFzNE-7:£)8:j45>lcGQ՜kB1V8	9A]\ZqS=\nyMoxN]6)gߖ*yl7JH,\0vOoΒ4RT1FhysQQ<^[@ R7c5񷛱hdwbkҭUS򲷨R1+MӔ,WR\'W\n>U=2:RM6I$8ӌ\nӳOD3m+ȲJ&9vp7F?,}:0wGkM\0(vHI7*b%T(LzpAj1Uy-1\0\'?\ZG/\'$#UB*p1N2r9q4Vܾ*߼\"(\'y響ֹ	4]<*լA\'bBr13ִJ	]H09ZHVM?ґ`Vk*b2x$J\rxV?ZFzJz끾P3*nY~6:ҔdrUqJKK.^Nf&̓g>Ʃ\0끏S\"rpH#jp׏f$U`2\\\n5\'#R\nȩ##f\'\'kYEwXY\"QJꀎ2;V$Mn΂H@p9i;hDqŁ\Z\0b)z]2\0lduj\"\Z++g׭\\C۽z)hsIXv8[--%(/VIb9<ac\ZDj6Hi1H\n2āLwNS$Wp*ֶE=W#&c~u9M/i0!=8pLI?=kSgpR<p-x5WTdzxz|;bd(\nN	9V*egT,\Z\\AV^(cr2\\WCm:\\L=Te@jy*Mk,]^a1Pnۃ\n\0m25`Pb-jDiĪ8*ݓV4?,I\'}z+MIrf4X]|;W9+DRpֶvˉ|ynGU\r>8uO5Մetg*W@/\0AZqkg̓ޛV>s0P1WQ<</sҶ*;̳lcc8=ZűgzJm(\Zp{]te)AJ[X3q\0.x@#iRȠH#銯oYڶLX+O9cSl 3nlڠsXʌ%.f:!)Y5=?L{:Dü9\'&23-Jst5:rWҳ!@\0\';QGIo2R3ޝJo:ogU䑤b0@{[a\08\\@F:Vrcc޸%̏UhCƬ`W\0-8(#!_KGGSI2)GCQD0TT0Uq),oqڼ2J@s{ʱf# +4:])s#3@`nZXx$]Z2+J\0{̭+A4bpWve	7\0J.X=ԗ;G6]؟ц|+I\rce=Zd,;a#m$\Z<Rɲ2fYcGU Ub$QMBgw~UqѲĮ#EXo`lqRޤL祳hݣ@>rsGYՊ\n\'	W.êݤ|a]H0?\\M>;;cf!#%GM]ȗorw?JUV\\Pc#=l*K9A;9hKc5DH*G	씀.I\0\02XUtu<\\b@Cʠq׭>.PuHTƲd`?<Kjqeɦx¸>pD6<*pFFueU*FTHaNVrNt>+>px[ZqMsm1tU/$9@:ussGxpH\nyҡ(N4Z\0>ºFLcۚY.ombcifH\'hcׁ~[H-C˄?#\0Sj䎎R9=*>DF˧Q띶c3׎?Z\'MR1* \'jӮwS,*TEsO3ggc#6\"#\0>ѬR0;buWՕVEܸjfUuea`C+.etdJ4ETUEU@UQ\0vZ	qQu-1u\Z{uxQSЁ㑜}e&hk\"jLyjERFBduiFJi=	\01Rׄ!R9 ThmJdB9B@ 7\\V]MilHp60ۓSn1rpg{U>YY=g-%+XgVD`p85<\"%vtAUa6kgh~v{XٴBƝG)?gV4bˡ~K\'62x<5DjCog\"K#pWU8	+,c5?hy$ynn%BaVkdfg]pD.aagά­z1vGGah~uDG(8?n${hF`\0cJ	#WRWey8V.׽!P̊ĸw<V.r\09ehV\0\']g9QűU0 \0c\0RT`׵MȜq\nq`\nLPPI80%԰ip3l6c26dƻpq^AiXݾ2%yXre\Zƪنj*E Nv4R?Zԩcg{ؚX(W]i%@FʮPrTX7G~xuvq*Fszd=NkEK8X[(}[ܤW\nLWC^iUnI*<{vRvV$\'sy3U `\"SF\0VsIco\\j ~_=\rS|)sٹI6TYN.#!dU^*-:ia-C6#۝b?Zν4sJ_eN	Es)IucA?݀%\nb:ПZՊi;.1\0wv`\nOq~҉%$ӛ1-ś11Cm!f\np$G=rO><\"FP7N?\ZFP<1[Ǯ@<~xF0ɦ*܌GIgierHz22dX<)P?ҡ1ex\0;zWķ$TݪF}:c%cak@G%5\\ff\n?(\0\\`޹m&!\'v=y)Gma\ZNV-6t]pT{G7is!X.B7ept%Gl{f%\0,d%qLyNTEd1̻׭wѧ*j½)sW0mI3\0:>A*ޕtK*(m`v泭.ϓݲC\"|2ҥyBG]Q>ĐC^9DX\' 劐3В05E/U\npC8Sj\n9%t%>FGFO-gPYɯ+_~*.no.PIY)^HiyQ^^\\7wFpn0*gUOL)#C0@<cݷ=x]RN-lE*Σi\"o*pQ\\\\ٵuE>wܡyۃRB1\\]xy%J9=py`ت*Vm\\rHlֹQ=IkE^Iv bH<68Ͻ-$[Xc{-T\\Jé\\(+x\nT۵YIߙs;VTHOL9?XɌd5PTX?\"ThۆjJ$QRTB# dm񚉫nURy?\"è!G)p?TgVVq~?*XKc>rXehƤLzNk\'WO9<qS¢I#:8Mǖq\\UJԹa;\\ŻT@j|Aq6xKKpV8\"yUej0fdbT\0c08xT@s6[;NJɖhE%uǁ\"?b}GU-R)%#EEEb5-ؑRA{ e/\0N5kj):CϚ|IU\'(hP烧3,b#wl=HYUIȖ9W^\"o\0~[TҢhhG*n@5hm\\ub\Z\rq4<\Zxy\0<\rE#`\ZgZeUcWciV\Z,	9>ƪ[ܠ;\"I\'<;vbsINk\nnVٶ!*>m[\"Mنsʧ9\nqS!?R;Z\'iX\'\0zps3{Ԝc]3#|pkμAأa\nT^WY.	\Z=d7ab&Ihv\0ian	ǧu(T,RE ]CdVu򺘙(Scl	alrHqCF 89amGT4Fv;}IIH&4tarHq5*n-ӥʝ4d3, p_lr85鳬+n䪏Q)$ b<cv÷ppgXfCv#P\\\"nim8* u\"fȺ:^ng^B-1BnyOϧRYzepODT d6)=-M؝dPA@ dHc!=BPp{VNJnL+0\"hK0\\v#Gg27;VܱVf;Tj\0VIlk+:qyF\ZDHS`˹UNFuI8cu=?wӒt9	 U\"/9V\rgM\0\nSָ#\0UfHvc,}\0SR$8ɭRd 	E\'$kzsǯrWR]B(ݒzq]wخ.udY7l^\0+NKD=icpNzחC/h䖛?xm-<W18вfv<\'{45!|c\'j~\Z0ۘs5	%=A+^\Zbq*>A\Z*@@2g(IQg&n:bO=ɩDRX@:\rdlʾR\0ɒp>H l.IsOIbAR 8yaT48CpRuʒ8;Oc׸#] \\m\08銳waH#rqYI\'\'T+s\0p`\0?M+JbwLJ\0֦@pG{Uye{(\"x8G:Y%I$ras[K6 s#3|`\0##WY`?[s+fZc\\YeC	<ִ:rФ?\Z9j3{u5茀MB B(뺬֖5\\|R[ơF?j#A2Ip@8W$`L\rQA{Tc_-bk5s5fp8\n͞i`\\`TzKH[Xs*꤂!quU9+=願ALjdb\rI$Ƶ˟$J/#xGֹm)\\ۇ5gd0?<WN\")FgKRnPnv}g*ϰ\0h+xV&p譸\'5eL2I	y\'֩\\6\'շ<Vun}81̙f`\'&+\0%{a\Zȑ#h\n׌Er&gM셾Ich(RTRJ(4p\"RFQɆWor^Mz9>9>]ݱֲu;s5oHFo\nIVD\0e:4ioB猟Ԥ/\nکG\'VNIzgr}+5.l]6kbX?+UFf<2`AJˌ@\n=IKs\" TU\0v0X^6a&(i9N\rBeXdmGg@\"([r~\0ո\nr9߃>33m\0YӚJtmd-}(X%Tc g4q}pLs9.)Emnc̭y#ԢӖ\\\\I#cXno(dc[߃T[^#,\0$#,OʺN\rURBVVl)xՙVJgj\n-!X/bT\0(\01p(pQcovuU<\ZϾ|7G( \'{9W0F?k٩-8#!X_XgJUe#p{fonwj+svxg)^ot\n&|$@x@1F:xՔ\Zs;naQ\\<\0WI_}d1f*<t6pѭgf҇<no`2:Zr{8}:nn\"c4xN{CzcbVX/3Ȕg:5--@F\rӚ|q[9dQ¸	=\ryѦ&\"D{.8$I\\;Frc gӃ$Q>SzUy.cEld:֑q8\"dc!O)e$*k\\qIQ8*@IA,]QјIG5m̀^WHEzLFG8$q\\q3;#8<W\":h+F;j29bzRh `vȬmhGzt\0^&<G v% P8tIj*FJ\\ƭ\"ȒE7K@Y 9=RR	duN7=\Z%p̷2AYSxwZ>xWLU(J:hݑ#:GpU*am{+YNpU93YJ	y`ֺnTye9\nxR2ѝ6L`29&<Vg\0jv2XqU8NVT֬ݡ1rd<n\r>8\0VOp\"%ASE!Gӕ+\"H 1{g912T{θ֕>Z}[iG4Pbb:2r۲)Vcg\nާuE8.@-RCb9\nRˌ   :\nǕݎITA0ԍ׊7ƹ[X%p\\B	)ힸ#U-vV RHRjt1۵eOQ2czw\\ʫm\"2$$\"lrpsihc;`3}~5͊\\˔9\rbB9qSE|Fr@G.W<stG郏j$i\0.#5֗|\nN+s{mͶ9\n3s?ֵc];	J?\r;,O=1Z[27sг)#樥sFFV,TzWAq8 ս =z8hPWf&E=;|wsHԃI<.DV˺W̪,@⥷x{ )$֒*Z(oesp8t[w۫B׊Ȑ@ BX9fUj7UcZ$M)SeW?ii>[7j\'8&F`y>Z^JI?\ZtĎ[!P1Q%s8kU`#\0ݪdAbA8\'$p)ʼ*I7#ƷFb.\0Rk?y-V[&YNd IIPa]9Ϯ}y؊=8ю=Y 	?7l=U{UFN(ǭMJRbA$19ݸ!=\0u<Wk}1 =ޝc4#`+׌J:V)\ZZF [ԒCuKtP	ǫVm}B2+BUqWiTxHQ?4+͈H=+/ij$9Tr#e$;Uni38R<~u;\r\'u韯\"jL6؏\n@sLm4xNY\02ۤ(rK	DhXJ\"g0܏JֶWb弩ѡDb7i~SV&`]ᛍ{\'WOId\"NI!8=>-؀yԀ򫭏Ҿ4+shRVho\rϯj\n snMH5h>S~VFZb`# n]H% \0VD̠$Y$+pHzj܎vRf\0G8\0qqQh\0=>r3\0lf]A=sU#,~c0܎=UBg튁pA^=d)4WWd2\',FΌpH=G~EW҄DNѹL)tcOan#Y H\0\0\09eD$|8qN8\0qjN|hɑx?kbYIM4:T7oRX舵\'ؾ4D7!_8tʿ/~k{\rN{`Ng+`l8e)U++.ӸpAҜFѕwA:ʭcbӌ@\'8;s>_Ong\"\\|6=U׷Lu12Bt\0XrdJuV&dt_2&;ʶ\rYڄ~l(A35%sh֞+MF%Lcr;\ZjT#kY2A@qճPJz`?xԱ^:%ۆX7ۤ*gp#E9W}>诡8IRB9VUq?7ObCk7ifTg`6Tspדt*rW,/`LI!dR9r		\0c~Hw82NH=Ԟ*^y<jV̇oNx+VL!aP]BKwXomjGym@(\0}]˘H\ZFldnb9j,\"bk]X=OJIݙPH\'dH7ğ,{bLm@Ǡ-y=J飷%Vݸm+\Z|qMy{0ckY;[,ad[[yrW)H?.`|:|ϓӿrZWiɣ0e9b-:{S%YbL(><rBy9o:̠lβ>2\nv*ؗNm沣}r3R,_w4hy?/{gR9UrxҘsWEr!cl̻Fx]\ZU9%ԅ&}]GɃ	ϮI߾ÀwNX=+<#;6Hʨ<jA^H[DQ7t/Y`,ppkL`*G sQQ=H`푏IUNy ~r`I0`~6TjՍ⏵f\"\\.T){}4בQLu\n2ߟ]QʹbG\\q^>dݷg;QAI沮Xd8Q\\ڽ-I\062}IwӵʏvT~\ZޞT륉3+A\0r$~=Ͻ^1Ҫ62:\0LGiw)م9oY5X*,n\\+ֳ#n9A=Z`uRGPf?.p#g]O=?h\0=3Y=ӏ{Z\'M]eb۰8EqR=zuq;qN)k=ӖEē{(O#esD\\OHvXW\n30;rc,l8ڧZ+ݢsJ.*сv4?_Ύ\0E#\0&R	05^BfDtEXA\\S{kcy7BH#)\'OBFrKו֚)ݥ}s :jC{\nb@EaZ,Z>IX~F!YF8\05qvcь0.\0~*de!+ET)3ı)^T^}\Z1F%\\F>\\c<g粕iM]8)~UAVQ1%ԞIk`̎\rԓڵg\rX/9bNf3t\0\0Zv!or31Ҵխ_\'qQe7)ё5ʲr$Ps~c؃jbs\'Z4r=JVB\".0iO\"Hx\0Ypxֶ-.ETlg\0air9N}je3Kod<ː\0Xl>dq70ʯc3Ϣ]@ +Ǡ?˵Tq[uJ0>ђ:wΦy[TU8=:	;5 UcPΌUp$H>Ny?u5Q*\'8U53\0֪l#x͂\0PqJYBkAΪ\\co_Z+~h$10A*ϨcE}N\\wd575kJ5>ByT4qꠑQ]ֹnŮdF)&àQ䨺U^69x!L\0FGJ4id&$nAj&yKL^H\0\0\0OQLDp(>\rpM(c<*Zٮ-`}=}:蠚9Euft\rWh	W6;Yt@:Ƙs1Cr\0)m\'$B2r/@Έ\nH2ێJݓKl\"|8XRTۊ5.|\n:95fdڝ>Qcq 1Px0̬UQ<<RJbVqgEϯ-۱5ZNR \nKH^tl<rG^{B±ǵYegr	nqW,5)=YyG w5\"De8>ѵʪMd3uWLYk<=QƢ	9QǎZ/tHgulA*qǰYU)㡕RUr{\ZR}G65Ѫ)#o8-H6ĨF\ndUQZc$ wAi>\\j0qҡOAT0}\ru+?Şb2/R3cM4BszC$\0ZJ67U\0C!I?i\Z\0qڳk\0;,2Nؔt#?ȆayܐTqx;0	9yv{ڧ +%уzqN2zXTPDC7#(\"qU+V򠁙@\'u܈\0}MoDa``ry+585f:dU9}XkPaF:qQ+S^5+E֪J|皡wpw\'ҢUv8\0Vn$(\rt+&x̱(`gs+\\\ne#|;,D[Ǘ\n\0^;txɮ]O{:msB	zghXG\'9Rq%S-$U~OsJWfLNƀ?;åY%/\' \r)Sʜ֙\ZJu)ۏU4Ia^W$$j3G򫿳,vkshXW<r::hXWz֥vPBsbzOf+k!>nI;O$<.=JxXz=8J9䂈G \\UHVP^WV,_9>շ\rB!qF3jOdD#ϴ(*P1O?j5,&gpp]?J\ZH_4fH̌iQyKz](!XǦ ե`(~`3u<hnncrO1%Xd?MY[P\'.IEJWGA*$ áT%MS}JQQF:r~y\0Mets`)s*cvYz?}sO#@$q_?nꦮQKn3pTLc\0䓜Vaim@@HgEcA_үϽK|kR%=jm?V\n{ּtzVl\nB^NiA__͏-D*Z̸5VHG3svWzI\\2988V\'HS#:\\q\\޸6H98aza]\\jdm^sXr=qb$cJ60>y(Uf<wqs]s*[3\0x7K\\Q\\G<r()c$enA綛	X7t%pIJF/{͸iFe$\rK8#ӵgi7K.1@G#VNyk٧%8#g@\0OPxYC0YI64aA2x9U()2N @G N\0!R>\\g աIW3g{v0p#|MW?*Hu\'\"U\\ \'cgȭ\\T\'lNx98Cq\\ӌH=~;\0cSFr;GV|VwϒF>^{99ک\0(\\ӍI[ވWFZhQ*&P==*y\\}?*CҶ{)o^\0xlKs̎i<)a@E]fq$o-3_YG`V<JŋnC0_m!R	qe	C<gT&U[`vң8\0Iδ5芣?#P^ڸ%f^1#<t*\0iNflo9 -\'\0\ZX۔cMu5sɎp%<{eTXMZĖ})CK_/#u?/Q%ć}`DU,w(VѡZnZJ8,S-	\0u\0\07(^H(v#8>9Q\0	(]QV,s 㓁;Kko]FeRnH]q\08l7E@Tܠczs\\i4]\'x+c0P|YZq\'@pi{4(񳣦ܕlr8zm`$\nd!%YiA\'k;0zo~p`dqϵ#N\0$Tӭ3-2Z9^@S+Zy;mF]5q*KwkItŎNUR8ʤ̓3TE `g+*w\'1v4H~ÝP9|󎟝\\܊qp:ҢkآFRl߂\rV);Xd4I	8ֶ5dCwd\"K\01O\'sʀ_BX뚶F\'s$RѶybo&[k5Tx;rQ8S,y9+pͶ+r-̮`{津)!C\"tX9R(-Ҫ.\0@[b07!]}H^GGR:I>aO+dO@GafPyZe$^jxQ0r,A랧Si#Փ#&	#F\0jaSP+ 6g\"pJaI<qZSJȉP3^kHۊڏ	\\2tug)(ԩk	+*Y3Oƪ_5N]]\\c*h<Kl\"fRP/ڡX]Ws~ %%+MjG7zgRAc9~E\n͐꒧;r;dWJ%D?_{XigNm\\oF~KS\088>ְVRWwqj7w2J+\"mVl`5>GM:.ϩ ] HheCЎr:cM%$-Ŀw\0_^Rڮ^-\Z?Jܓ|ҭ8.\"f3$Q2ջqA\0OֹIUao1c+rsߚ;Iqq0!\\DL.CujjG	{{sI{w\"`Q®gE[-ݪ[B~o|U$鞝lf&Gr1/!f2xQ͙mR8RsspٹO^GQ=)Q|M.vdo8.\"#1p3ֺ82Kow^w򴑻.8bU˳9frNi[\\$Av:a>f=(TP|cҥRѝ*ɀFuGI\'\0wP\0cנv\"XJmeެ~V!wcF?Zq#u?\nXn)\0,G)<9sKޅ(zqJi<f\\vϯ`ҕDz\0vt~,\0\'BI2	*Y^:,䑴UǱ#$u+\r\0FGs\r(3==ZD0Jr3N*ieeyn$.y#\0+9-椚&l\0bBdI	Tr?wR1{ܓUiZ>Rx5~ۤ?h\0qTYMzl.l|bGe$QڳKNBsϥMee=%d!Ti#u#^:Tǆm5rF1xQֶGA55677cҥgT;^\"ɹ;o\'qNm-,ѧ\0ycz}[M`>@N`)8k^+%Vi[kr\nƥzTeƜŗ{Kq1ۜKX/yw\nz`zvt2In27lFjb@ӅҼ^nV;tX,\\zڮ\"Tl6}S#{@%FH\']^40sa/$<\0:#EF	mZ\\a\"Y`1q;Վw;vHR7uJP-ˬYk!@(r\0i}]F9!-ִ-t;UT(ԂX\\:ztNM^E6,1Kbzc?J(ׯ\'L\Z)8rxx8s)urװ\0\\r|\n9\\7ܬQDag+x/18<dr;v5:2jgGt,m~Kl`$$#مYK@9fGH㓐9Xpj\"fT\0H$1bv]PJRDJ#\0\n{Z<$h\rs?ҞTK}l#*J˻ie<*`?k\Zi>klW+viHAs#&~O=}<bwXWt:Wʖ{`!O-Ӡ]UVp$0Al~x.oZhgj1Ug3;3<F8>^#lyJзoR:hg\nYG8c׊P`穤T)GԌT9=KnVCq\\2wL3M\"O;{*p\n@s#GB1p1\ZNӡ21vcĶ{^QA$c<Etq7wkqn+4\\{0kGSh%kpn_#<zs]E;RXe$qiH-xDNVzcQ6 ^J*\n=9驫Dd.9l\Ze7>\0xA+A\\ք5cÓT,f{PzgvA0$#sg=+x\'{%jvvIo=̾SI\"glP@\'|֤ܴ16V/,UvS~12߅g[I;dgL`nkZw	4q pC)8V.t&UEgUΤ	niZǝ.9ז7DeP7ʥ[ZѲ\n.-%krXH=aӧeYMlfdnq\nR\"we1F00yUbJkeN\"1pwH; n C<bm\nգC4Tu]0Y\'qF9!5e]6T\0ryl`d/3c^}UsqwE{+af7֗@#8#O,(4cowF=U6N=xTZtƌ^QF1C<5ZB<PE2GZO^+g>exk;3{ֻ	0#g&I<\Zyn%GCP\rb@HPF09FO\\1oDd3Mu\n#>;^hilSvztRpn\0JwCi  u\05F\npE=)F	0\08+M^@mJȒ,(뷟Ҧԡ;dI2;\\Y\'dt<iwS@#ͼ\0Ĳ<TĞd)]\nr:^&0rq&up$Yij{)ϸO3\r˄U*NHb`~c7cmR\0\0`q=qSXsAn^`FDU\'!@bOpFٳ*О8@?_ʧ^qӧҎG3RGl9^Jn;ق)\':W\'j]#X	;{bOA]qUKp@s.[inI;[A\rOׁy*9Ks\\0EX;]6}i+s,be\0V,v<sih2v%[\'TL5¯ N15RSFpїSYX.Sjǻ%ܰ$ܱ8s[B pxNN\'͎6bKKĒ+Q%\'G\\]̫+mܞB`:ep3ں8\nbxz(\Z2IMfi:@#-l\0?J:ӌ5u4\0!}gb^>v.X8`whؘp=qP[vh.a0w`G?kI<e۴(?{WZRjGe((٣{h}Ac\\VƇx44o6e9fr{5ACOR:;5Qd\nȅQ냑W{\ZVh~f\n	X0MlwOIkGHRhִ۟m{g=٧My^4@>޳n.]݊.8\0թ,rdzpg \0cxڢpkq\"B\0:ҭ$G\0uyM@8ڥ)\0+jZ(\\ۣ=N VgΜ_\0ם(cT.ţݜd~8#ۓ:J2 Ԃs#Nڬ\\4Wc~vȣ \0OzuoNxD64-\\ r*A0mS\0/ gw9½l5eRh3Gp&9^A?A[^7k\ZʘW\08XVQqpxֵCqDU沧A{R62FZP`\n~3\0S{Q<(ڥTB0rj;u5\n2\\b@Wʞ2\"FAS\0{?RˑҰ\"QRVgqMŴdͼoV /B5afjwlqq|iWK f02IRܒ8\\Ck<c9<(<(iUGe\\J*d`	`H\ZLcX\"#>Je@ٻ<;2EH6`sA%CSQ#.A&0:NǗ)_FY~e|=xP{AG6FFWr28XFr$k\nƙ]7#ߊ#.aڋ:*g1Q2;pB\'nsۯ9I9<QR889W7/zq=+X;{X\'.$>״eu1zՅ!+#\0{:ە{I-neCi2L$X6MHｙG|Xlu7\r2vϏQRiR\0AIKi\0UY$~I	\0֪R[+e+pJܓLڜ]ѝ[ƭ(9%!)Tg<z\0:K}nW)	Mg\\4l1ܱ 4tHOҤӮ)s$n|deF>)	Zs=t#䒿v1VVRe\'\"i\'[E}	`uϡ^vq[naLvXl~${U;;9`lr\"Mce:3]vfЭֳ0뤹uԐXrG\0;,+KGRëj33<$wo++Ěz[?\"$rV4lT:PR_2|ػ\\ufeˍɐsg+Ԋm*t۝4\n#%g!B2I7wr9b\\e#e1s؟Zj1G;:Kfi\0ZOYGsg݀۳[[]t*F+R&48}Na2ۜP;6}_G	ǯa.c@\"4<n8SuV7#}RYk[BSӾ3]\rOe*shTtuʰ M4-Ԟmu99Xb^D8\'lzAJIrNM@G\ng}n`&*w@cӑQ=ʋD+36T\\d}[׮8ޚ/f2׷jrtW/kwwR$e2nDҴ խ\\}܃\0\Z])hƳKA$cShXr>P0p3z&vA\0~TB3988Rq̺Y@N*9	w+oK\'*!\\ଊE)`ɬǂHJ$m>$Fᶱ{kϯN-۹NM+3ī.Vל(̭֖9A=,$\0u?֙[HKYf%%@?ҷ\0UE\0tǠG0OH$+Q9$wN*#g\0`׬ŹN\\b4gj;kA-\'Ԛoj2II=*rk^mA!gՙ?/rYW\nFO\\u<EEk͟<#dnY/\0Xf`{^e:R-MA$ݓUkh,L2#A?C%s\"Ì;Xw3A!x4\'GTԪjP/hnm2FGo~J+[\nsnBFV7p88Jډ##y(xq@5хJvKlȻpgqZqQzF:p;ޭыJRWQ\'jMEJÓL\"d1Q:*íD\ZeH]!@q#k&	d?2?/E4{r|fn-aB9^\\R24\0\n\01FxF&9ֺKdLFg=Ozyd\\ ,W,yT]B(Td|1F1$c\rH@-FGJ4nma%MqE[[ I0	8<(+lEU^F	.$U\nCO\0i|VG#pG<Ȯ\\^f6ۤ1n8a 	/b]<fhT\nGeIRPdV\"eӏ~,pBG^\0)OYLn]S?ݻv|Ê!Qp{`z5Cќpjjf\0ӊBJ>rrGjDibj6\rv2p}21N	  uP=\0I$`v<Tb63\rReAE6lM,7`99\0JhJ17oYRx#s3QCeKͶ\n@Lr]vI]>@~~5Mws-\\4.pw]޸r9Kei)oP}Bc{0\Zx_*e$E@\0Zbn\ZEikVS[xڇkRmً3T><RZ?%\nw%°m\rgIrjVŝx?ҮZ5嬡<+W5z	A]Ő4^7r$)$n>JR8Ty#I85l6xn綶Pqd@\'zRy&CiwݒϱE[\0(NvVRO-GsL+&rHd==\0\ZK<nڹu1K\Zʆ`MɞOLt-w{ihwh;y+1<篧A[=\0+Ӯm.Qb݂vǧҺ{[cѷ/]z?zy{g<rKUq\\χ,J`i f?2c$wOԍCIdkRj-B3pzh׶\'B3%$psjs%H$LIY𮤎Ƕp\r\\/k]4cM\n~DZes[vZ{<ewwqߐ\0v8>֞ٲ*b%=+iw0؃l#vI<|Li\0KdI\'$J(Ւc\nsb͎YDܐԓV03]x(2eL1،T_a|e6+$i\n#sRCjerI:F\0\\h攑ɥ1\0*\Z[(䐂QO>E6h\\HjZ1\'d!U2+1cޔէm\01,rrz{b\0>WgYݛAhr2qߜVgAr:UP1cUnڮz9RzMH0\0Oޡ09UrA#Hf眓Dh]DH\'9+B(ʽB#u`3n4\0\ZTRz)UNZRKH)j棩3@֘jGM8h2;L?OMaJVu\'3U:^*PAjCXk|#9\nKJ8e2ZHc)nh+C{rd5M?שwUA}d*\\8YcfStW[{1C\Zdr_ L|A\'9q,墔=F<8}UYmK)E\nBlz9-ķm/Qwє\\rvn=O^JعFR̛HC/9?6]̟\\\06+[QL.Ib~2y򰌌p>^	f%Y)Df`B8t\\89\\ȎM#rȮPo&ŧT\'cJu,Jmqx\\JlU=\0\0($N4rΦID:0\"V%W\0g\'sUVzμ%ENVỐHvSn7\0\0<S 9nNF]Aǧ5=W@[[y9o~&ee\n蛁rI%8}+(6\0\\nux0bo\0,ySd{ft!PEs`.ʹ7\Z嘸F?vGQJoSx/C~G0w3\0!9N70ew`0$zegs{y17(Ҫ8}{(~P``K{5h+(qN/<5qc7uVݖ>ا(\n|ri*O%@ɺ&B\0L-B}|+pBvp;sJVhE٤D0T\"h?sњ8I\Z#.?}2cqC\0טkNGZi]vr~$Z]i*<{hf%jaݺSCi+O余exa*Xe}ACKpv{ny+z3#\ZG q*\0\'kY=9SI+/_igo#Ot%uUb/\09[W)y&O!+GB?\rxSi;өkɤ*k++21FEa@K[]q*ltbʥ:2Tꑖȁd\'#AX*dƧ.c4Ȣ8c!ܤeu~4FKCc\",$7;F@OIG\n67GsG\0\0<W/}Uf%# t$+cNV]1I<J	\rg}+$/i.g9\0k=.\\\";B޵SUb˴pr?nZıum-0qH8#+2oTJ4*G Ҥq??Z+[ؤ8\' Pǜ\0A?#FrWMS(XUSmZY~t־G,k[G\'lq=\0X@3>\0>w6?\0֪sCgfY@X&?}\Z.6J0;֊-+1\nÒ:t~\\3gz0=zDՏ&팏z4\04qDw/\"2+#)\\D<V?FݞqZ;@1q@דR>W;iו88\'#Wh#D\0\"1O8cs7q|Pd\0\Z\0TB෷x;Pz}\rY\"2\\=aT9VI*Z1ltsZSN[ס=z@:Rץr&(MLWszgC=J<ԡ4x$\"OT\"7J\0DɫS\nԴWPIy#7r^@#eE$A\rqb(Hش;RI-wnآ2[#3H5e;ӟλ{&f8UbA8Ҳn-mW	<m@Ĥd,>+ȍ:ɋ+sf\'\0!PPvӮ$/260Q$Ir}@GG`~(90~[[-ƙD\0Rc-_1<©Ro1bBqz1ҽLi0Pxxnh)RwWn[WZ{|\'͂3L~4D^sך49љD`aw8=r$\04as&^G\'oVܨռ	<Jv$dGqL4;J[.QǨ?SS4cP_}-lvFHz5Nfg:5QrOvMwDP3I\Z\0.H!A=G,k$N|F?Z w$0sH	 X_VO^GQ26F۠t#&!Fa=3\\~{+?;/Ȳ\"Lmc;׳FZYL\0UѮx*߆eG\"BkT*d`bӍG U,fN[=4:֥P!%Ad1ى^=Qag:/gBU8V;\'& c?/9EBskXf&Aʢ62@QHxVh\n^~M0$N}:Ym0Wv嶝8>IR<\'!+BESy{6ⴉS%E!%g)|% \"mb~^HmK,P@9sKF88TnfRG<:h㹎6?6%Vh]8O-zp\0\n^[#\ZN#$Yg%p:`Һg!ûhRGҫH̰!!F9N.CXTR}Zi925))$A[>?hAH&M1,9; *nh($9mO?sT%P(PC`#8*s3͂v%r	uR8uU0,\0>Hd$oC#ma.!69\'ӮJl|୵uR#\rH%Z1fcVY\nb\0g8sj(WF:wˁ[\\8,X.#v쁑}}R\0v715,Z\\p;b8Nq}H5iFZ\0te\n;ƣ(a34\'.sҪu\ZpXu9y@yI%;O=[ۚkzy!XGn9ɧISe2qXzbu]!%/Ю+yrm)%\"\0md#b_,:N>j$[\0V:?99V$XW4\0S˩_Sֽl$Z\nUe5+iqE/?z&ESG5F\0tuvw<\0WCQT.$vf3V$~t[	55FR u<2dV`G Ӕ\\],GN^dtΘϥHSAFSvx⡡3U9a9bc\0֑Za+	SR6E P]w\08ۜU7z,-3B}z֣Nx^95>b(I\04^_g\Z(*?\Zy֠B23YZNXhǔ7kҐʛs#k.c9kVM\'\0{\\5tmwoԕ&1,Wmu~W_g\0%V=7<\Z[\\-`~~W5%A9`O\0XԒm>$QzLNdVVjܧ}3[\rN*R22s~pQ#cH;r I9\Z7H9 a}?{4j*ɝމwNꝪ\\</̐Nұ?UH)IW$2݁<V۠ⴌR0pvbP:H\0*ʍgE(Fw4$w[\"ydHĂ]r5&X8\0<\\42ODQdSqB\02{*ӴL\"P,n˸YlΕMw&۴	ϮG;?I\0?JBH@bL1Vu`D)$z;vFfrr:xQ3@!Gߙ@q\0*3Jd2	20\0TM*^+[1@v@csR&3xWi~ey1|J9m9qlI-J)W9R ``q2cl0\nO\nܧ+e>E>\\b;?\ZϞΆ]G;=Ut;]Rqcz*@!=<e<u*j?yV\ZĮve;wU/tsnrɱG$FA{)\\؆@w\0\0_0@U`91h>nW$ݱ$3֩O7V(ȬvBBA<)YnnNw\085`GYʐC\nB2Z3ͩX\ZQYUL8Q/<}jd3Ƭȡs]М2\0\"BTd\05\"PȬwډQVuS39!RsZL$|ޝ\rB$v2$J\\2G,M~YVP~=kpo.Y-q\\B.FĢiHn#E-q2HGR?\Z+;OیVXhF7e~6:Y$~7ˀ?z{bFl*-4ZPQ	Gk?\\ݠUf$c,OТyh?ڬ,kPrzp5j8kУ[JmeEX;Mn0Ǡ5oeina4(\\U`(WN`G;J\0:\nph/ַ	ޔQKb{\nAeTm^΁	,mPĜc=ig($5q\"|\'-\0xUӃ.XRE/FkX[jA?g>?M,rXI4}>hÔ\'鬯n,n7	z{\n0z:^d2Fy\0?JUҮ|h1р\'ǚ;=`AʞƣeU-3S\'#\0OP}7/*1kf\"ǎqQP<XTWbȊHv`ij7@f9)y5e*gP߁9U g+F3T<\09LSe9۞}Y ^}I=k[uUP75\0g;$CV4䃟N{qW/ns%#;C!J䶍Z9؂\r\0\"X8Aug qS׊]>\\ʪ	2@O)c\0\'H#:>nhI}\n@\0>^c$\0۴dpA#F	\0q5ΤD9RArk3ˤ5$(F8<zUWea$n62^կEiL錚9{1B1Jw?|p\"cjľ[Nm>u8g^z1Tg#8+--XAB@IW@8ݎV_sZ\Z5\r~BN+.m/#92kxx֫55\\\0#Ti{)y9ڥ~<ˁ8L$ˀJ9+7FUE֕Y\0X}iI0]CpݐIK+`?\Zp*#uE%tWOCE`bbCoC\"	ROCML.\"soQ뚧\Z]})>pfsBӎ^\\忶^||9#|͂\0c8*rS\nN`a;Ԏb.J  TOVإ$l[^KGXr0zZ08׾sJ\'*H	EqrRA8>TEdJ<HbcrdpA險4vI5=I_2	@{Oˍiۭ<jdr!xǎ%6-4>̉qp1t.\rj4BXl![<ޱQ\r.8֮[*sxZoHX~UG8A99$B8\'\0q$JqaG\0VqP	H}X\0*ލhZ؎X \0.$u.;ÓBI$$뚖(02R}Y\n=8f)\rH@_SR\n)خ-&?\nv(UQKF(\nP	J\03ùetY%\0m^\0~ByIOr	&-o^KpȍBPe75ĶGDluAIFCsMin$ieb\'>zWʊS9JIꇜڻs1w#xҙ u&Kn%\\P=N$m\nفl5:uʰUq+aUe̷1S`PzҼx\"Ķ\0Gro=EtXQJp|5+~R*R:{\Zc 5S\"dO7n)\\S)\nTgt\0&Ki@<{֖)eMH&$d#\n`ii&ai58i2!<lt!Q^j#g55|s7 - 1$r.N31Kfo\'8Q?\n%p/C=ͫw59胻0\0:V;22&\n>Ʊfߒ\08*v7O{+6I\ZHvz9+,<%\nsƗ+mu:pAb	\'dìi҃b6}[K!y^GڽV-hW+%cDr A?.9\'L.zI\\\"G>orI]XW0{lּ:Gg$^:65[T\0\ZMbh<|$Bm$mR?k{]i4$VX)>J]+ң#k!㑝!9@w<gR*]J@0mdsH8v+rG#u݋\\[;:<Q;`FsM,&$*H*3Jv\0އڇӗ UfBXb*R1+a#\r<C8#H<t\"\0@G\\iסHR#Ps֠7^}2rT\0`p+	a\"4yvg8ۈf\n9F	t\'vweO!F+_e+=Ec#iD7I㐻][}깃ìNh$ߍz2]#E]ė,6	Ƣ7!\02:\r3H]&IH[#·UItI |c4{=UF+KbXJkoTbU1ȭ+}vG%xvn:d+;Sa+ta|\0qu8Kj`_?`<_eGEo~nXS.RH!&?[c;\0I@Fq[vN	SF}A \'[ipʹ3ZAGLS^\\\".ȡ}У;Vq*\0\0-=@*ь؁E<\nZ;3\09bQL.R҅8z\0@	4uoS^UPB;NY\0K,rs+6#W\"]\0dxY^G$tʣJ-MoK``BIf9$1,ĒܒzN%6~ \ngڽ\nȧycH8yկ,zօrj9FT?ZG <󪿗זVsڦ4֢,H#$VCZ]BM¬>}:h\rA8^jHP|{g\"\0㸯M#4~dS^kWA/=8aΓcu%-Lh9$Y1}02=@\n*MV#*C*Iއ>Iއ}EA7mX})\nCTX\nj3~Uka?&j\\@6/ceN0=ִ7/q]r2粉0\"`\"ŵ@>u@2~#Z2-,\ns3]pi<k9aJv0Nd4ӧR6I[RO7Z#߈aۨTvk1OTrZ	,OlGkqv%ct\Z:*Be$[i΅p\0CO^TTjݑTȮh2Ŧ9;bz~5ii}ۯdn䏛p5mպQ\r :!Ɋ]A>|Re&I~=Hآ~ʝv>d{b?+π;\0_2G-mb8`\n[cwӵju8DqU<6!8\0cj4:(`tkXFiY5QEj( jѩpF}N[ƔQ.m,h:-Hڤs=1CZ(JxZxCKUXW\Z8\n]}\rQ,N)qKB9@\nON\'t^c()dNj$9^I9Y7\0\0H5ʨ$Mn@13sǊGYt]\\IL嘜N~tú)IDeRaݾ֑yR(^8Z&-*R(\0@_o?ZA`Z\09☢ҵ)V7QPmJSR#\n[o7_\0E=̻ΧY?R9B~Ҋ*$?v/W7L֎*}QE|4RE&1QQ@ДQLcMQP{\Z(){QE\nCE	c29:F:EJ\04QL@Eu-SN8SSZ(:E`õJPey:U(H?5fQEKG_ğS\'5MǧOƥ~Ҋ+\"L;=WVܤ9{}*\0qV?'),
(2002,150003,'anh 1','\0C\0\n\n\n		\n\Z%\Z# , #&\')*)-0-(0%()(\0C\n\n\n\n(\Z\Z((((((((((((((((((((((((((((((((((((((((((((((((((\0&\"\0\0\0\0\0\0\0\0\0\0\0\0\0\0	\0G\0\0!1AQaq\"2#B3R$Cbr%4S5c\0\0\0\0\0\0\0\0\0\0\0\0\0\0:\0\0\0\0!1A\"Qaq#23BR$45%br\0\0\0?\0b#}(uNr:xA	yÏ4U>呚H`-9E?xЮ*0S,&^Z7Y#P	MT}W$:XalG䢞B3W __]Ź[:>_\'2$\"N!B]LcdSǖ!$BBmXro,)H?h_tB:hZ;_Z:ߴ{ht*: v	ۻǑY#RE3͍8\'Ñ\"SMBs~q)\Zalm{\ZbYu}l%2/סοLe\0mbM519xave\\ 2\"=ekűX$~z;=@~Q\0ι-qi[M\Z\'LX0i_}\\*\rgVF4Ν(wb!\0wh6iG!@tiB<;˿D_&yDM&8QYF^Mт<7Dv!!\n$DbmI\"%CJu#%\"4׾bZVw9V2?ߏ%5\"P\'1?m!|%XF9=-1&069vA\Z^Wn&3aWi)|$m(=#7M\\ `_wh;v9GEryyL[811.Mb!`8\0#ķ>Q\ZF\0x[K<a	)VL2~.A7ԌjGp\ZZj<H+r5)\0>><s}5fLgu#:i<!CjhݨY@؁<`0)YJbŌ&ql\'bgpync|bdX^m`b#{C@\"c	%-!ķî:yj1Q/nPrV#P~\"YEy1ognR@52:MӸj\"X?\0w]DXRtM%09:\0::$9*\ZCJmCЮ\Z*s@\rGCQbn:_t<b:::!C::::!_o*BЈfBVGNcL m 4:Ŋ7Ä_NXB7h&G-t	[9y统Y[HZ駌$y81s{Qm\\\rm[0۴TQ\r:|EHZh6񆖏\r!fyRD>[ΟxFdCyݎ݃lb#[HhV{؈L1:sxs=zJ=-7,8,^1uԏ\\;l/EŰPH3/j~Sym,0M}߬2vX%KAl@\\ZY8h*ʴνX.k[_4.;\'c;D8>p6i_R\'vl;b0s5EX=m߈Ϩg=E~xH1na,dƺ|y7`h]!d%i	V\ndfty}&+B}!b{;x*X_׽! \"Y򄞽\"d놗/Hleˑ>OĆbCĆDZBO&\0r\n6^Hc\Zhf$v,~)Nbن/U>Ek*T҃I\Z7\0,ywh˩o/`vy}#\\!$[Z9=`w# \ZlZ}٘Gmo}apPݼ#&GHV銄lsV1tYܧU@ԁ_i5Ë__.W9FuY7Y\"$czD^X6uzCj_jM	x\\AF`SceL\Z䄱q!)Ha^O?(ry#pGEr[bKGprqhB[r׶/o4so3JlUbL* Xx֛A=!\n(<\rǤh4\"yYS[\0o^(i\r/q6hˤQ\0?(аaOI@?hK!\ZvHXk\":tqq/?-upMZ9RHSp?,tFs֛GJP\0I#=\"-)\"ۃ\Zgfɶ5\nxJ~Tc	IlxXe*T=Րp4HΗwƩTō71EWFfZ\'AI=*\"i\nbTGÏf,QSNABl;*H@\0^a+>{:m>GM9^ʪgvY7h\'ghMݴ\"ИέG;fių>P[M(֨@v6\ZCy#Q|IYɥ`0tB<~kkvOfIᵅEYrVUϠꤜFʋ4zCQ͵\\I[jFfVڤ[)\0ٵ7u!6Fb`+h]c\\I$0-@-^F,ߝ c^cL\\ې|p+y=s!\Zc=\01q}!/w<AVO{|wD\r×6\0:^P}#ۋxߧLp\'Lw!6E\"[\"?߽b/	iްH^jþY3\\\Zksf_BMېVd.O݌EU\\ ^{bp4΃\07T^yuqfǞIzf\"ScJ4a0Id1R5߾Ur80oXb@m\'s-yi\rQ]/	)xӕ*Omd[tQbFx􃒝1oN\0xr\\ߤ:^86}NsϻG$[N [cӞ{p$S hR/XG0ls<\"Ȥ7Aia~_x,\r-%pG?܏\rc%i$$1nYX>7\'i\ZoA	^^#\\}swzg@ gWܯTo}ON\0\'oohTFM??kwEH`kR1n[)Txtp\'O?\nbhIPD7hZmGf Q\0w~1KwBO=}\0ݡ0BOXsK\\í[-\rt_Hu.pBXAVGç@9ŦCvY06Ä`0Zz}+Q\\>	m7Υ\Z\\Â[b[WW\'=\0\\#5Zg{nidTr<EݱZmU&lӟ+M(\0sn}usFInf-n\0MzaB;IM\09_Y(\n\'h\'\\\nFX-#\"P2q߄]ti\nw7:ke؃kͯzhs \0jtG#5zMxAC6!rOjyi@c\Z<׬\"\\!:ƤypDǶ,i߄pO~~yZt\",-m`q6% \"Xi͵\r\rSU8V O*ߐ\"oaV\0W(J~qp7\"L{@hCTy0mdoD9^-nZ\"2y)ZE~4j3(&Q`ߐ@oɞgVIUJ\"=T\ns*pG~0k[25XC\'OiTFҰ.22#L`\"\'\rpɁ#G(X:\ZyДd`tGIS2=Tɓ$JH9[=P\rq\"8\Z)pJ/=x?1{DrL<_Ɨ1\\\"L$[X1KBB3.^J[\Z=ғlz,$a#HM6u?H82ԑ\rigi\r=yųE\"ʐMK%C\0oOHnG\0Ԓ/c0jg T\'[{U-1f@O;ǞO\Z?f44x?[j=/zwtN\0%Nq_w^|G~XAh&/\0Cn}ϯ}.c /$ʜ^cppl/RY,Zѝg͈N/[$$SO6Ԩ#H^\'Q;\'m\'d_ݕP`%Im5[&UɛN1ӯ -#Calkng033}?=Ȇ[\Z_I\'+MƟK%ђ:ؓCA[@s۾{Xl\\rpO|\0[77\Z7O\\\r~0TC0c_^ԏ>y_̋۽\"e<KW&%8kALKDoܞ|{_EDIDr͠P9$6͈>j^o}@\Zxw؆[-˲\0]x? )\0.<Zi;2i!K59{;:\Z)go\"6~ \00иu~GTR&sO{`X`zw TۘHmpT8O.]3oۿAI&ӖξF.4d$\"1BT\"\Z#a1nd1nQ|yhU!_}WϿW#\Zszo=ͼ{@\"G}!B9:u=PXsx#/3ˆb4:x̋^\Z߲UZf^HPˑ-W\rͽJT*4cNcDۚ{2tbhwm`.5!|<[9	$7l^zjM,$u,:?66n|rʨ_Ci7&3\nMEƌeЂӿiuYɕmMpfVF\\󍳩&6qv>Sk%pu\n6m~%]+2pAhg]CCv=PeR <Q}%W(ʴ]ёS	+p\\r߇zT&ӒMlAP*p\'__zjWEjyźiĺK_:A	VUHo&v8жĸ$\01L$7/h\rQv9\"RdYv:\ZNNblNSf\'yE{O*s\'</Q~^ҡ11Yv#LL`[C8\ZA^P!߾!=ѱ3d}¹GG~Q\\.cԌ=S%GMΗ(QZ*t`(>//-<RpMTFs/2)*xP|l<!\nM1	Pkb\0	D[d_u\"!-\\tO>\ZA0=)mַ5pKFwU,WCiUX3E5d,[ئIK=bϳ9߼EVM7Xԃ~qwٶnF\"4Mn xZ.r+65\\cL;+XӟA\'\'i`>JEÜy~HϱNJyh9DN¯g<VMk\Zxs0	 -FJX!T{u\Z6+_A_<ělt6HhMkwc;UVl=sA߈G\\Zxɳ@}PW2j98jnzطLN\"V]\0j:xۿߝR^qmcJ}ܟ>LMcb;bC.]z߄yOn\n䑧Kw1u\Z#^skb￬lՔRO.\\HBs M~rawOzCUnqts|-l`\\V8c+&xr\Z^\ZwV7:D[ l\ZG}x*86:_\"Ks#N}dXɗSpGV^\0/*X<\rc0	:ɽ<łiV*IΣ_H>/\0Xn㽆ѺI2]MjH-˗<CE&|qssύgC13nFVD2FO>go>l;2F_9{a\r>\0`|aK6<U}/xX=FoHPa#9\'<oyAE[BFĶτEA6Q13L3b!JX_\0mu;A6Qt$1)s-%rZVܳ`Eۑ4MoDޅp3WiYrH}ҹ~\\dDVeʐyiI:lb3X?\"UNm\Zw^^.rZsg8?H\\mRH\'&H1%FL[w\0X;}ޝc66Nzk\rm?/0E>#LH(qBЕpУ=`^=cxUyn&={o:J:ؼ{\n@{npeԻ(W6W#\ZP^X_dJ먥˕pN]fVٖm}\n\"+URWB*sxoDc`Sҩe<{-\nLdx}Gҫl<C3皞}N6PxGX]n/R={.f9FQ3mR\rIӿ\r,g)*lw<Mne[Vp[ut<ԥbnrWI:fXb0O@X?_[v&WO[.3-l|bM\r-0)\0n\Z6~b^qO(W!4<\'\"=ln=$e+3n+ЬƟr>ᰳaabQjU4ŔzFLJ-.BC}(Qqv\'T82j,V@#Zxdklmab(3\0=^^quU9fK6tI]\0x8ݞXBYX1hrY+9gk DAט\Zt(U<=.t]cCr{\\˛Es0j+3QnL2!izk+9:HKuW@H<{hU͂m\n@:yZ#eI}d[\"*2\rMF#ͭDpj\"_(mY(ytٸ	IjyXAŀ5{NxxLrX):\Z8q\"M\01xA\"^*m\'FGhΦ}UƁ@-^K\'v9 7NcAٖnmA>zlZ[̎QX)4\n:G	D#\rkGǖ:7!\n*ӔDi{YBu3i@f}bd!wF`\"e%R\0\0n-Ï\0m/]t\rk%7\r\\Ʒ^KF;iG\r5:+gc(o<m&EX_-9oGS8i\'/&\nBno;\\Qs[y>0*jD܋}}\"cKDb/YNթhS])b2y@y/)\ZO)y>\"ե7E ^!*o>\0%APEϾW<߿-.3o\"3wLXUZ%,n!-o\n)\\# a77r̔rEwxe|iXcODse\0,}m8qPk~ZaWgT}o#0m9~|\\RC3\'X޾.4Xqmc\":tCj2Nk fCoW~Fu|\\{%W!{W^ሙ#@a<sBm/ߜ&\Zdx?b+Vm55$_a \0-kPF׿dg$r,&a)ai\0nyArnom3?X&|ObMlbkSzA`@7pdCE#RybG/122\029Dh9M\r\\r%i	SB\0TQlSWZ+UuPo^NQ\\ǿj2IW/(3KtZi*5O1LVw*&}5w\0\0p.b_g\'Zze˗RS?ԋ~0|9N-Ac; Xn\rfCK<K\n~|r7uzbCM+qEjnj+2>ĤRaP5(E}3ǶzNA՘ɵ L\\SOZiY6ZI2ۯɁx>=b>ʹܣ\0PD\Z=CEtw};1úrBmxJ!.\"\\󁒺>vg\'M	M;=QO4]{Hgq&{vtܔ{ۉʳz\0)pR=IKl[gd}Bfd.U}LKN7zJnE}\r4۩יR^qb%{J2KnHSdҖ&Kf]}YVq-2֙h83M3Q8[Lt~Y%)o=A6b}Ki>q0b993/8D\r߉\r\"m6;4A@@dF\"9:^Z?];#MTsȥ$nL>f8@ӕlrIEFYl|BVfib1Ц2?u\0O-3TqnY\'*i<HvURIr%3~~=\"DR7lkc[G+H&e\n-͛JIp1kDgsTD%Fn4FL9E;^S :0NvW\0x\0q{;KbϻTu(XAB[XrBohMm\".||\\98i]Q]K{Yuxn:uRe!Dz!&wl`N<I-INŦIW$fuf`ccYe]m-jZ?$W0|\"`B؋^L3q&\00WZo}OQ{EV$MI+>h2<7\\g_GpgoluԎ{:)Z_^Qs7>Z~1VNL9~zOvqeshWiyz`εGɜ>I6Q\Z/Qd9Z=0H~T\0Li=	$6.@lt$_Ӥh8͂axeK\'_\Z]^ڌCikl!ɶ\0\Zb&<+UG[x_!x_<ǯJƆKY^	\0`MQAdZy;!Pxf_J𼛋uB8RY%\0xX#mI[Pҷ.05>d2v4pRinsKqHvenb{bԊw\"볍Zl-£S<NN6@Q=f>Ye7ʕH62!ꎔћEI߲u$jw+z7̽tM|\\3G3:IQnu᥎\rBF 55/d\r_]cAkNqzǨdZ!b H9RgKU52&`#D;VSC\'v.s^30[t`qBѕu\\*st4P\ZlP+ͣDJ-#A\r&\ZEr/cGÎSēx3Rlcz\0^9%@q~1ɲy\"\'36)ݝH#ʿEX_\nz4}a*ڂA>#.r||Ů*YN@vb:Abo8O,d۩~YnRy<tlDX)SAAQтR[$Qfif\0DT `\"؋[\ro~dV\ZrΜ%^a\'7!	o#`{\0ް`An=;b3ׯ?8\"dkןw^S4[y/P;J_0}a	A7M8]a -0*O]q	>W^~+w7>[]mzél\Z\rۗb\ZHQq\r!7X%O,*l%(nuY)t\0\0I\Zi9߿>^I!ZZ.KA0Q7CƷ1#HvNH;;	>~XWyw#;N\0woAaF/l{`S~PʥM7}\"6˓\nņ~Psݠ2&D.#\\w9Qe6<e\nɷ{1sSr%e-WdZEZZ.<JkOզmp\'eĵQ\rXn.&(C-{ӊ%.|gD\nNԻ$L\"p&{]c;e~Sj^Yμ,x@?Vf\0iJԫLVOXkhf\Z5Ĺ)BV2XkK\n}4ws,I=*d/DnY-كre>oq[\0Xknvt*ǻjQ̆p0)r	G8A5 $~MX$qӜ$)oEʾ߻M,5z/SRɗS{c:-67?q[/]Mu\0>=NnIrT)ݲ#[T%m	lndrڪL;12P4i\\.^rfVd#܍lP2G$nN3ͱS7%I.OȱV] \r<`&כ7Xau	ϜiĢ3zlZ$Y..^\',[+KgQ7&x9,t4ݍfbf\'3vJVg8xpx*vvE\Z=3lUY~#13?\"bƚLɵ3:NiXIc\"PE*Q.\\\'_xɱ<o	*ɩJ/h\\/_$Em!ok2͢U+F}B/~|L2ܖ*m:/F\Z3Xbi糙$	y/[9=ug8NX~c\ZA:|߽w8M2\"G̥Pw@Α~eq)u&؉f ^GةFK 6A4j6KY ,}|`%Ma2l}6Yq-)ɩ}L[6a7s2o$sq\\O!锪R-&]h&f;>Saү)e)bo#OQk$ܓpŏ%jCsIJF:t ZM93&),s ̲lضhMf*`|6	8$t]&TqfX!mgK1__HinX,orS*\\񂓘THSk1Wͩ\rn_\0g}mc\'E2a|)w=i\n/o y˕XZƝaM2PI\\6E3yY\'6.NROqztVm$3ca4J0	\"HdqXS\\Q{\Zg[eXZ0\0C?dk8\0]T3ܓ}ni{ZL\n3t\\B;Jr=a\nՓUWJe{]Y Ӕnj1ǲ@8TeIpLs$L26ĵ/)`4#)CҮZycEL\0\\C02Vcf&1lyUV|:296:&4J9>1BﾐZ8O#ToóI%G@GUe0=-g@#:ͼs\nThӦ;Q$)3MXwxx_E[p~O\n\0x]Si@0٘\n4bYGуgv\\bg\nAj4s5.a3D-hj=۪\\\r5LVgdclTdE\n(Vٶ\0Kgo[a(ZϷlrjssl=WQ\'$ԟ5^1UN_&	<g5ϾЅ1B%c%.tפ6ÜP{5bN\08v/{\'*lX{\"v:&XR^l\01jM\\:bϏY)P\"&:\Z	b,Mg<Ϝ^d[e#\'oCT5-~qkCk$)-0-s\Zi\0(zqH߬\ru]/q:)x.!~ZT:w< _L\ZTp!Zs##MoMN<:奄by{]1;=mnqܯp~)68E-t\0\ZXk{^=mXI\0^?^M0Eb[\rËyywb86ƺpGMyszl+,@\0cKAj:Ĳ$m-/~bp\\\"KfM82˷7g&8Ǭ!|8~L6XO@9\\SW>V|CtGNNQs\ZĿ=cH<\\\0a A*6NÜyY,.PI.\0lŁ^Xq8Gl,Η8:Z:5k\rQĺ}\\to+u)8ꜘFXoQ[\0l2)?hP0\nqudi?gI(֢UYɹvH\ZyF][{E2Vh<3.Q-65bx!E鱦߃|pReZY.Z\0D\0QEA8>q}ewC2qFbSqr\Z\\jqdCjCs-^M1;U.Fďroԯ6f]t.t%>GGQ83YgvRiUfRԫOk1v^m3k\'zx\rlYsIPV7ŵV{eԽOv;&ƪ	nC^\\q8#,2K*Mq^iZ6>\\+RGtaZ|Cq	Y\'ӯ;+J*nbt\"i*yj]a/0Vm)S;E:L&\r^کyG	-\\ E/\r*|-QGBOy4}bE]e[}!ZKܜ`=( 9\0b\'.d/i\nx?.(Z\0mg\'1[0K\0$֦T|V%clbCf]~vu!Ût*?mnɶ_fr\\g\\ ([<#\Z0ZhٶJW6mE\0`JCRg-hn\"jrv\Zy]_t\\x@pA̺WO0\'js? gLC.Rsigv*c~4aHpLԟw	E<f0n:u-r1icio˥O-\ZN8b+FAi EFja\"by@f4Jw&׎|fjbAm驅,JOSmimصmpPMng`Ut(X|1,Y5͚m+I*m\nRHV\nRBÍHuh5RG#?]Tn)IPiNPjg}qX,%m];A}\";E,b從Jٶڛ@t FiO86S2Kw;uvڟh˕ܧtuCd\\[94ӇrK(:i=vFة\Z,26XfAϿ͒5%\":zy} 31-,a6SV\rzߖbr1X02[LR$YjU)p	b4˖Ɍv-5QOnTmn|r9-t$xc\\[5K\\b#\0[-ӂO\0!#?HRB&uQZ2$gr!oo~D@}Oh8\0;:/:6҇w7QSI>~1IX\'2^&978*ru4ը\"|mC	ڷyIN!7^i\0__I#\n361^ȻL๹<-x943_3{xa邫bRg\r78\0]}Y Ǩxǻ֠.2k.f8g\"#&^D1\\#nujtRj^nq.\'#?80V:E\'fMVn\rb|\ZfGx1)Gu߄\"W|\Z7ܫ&n.4ӻDfDqhaަ[mId\roEQ7oӤU`/H\\mx?YM7Wp߬fpc:6^QE| P<CABTJwҬ28*RoSԑ7\Zf/2WgiO,3 ɐN\0*|^5*/zh1E?ev$uSy\nqYFZ}]PY\"#~6BN]\0Xp4SyٵǏhh	y{GlZRM-+hח<vzF:RΖ/t״3͟O\r8:]sy6fRV/A-߆k\r<Izډ_z_x˾A\\1ϿX.^J-aiR$V(y$6G{&=;_8!ɛs#B\"쩱>D[z\ryG 66%<Ԓ	ƑezAD@:iݾU3R05LÈn]}\n*K6<#vo\rLnN2I}m\ZHl\r-yD1~r寄89׿)R8ݽ=;Fx&@HH3*`[rض9DU]4g,roz*tt۝FXцʃ|i\r`Ӧ{ܨ_~pޠ5aS8: á!`}йXReIn`cnoOtHZ*pC|oHˇ*fGKv\"m*]4B7#b\rlsfMV aZqBU(a(HHLPqG3a:{=s#U-*#:cc\\\'WZ/89v4&*u\Z?*@E̺[\"	leAl09<CJ\0eFME:|]jEb-qMaMRocpAcKۊԴ?.gq-r\'5XnjE:\Z	<u˂͛JbmrRM§kt22S7dؕqDu-~x	},%|De+g9c$MKyO\\bJ-%\'fftMT<\nIƷSɦaș9JN8C{<hG<v]j_h&MoY9fi\'҆B\\hZ$=50]\"Atˬ$8\"5_W?\n6懿]禽{TP*hO>=ҖyɫfvRRMt*byOyCLC\'Zq.\0|-F+nL8$X7s3Ү0+vڍ<B\\\0c5i>xױK-Ҏ04\'GTZ]	Uv[O.wP??v]#qA}8DKT]) )Iԝ]z<>].I@S~ѢlcʗkR6\rgkeܯqdjKm#/1ħ~ṓQk鵳@vZfQCl6R[jP\\jGIOXS3So 6ipfcf6hO-d<o$\ncyQSeN2Tonq̰^O88Jsa\Z>&:L:--\'(hM6s.=|lQfxMh\'^ux;&-8ܷn\0 }62/0f=cs\rHͶ?F8x7/.m\0ffeINB%ly67Sp&FuG2뮷1܍}[t)?4q.z~(á)|k$H$%~Ӝ\Z]0\Zyw%\ZCl`v0iEҒyR~a9m-H#\"PFVגHy	-+.ӛu[W)$te+$ųhSTT;kڙ\ZZiq`\\zNx]!׺_av,?%+(v<[K^+8O.qK3rrO7Ӆohu7J3+&6Eu.bpJAL7VZ8ΞqRIto\0ON}.xhʛDYiQ	!NdI͉pqybX!!Jl9*+|űĈ55BV*lo\r;+,ΘC\nƞhσB$yr|/+s:3MzTO#6&G\0Z)bn57K9nL`~:E`^\rT43qL1oP*ml|sk\n:qR8>7=ŗ{daT{B}N+e/nhp+Er\0/CMbxG`ϟ(0xlTzBT\\\0\"\'.,\rcp%_	!Kll%\\D<q0\Z\"o%n~Wvq+4ۉ^P`\r\0׾5ׂ<wA&Pӟ>bEL-,9X%. c˾\0`-#.ז-/5XY	q7rM|Zғ!m ;g7+(܄PuHSc1We\rlAbً`!o˾pl\0Wk;f\'Þ-\ZV<fee8;6D1QNa3bHA6y-@D*jr w\09\ZAnP1[`-kXږd^oF@LXl[8\0^HOSZKWhxycgXlS:󅮷ӻDS+Y/x1GO$Eg%žc	a\nnd&	k\r*D=mhp/L?u\n~a%r4>bå?h*TkhR5*T\'1H$E\"ڹ?Fa}\"8Z䈵qxmTqb-Ǟ!dƶ*`8W̧t\0\Z˹e;t@i^mo7>df\nG5\Z\"K*xcdoOH\"tjHPjXo[4dZ68+wfTb{(u9\\=C\0b\"܍22\"@C&63:AݔM.eh<Dŷe4Mn~\'^rOI뀪eEWohPuBtVnYoTVQ%߉X{G&x3Sds柩U2nJ?=U&+S[:D̈́8L9T\0gWU\'lˏ?\09):#2\0+֪Ndۇ`\'>n1J19֩>\0c73&lYQRp|RNNu.p%rO=nI-}Z}spqp5&Tt)fnS5-172P\0h%Ra(bν0vIIg$͢m*\\F/{\Z47D;R;b:=NJF#:vmևpY0FS	v[R[pt1I6)v.Jy\\m~\nv\Z\rX-2	};@K.R7Q\rLX\\O\0ظ\Z#tY[.ܥ:-szfL6x\\!\nY{|\'?YbPK>3-(QͲ76D제m#K>\ZCΰZd65lvi3N@ f+)Xxܠ\rOZ<[i\"_}ŧthG8ʠRi4ɗNE;#SC8fVO2Di+.>Ȼ_h:A]NEi{ML3aNH1X	7?!C`\nCmͤ[\0f&H[(߱^]/2¾^ʉ&\0HLQf[m/3|>}[N~$|ڑh̗_87,>FY[u-	}uX굕MjnrYIu_h(u7KE~I_Ξ#\0a4С9akf{$ͭc}EɜR#q@&neYQ#6ZݐKjBp?Co5p V.?x\'CbH{q|3L*Bawb9zUy@sDL|L)0Y͆mEb]lˉ(RmŹDZǼݵH=4MdFx(RNT	qԛ4N9O5-Zt`ʗMiyA]hIi)yNL\"JoZR}FQ9XL9}הRpVIʣk^#&й]ij	+mBNO=*Obv0e)QIKěs7\ZQ̜JI2Jh\"Oq߉MoC+o-VANz/&\rib>N\0n-7ƹ1=6e>Ĕ~b&x{s}!Ȳm_?3=\"D{b9EC[v8P#~(YLX\rWQMi^(.NV6e:X3ׅ\"T8[^\"Mwň.8p5Le{߯~\r:Cjj/`r\\sdf^~ql>Qeb3/	2ع\0?/N\0?lWgpZȔn}%1R	:Eja\rqNnOW\r&]QSzr9Zw☉\'E$-t\"xǾ+8bLrӿ[lM(^w%J*`m_XlS\"u9\02mVŲɁM*ڟNP/^VnzdyaI\n[+@IʑɦƖW炷Ntd\\ӿ\n	[1h\Zq<?xMMj;7Ó\01G7H{R:`\'ZG:A*\Z*!`4[ SO^S;-kEҝ<Z\Z~ir\"?s!ƝmCyslM>OX\\ŹǜSXɛ}a\n<|`d`W\\ĔW9\"SJ:^/.ȓH&䘐Xhǎ\"b:#mFK018M.Cy~-;mHQmCJo>X&9G9׾\0Vhdu6\"<bxZ&i#LkFy\"o 9LIݼWEyX[(ԧ )ČymA;Ó6QI\Z\r~d~X&9ߠR.͵ɿY$\Zcn}B/0˸kv]cNNvNפ8	U+<Ahŵ{\Z0]\nc{ZhrٷHcLfУ*!:z(3brxNmkhJ%,سgˬ]ve.R\0@b<c]7әi3)$\ZeԸێ-9\'$de%fB`)dVk|=#V1u<\06mOLO[%R1aD&OYCߖ[T2/2b9D* 2mlNPIUV[M&J;o/^I%`%3xKhTkl=.ҮEƾ\ZSj+Jw@lN30}%p<48`~%+WOﯭwG\"{Yv\"@dju>0h%PD6x\\ysnqLW\0P@mq.&y_[r*0߳6Z[CLUZKM]cT<mO5/T!ոr&l \"U<EVBfaC6R켥*n8&u֡_/P\r\"i@ԻNU8P@X(Z!UlJ!Ծ uJ\r4PI͊|~HC0eA\\+L&|N{ŻbϿm-T:\n[:El*R.a@kߧ!-e^TE7iyasMZ/ty&kڅlS<&\\ͦ).E\ZҩtH8M7S|؆Z([7Xgi\'A.vl䢗4̢l!n/;+\\ʧiHlkvRjbRĠyt+VIv0lܽݭ-%~6֟xbFrc?Av_i:dxqXnjZ\r.-r}\rU9GgH?B\028ӵ;(i}>_S\r\0TuMRx~&\0\":hC*4wCKkDme6qFc0(Kέ[`)xv;h$&vuZJP7cө0\0nI#(R%R\r璷\'KA:WS9Ʉ7ZZ&5S|/vZscK(mˤ<e$4YMMȷ_\'_ly\r>L}%#Bz@KJJQBrJu\ZײJ:}W	6٩	ig]x&Ӡ߼;MrYhqC`rkïRQ}cax!mbr}5]SjN( (70zQRHK9%-zhbEG)V	!Rk$XDmCs|-!\rKriɽ1H]4Ƒ)m߄V)<}CKryKn6i*bS2{P\ZAowx}#WK 4ͰK&;tyezN9-f%lzDpSo}ÖcxG(xAPNHo9a\'60*R:G%\"8Uw}!;!10Ta	o5sM9SbMO!c[sӿXmbG9l>^|)ϔCl[XPzEAS[NUI6XN4U+vTѻOb(MDDu|9*B\0qe@	=(&}OH1\"5BRhKb8-I$ǎ=< 1\'+{`ۙ6;g69\n@zD˧+Y:Sm4\r.L	8	LG(\0_\\\r;$Mcb̙`y^Фɋ:WR&\0\n~m?\"7NDB~	6NIDT4>I\'\"X?V&	<·CO3}۾ 4Ľ\"S\0$ُqoHG:nQN\"Z<ÿX;-\"*a-Iz*\01LVs6n\0!i7R8\rH\\]\\ n~x+ܻp/\'jG9\nrs{1b\\]tdxw@HqWS-cHRZQ>p[erI5b-^=l~\0xh}bcDx$ 6U[1L;?lw	A\r99Vb:/F[X\\%Źh2\r,r |F4\\9\'0\ZqW\';zwMs_U	\'NF$iHSmBް_\ne	I&\0ߦa\0!#S\Zn,w9籮5Lc83$͢c3\0V&2MN:+e³	&<dGNslH96Qht<G9GfU0\'dTQS\'OeE3RFb=FniɇD)WK#\\G],jMtϱwuWZHZl愜Km[=DZ,͛g@vR`6*1ʗ	ڦR\\L&SrehB,P9F;^vn.JT:Ŋ:%KejBXEl,Mi~TJMf[=A<@\\\'Q@]2\'is϶n\'y\rv+Jmei$x6Ud&%L[YI]za7Ȋd0S!eՂxo\rpZwX$Y)%@ktV_r(y8ܽ#LyDZ}{h\'(huX;&m	\0˴QD-e[.!\"Ќ#5?pd ڦɝO	!ȉ;<pxvnO_T{|Q%N`FpB\\}@f}f2/T|3)S|yu\Z(56K7-#;-.` !˔/ⰲ)rV\0zYu1v`!D(m f!!iJn?D@/9|\rUv{O(\"/?BKBv-l=B).Pĸ*2-:ӓk-t(vg=򜵦g!ֹ~&߸e:˕\Z%ML\n<E3	YBYmhen Qrzuٙw-2\r~ؚLeλ7:j\Z\0J9@<t?~o;2gjossrd&\Z>}[{7ocdif(]%fJAzcR.ߑ/}pߌ9zIYL0ہXHg*Tyt&Y.= S[twq[t+B/.mS]K6aT>^S$ᕀ+]\"%䜑F&IGǪ2alZ{m̬|<6NMT.OAԀn4%Ie<1ڟ/-1-KKf]t\0j\'hإNIϤW6-M3f.P:,/;nNR$\0A\nҨF<uaNmuj({X\ngutÍ(n%j\Zld|*YVڕi !ؑoX|2Ք6̠te\'*ڔiI\n5i{}*A~V^19\"ĲvVN-U;Jy7 Y@bu**ZA:mخLp\\*%RyxArmpӽbl\Z#51\rmbcL	JSH]sQ+wc:KocФ,#D:7zb07\n{hܢanaVsh;H7lZM*$Bל{?@_;_(\0¹g^2c&,Q\'o	D1:kUXpwG)4uĵEh!.<Tܕoi[!Bò0ԙZ(SOk@Ѯr\r3\Z*o]\"?3=2ɱj^\n;4PnG{\"̩4,#IlL62B,Բ$#o&82wB[\nƐqI<Z[>6~VBd=ZsĎt߇(o9\rM!Զ!IKfm[cxA7\"&%~}DϚUBy)(#Hy򄗊YZGucEų-|!MH\0N\0><98;7G}i`uMN-knCa732`4GߟH3fyB$xH~0-*\ZU+{~pa65:|:b%p|cc4ǔ\"<I\'c<R|b\0SQ%\'}aC,E2ٸ!+xSIt+9KC:Bwqxú8FAZ\01hC&\Z[rut\"8O*g;p52l5Sz6}c%ʪ]sXd0,:_N؈LV˳j|lAy̟3ޟXiO~fԫ^G#M*D~ʍ߬E`\\m@\r0\"*̶OdӮϿ4sfXr1\nAkpNo8ZܼCW!@αy4D{Y:H21zC[fFM8刚#\\p5,Ӿ\0=C^`v-`\\KLΦ,%|-gS}#:x_^5Y]9}[Jyg/}۟[V52$Z$\ZR15!:e\\D٤oX}Xd\rIUc/NOIzZ5:uʒE:khAX\\_XViS\"Mj@P0VSuN113*x`*J}6s>qЯxi]0\0LKfRN_L޲J5hi,In`͡!D_g>[Yi6k<.T]T\r%N\rnEBٖtF3&[ozF]IiYN4͈zX}Rnvpq\nE;i}A3ryW7W1\0_sPZH-vx{\rES+JQɋFee37.{i_[.G؆4\"-MP&z]榎B|}[e\0a}8\'kNT_Chm `ꨝH#pƎfSic{&|?!8۪U?u*)l_*>xـwfЉ.HُeҜ}V&=m#5d\'Z{b-vWLG92I7FiNJݴHϜlg얽M!*rY|_?>Q{KoN.^NJ,EiZ[)m0SGt\\j> yXU&0ɓtjl \nkg G_Gb^bUtj@_>+=Q٥٨]ǔmn\rWAx(]\Z=Onm%JrN<![Rg癛\nyӧiu<rӞ&dJvfMͳ\r5?fnrYս10O\'Ch)^g<m;(6&6\0yBZl\\C_V {\"vO	Ok1\ZL\n`fGp{KcvNbm:ˎS\0ʪu{$\n\Z+/Qңqmڭ͒;9$}#oيM4r`JM9ojapt9$thSHA\'Fm{vSD3sݒL5(Tq[#>8R\Zr{Q\"?bRmIu#ve6d-òPAsRڤRjI\ntj3hB#1Y^qR0E}(W).mZ}*ԜUʂF1NQ-˃HSȼKd*ɽk>϶+Y4U]b!W%w>h8%6\r*p,wp.W{Jg҄Ec7[+E\0+}D\0PO!mGR)<Z=mvek߰XJH+Uy.˴/@FZx<,OPU@π	D>(g<.%C}s<H=24uw;Cg=\nH.r1Ï8^XA&HjnMXӾE\\BwuxYsS9}l۾\0x^qFE[]4SDzk\"\0F߿,U\'ׅawx|6D>)zGi,5hJ|²Dថڛ>Ǌl8^FжAmc:sﾰ>H!Ħb[ HN-c0$Z3ûq\0J4o^\0(ُNA}>#,|cXy?MG}ĶF\'cz/\0!\nO=uӾ_zoއW1^DccbE_\"4<;:1JuWIaяy&$[<=<@[]3d\0\0hwcUXk!rM|)okv^\0H?,1ο^KKWlBE\Zm)-_wT/lG͜IT@IL[C94욟`aHm0ָ0)x6709Bhcvfjz}\0<\"̤#^~hxU>mu\'Tqyc%[MZgu߬r\'}\0}RIDi\ZKuOǁoϿ\Z~̲y[]`mqo$Tku.ǉzwIZmH	e\\S^\r[Uf,%I!DxA6d#]Y%{bEX9Z>ya=#ocv)o۟(aSݾlehq\nЫ%BfP\ruH!\'qUVc(o\0׼7>T+\rBJ,*%Ku7~)~$\0d[E3k[f\Z@ q-ⶵb\0_wYtc9V%GE౩\'˿͵ki*NH᷾TN#R|ոN]9I&k}3K]q#xK@zБ`0Jr\'UHh~Vq+pJy^\0ZM}{\01QS#S	N:zDGS4\n/H\06D\0F3j̿\0U9-p,{i`H+dOK,2q&l~\0E6.̛1*M]:bi|~W\0rx{ȧ;8$G\0iHqCCU*םu?/ԔlS0()bnU(\rb\0K~P?5.˴rUqn$8ih][\r\0x\rzbpG}#bFH^eV7dwPӭ-^JQ\nG\0[kA2/\0kc 렆m&*N{ZWnIe\0\\!gE\0s966:{	divI?;\0	P̃׾q~ڑ|EILb\nX_7\'$h\0/$J܋\0E%[?1V#zk&{e$&G[x{bpƸ\\RJm\06QT;_7G3튀(Kb=u$ ϳ#J5s{|j,L!9uyEl;4Yjl^ն>qkK5&6X(z=+-!{?.VXotDnn8Z}K/#*\ny/|U!(#<:}\0jܭ̯\0m#>SV;x\"Y-^+e \ro!}⎇1\Zl*Q\0_{=ܬӎ|B%uHVǡ*6L2I^\n96Oa\"ǝ&MdgkV_SHKwu#\n=ݴwŹU0(׭ajmˌlx->!N-F:D)9T3g\\}\nBb\Zt>\r5;l̿<\\[\rL4E֓_N,:X\\^w^qI7vSw!X\"=.%t-cY]aQᯇX׾i|F1w41b<(>|?LI\'.\0kZ\'G+&*0_;#ob\nc\0XBY	Tx#0-xO(DX!w.>\\ͭ>c{rA\nMsL!C\'x<\0uzxzBF5hxB-x Ol9sZm%rέg1=lUA_M&Gx,r~0Iw1nwްˤ$ev؂9DTe(uuu`6vI7Xd岽yfU1HI)ihlIIy6Mu1)%E9I %+#$k]-rhK2QrUlɸK8XLMa;t,mc߀K`&Iߔc-2\r9Tvj奲8J\'SOur<Rmh\\pZ=H4\niVz_Xڲ*r[f3.ܥ,nxF27}{h_Kt425*IZ2#v?,\"AȶL:MHiJ`t[yZ%![Imp\0Q,)k[87	m7PKSp9fJCR!S\'ϸ9n@_`|!Z;ʡ=I:7ל[jG7\0T_,1Zuuă	Hش|^Ů0-O8q2]%\"ζ25-kyA@0!qC퓌w\Zɲ<pxߖ`{\\<M;g_\"9uC*]&D,Mo|D]>>\\ɪ[)[\",1kEz΂,ÝBp,uBΪh&=cfWR\\6&4\0} `؝\"^Lr5Si4HWKx4*$0~N@mW64>N\"_j_#mtb9QV<HH#ޔť~]1a\\}HսI0\\_A\'IY_%	O}`چ\n\0<J??6qq~Ъ$:d\":ۘ\0O9p\"wxeJ\0ӿH t	v$icQ-{\\}bd\'MaĤ\ZkNw\"ڀQ!\'[E46x\0nfad	zvbr5M\0q-,6/nwVG%6=G흘VG\0:\'>ɽQ!\n\0Z~v\0iTKp,ӻ{-~~b\0ՔA<l!|kKR>[\0\0OLNPgÀh0\Z=p`DGARݏ}A1&c<{E*9~#k{nT\ZHl[w׊ON=v!!S#76ɲ^4P2q~c`P͆m{coag53N.?(d׹yHDWYm+%%nr7q{^9m_!Zv|j#Zd;~i`(DB:@GyTv@7JH(ܻ-yTfUR.\0QG.)rBe\\9y{n(AW^\"/\n\nE!An\ZyF#Ȩ>^xpѾgD$2ۋ\'SxM86Eҋ,(KWPp{;g)qLh6U@y/M-\0q~/??J<I)@~\\b5[dP0.uJ-e\"Hn{,~Qu]g֥Kݵ>ZǄ0-/.InmǓL%q-(o!W h/ݗ*Zn۸#T*infc齗\',Q~1?87ה\'ozm1ynSdDug\"qF⎰y(xbL}xwhdDС	~xq*B\r-X6T-<Uް8<do<Ԩƒ9\0\0H\01\ns?aM1i!EI[<0#\r	bV߆TyI<2x@j*\"D*-ti7\nPZ@$gY\0kiQyQ_sK8)Cb4iKL0N[\"ԛ7F$Y(uNJ5:d?U,~\0h$]HAZ<Σ]fJ8fM>$کtEFm`\ZT%;K[\0vEH}K\r<U\0J(@\n<JA~]=(u+\0fMtKي8pI3T}mEe\06вzG_ЪĦEWcӘR[,Jjau.죁K\rYĬ<\\6u[!1IVfQı\\SK23Enmmc_[DzK~~{$Ulة\0PEX?\0:(ƋV\n\nAl1=O]\r5{<QJ;IENVV^^ A4ļGsP%2qnK`A c#_-6{vuqH.!@\Z#h5je\0!EfPD1o5;vIdsYҦZQjÃ1y\\*l˸%֮j3rÛj[/bNgxy	ա)<D}Yl$#$%|{gz`\0pM\0<Q*\02>5V\na\0orT	@$_z{\"L<zT]qlQ|N&1x!6&q=;O/,R9+̈́R5N\0(o<R-?HHy$6$`zG1BC.qp,nbpbz=mRѷ	K\Z^\rg8?-ʣ$vd|>Ì^U\ZA9p?, kmv,U,+$ɰCN@ȃ\0f\\P01*SM@\'E,߬j ̶Ol9<M/\Z8. MP|&+Q+nX<4\0Vp@-j/YVy\ZCjm@XZ)5%SR\r{Clo{u!y(LaZW&E{Yd:\0p|Mu\Z[chu&J~eIMxDtC~CC^Mމ=(xqLO<<oRc޸hmk[Hu,b}(KrΛVXBwBQ?o1ڋ7bm,￤pz~=4I-C)5?x@!{oJxbGX͐\r5OmI$_wVr5_ϠzΎ?\Zt}B}-GyFC=?hznf \r;=^<Hw$ym_۷5rG=,\Z}EƼ/hG/\0BpyrpiG<B#ǬCU$iLqS-K5{8l \0v\Z4jq#P\\^+O{SQhC֙A>BC\rjgmvRzQɆ%ƱALJxM5.uR@tttB\r:wZZve-j*\0P\n#>9s\0Im*]#33OLW.~GSed[d&1\Z]Kx]~qGc*ۯ rZ.XXd\0Gk킍PxOKjӅBZ-p:)˫|yO54S4YN㉼ֻ\nh<߶m\"Ti|tMH3δ7w?@B[[?8U*$T͍&׌ԄcsbUd\Z3\r8.H^vsc٧\0Oۃ=<M:)XYf\\e9>CkrS4Ѥ]kX@F\"{UW:Anq{9+SM*@Vy[Hws{u)w0\\E.5m@UR΄d:Tw)G;97ZMwPrEz۾/KSB$y5QYŹԟQm\"X֋\0yQӁOŜnRtג`\0_evG#D6@88SS\r4Kd/| \ZjPqE5LqTH\r3u[MvE\0ߵ}%͛ /cLKPuӀ~sf#p^wh4e]m*Ym[׼:Ά>qZ[\"16ĬjԎq7R~bXl9$`cc3̺% &~(䜂ݘs<r\"Vq}Ig8XNMAuT5xGr_8&,LxA5mϯ/&mkny\"NY	snHjt(}廓u,Ș`3k?l l\n-60ʞ06\"1ŽoL~%$C{6Var\"Z+o\'\0\'L~Pwxst\ntפ+L\ndh5=^qG2`\"f<-	~5NZは(Ƀ^:^ϔG[\Z\\},?8B [9QTe윱Wi\Zm-z%U}Ppڜh)sdBfu)Gڣja&&Er嫎4v_+dIp2ڏ/.\Z\\-8`\Z6i<CRﶣtG9W	WMŘl\\mꊷ[F-6/tQmLl%\nUӈ=I\0J#+n쭵QS_v-\r%S/M,krJ3Rb;u,S^\n^3wW\'y\'<+^3YJm5LzE~RY@:T\"T̻T&\0 \',\'Kl8͢t\0k\\.\0(ٻ4q/G%.RBn<FCjqoY =bUF]1v?0Sfۚx\\qȺZCr/=Ǖa~m|;\rNӹ?#jK2n᳎$\rA[b)v\0d#*1T2ڮp,~uCmm܃(Hq1oHnu+_A\rNzti\0r+]F.OM<wn!m/L&uhp@_Qslxw&XƵl_8eYb\rA=14ExSt-lI#H\"UXl^]9bjk)2]2ɕ8Ԓ{S eF͡]2[lӜSqmG@SyN?YCH~tW(muթ<`\"<lzVJ̡?}-SnIϩ7wlNJZ>O͵1[=N]Sr1/BlOK|I9>we(LC\n6wq J<YXIQXjx3Jm/Y*Pq߁*ch]u\Z.o)DO-m;99,UsUi7ȅj5MYkl&ݚfYDÄ\0O=P&T=@vv^ge1ٺS[	e\r!}{`sk]骚n\0a-jqQ\'\nQr\r4,\'U+CTnrI |viؙUlDUbZnZNy\"j	8I81\"XUFQrZUe:ĭi^%}whnS\"Ja[H0\\i/jIfNrF^2$=HSeQ;\'weIͳh)eˇ+^nNN;Que7(e$ۼz͋0mv6U1\\&l*^`,D0yb%寀ۅЭehKe[yFPFk#o4<mRsY<XrccTfZuY mu*RbZ};V6vSJU<:3	,2zrme\'$#-2,oq~0z}s5S+OHPul4wCI$rysvGwT糊*+u\'#wٺ_P:/Eސtu ׌7=v;v>QH𔯍xu\\ԛ;59Gfqk˿?(48}a!hiarB?2LZѳbmj^\"vЯiq<Ir􅤌[g=k_\0(;cvaC`1:n\0ǹ=?8n@6#W@?\0/(UR\ZyG={\0oX84pޤǾ\0XUTC|qQ*MŦ6OhcQ׵?,Y;l\'/}lRRiG6+bfUIi	~e͟:\0\'Ķ\Z=-9UTIMXRZ))<Ӥ|3!{k6~En*90Cm\Z/PحVޞ:>=o	ܻl)JJ_ovRgI{i!MKޣN-kAa|EIQJLAmC1\0E٪Ľ~%U?4qܓ6έ:5ѯ+H*\'\'%fĮ\0>ve6RO^f5lϗ\rCaRM\np R?(+P@JDysk=;5sRjC:o\'x\0׾:ӡ!iʺpؒ:g.r[\06<;KmeڴﺐP؞9LqB\n8m-*iR܂[LxUeiIl\\w7D4*)Ӽč:أ\Z0.#=ӑCw\"~#b&5tJQ֦	q;Kdw5^U%	q\Z#q*ź{iilT	r#&krB^6t\'f-&B%ZEa= 6N3E_fh.=$+]lK:Chz)w\ZXjQSjܿ(3GlXE[kim796dn~%Ì0H7WwMЩ#TZErd92V_X qn<7{=HǁMil=?Sn4s[JƳb\0ҟ91sAg	W*eŵ.wlJx\\)5ۃI9ł5ps[RbČS-ͻ\'NKf.).H@Hu@r<zC̸UGλ mX(}<`ZI8ΖA6W`]GMx\'[_\0珔Mr=;kGYl;HVu\\wuaFǾ6lg<\n?|2;CL-Cb\'P\n;a4#!{___rϟ?կ}Z؉h\0:Dg,~>oE8:ǡÕpE,u7s76_A_M;\Z#6`ohXpai2>d=a%kULGqq@̈X{;\\üsmH<ahNT\0$X/YeBa&^u%j1_a\'7)[}\nKdc\"Ff,9>l7: kASjvYȂC&RcmAZu-V\'9<u컘:m\nБPqd6\0`Ə0ɔHJIK}DqPM\r7XSw4#i_9i^onJcʐaUoO=| v!L˭	Vw]֝C`cx#Dm `\0_($ܻtWIg^Lj\'Ϥ&Di\nh.y@I)%>;\n9xKE)ׂ^\nSnܭ\'N1}Ʉ?M,+K!sS$ds,BaT&s>5#H˩xoYC\ryٵﭢD{:6}|8K\Z*\\/K5&\0p]d$&fi,:|{14\Zx6aĜ!\0`l\Zm\n7G\"V]8V\0Ө]B<c|=J$\0;4O,\\[m!6mmG\0	؄CYs4K=x\'SDb]\nnnbb&ZMt\n@̣o2Î4MtVRa2W7oneo|/?qŶHQiS[P$xz)T+ɧg.~Qin]Bč\nRo-pQ~t.qbB7\'8牛YL$#kdJ7W(t)twJZR\ZZ𭷣JI7-7 i3[\\xS5G(3	j4]%eG4=LӌѐΡ]bciVQ/zy`\0r#|\ZO\0~雄qKwf!.L\0L6joKaB\"ΰffI\\Mߔ^cC\r&QeWe_}A?bAѥEA}/k`,Iiees{(h%cUTe2kCiH<a\ZC{iay)VmS:]nn*eg%9QfRvI/Rdui1@j~%\'ٗRnŞ}n]H~UϝdFw_/bnܕK*C|ouTJT?)4IMs:PZa_F	>u{(=m5xp?TVUfSYd~A!՞rfMfZ2TۇW-iDYHR~%waNƕ\0\'ky)eJF?XZfxpOQ;@%7e7+EjҐꥦrkiI~qf{冀4\02}{ 87}LOdOJ:Ӆ(X\'}.J,n_o̅eN5m|ޗ%TM)<g̻N\rT\0[Se޵፪oTFuz$bIZZ\Z%@pOo[5Ʌ8\0[gԹN8k}!G-Z^0\Zo!3.yh.,Ԫ\n!ƣl[}3}b\\G$ruHF?G@$[۾oj#\ncFx{a\' [Aoyҿ2~Э9_C+#	߶{­=۟~0$w>\0GG\'52&\re[$m1\'=_tґ݄wt\0=mVkkCr\"VH{dM/ٕnadJ󨰇4\0Opb~*0?4>eu={WjY񲔓rG84k\nu|nkG,tlS)nefNUyd4BRCt\n֥K7}ןK	S쫮쌜{3LG$\0{-u	õ6C0fDZqO(snC\0QoZFZ䓛FAJIr\0O.h_j䚿p\"l\0!WE/H]I\rN,[DG\'Lp!6\0eN9DÅhE/^9I7O|\"s=G13HQuӔ4dҴ-~P4gVO[v54	ltpMI~CHЩ7nBGK\Z#O=YdG1ڜx9;9[c15(KSHtߟ.;bA( xor	3kQfnc^ D8iO+4|}588IIQ87<B|oAs1o:\\r\\3Lfm7ȶyFg3#kebj?ou<؊NIywe\'QU[H]Otwoi2oq߬O\'vE-J\"Ua\r8V2C7u$\'qfAZ5+~a\\Y_x_۾N]Q8n\Zsj6. <I66d6NI\'K]%=}Cڪ-/eW!E?w%3qb29iRy]r?8-kCjOXme؟,I8@Cw͢c\'qDQua:AEt}\"F_3<É;^񊺦9κsk8ݰÔW}VIS7[:[($.k\Z0\\`.~\0yT-wHz]貴#HZOW[}W=9yà\"OHK`k\\k̿a!U	=ٽlN3ϏJt[൹t&\"Ý,.i}\0K}/IS`t\ZȞ\nt־h&Q0HS?(KL8.:mJ$js׎FVB^n৘*lV.qy/\npdjNE/\"SqXjsԡԔRBױq&ZnrE80I/6iga)ν]6  ,x}Mj0o7 #_(KNO\rƝL/NRn%e	iam pRRĻRV$PJY[sV]x#¯wzTgeS@iGögcj̛.	NNYU\\[V&t_$Eq,\Zc8JFtղQh	\Zrzh9KUKqXJl>;\'2Vn5\Z`_C4tiNL9a1^56r6j5ϹbH(Rqct*;<CN#TIJ0XMlYD}Ե]>PJSL7#W!SSIs?\r1&84t7>DN\'XB۔fX36ɖ-6T[A}Al\0ݘ\0󊳲xn8]peJ\'S(g/4?ܕ)#NYjjGډ٪2\n\"J%]m{I4?$k3Cnt^#eUly\0dNR0- 53T@N<l\0TiIBl`v`H?tխG\rW33/ 	Tkf3&dihʙ}OͿI4tan-*.^>\0BղJi9}{lrvQ\"fAf\'IVJ`ץVk&}B/uuԴ96wKmQ3\0QN;t5KNm;2n+@L/-C-StTzѱJ8F:ԿV\0gnK)e\r%`u2JxM3Zd?*ʮ <jxLaWUcvr3G?Lq/zB[c(T*I&ܒguj\0n$s:LR3Zu3$LA]hFPCk4YWɌalel\\~}N5~\0At?L#\\[@@|觝Nhﾭ,4 O\0DukoˢFרct(*R:\0sqeZlIIn\"\"Șva	ۧwG]8ܲ^FlX|}JEs\0A5\'Zkl\rw\0;f,V\'e5\00 S>V-ے_oMMdVӡ?a}5=|>Ѷ0ͼ\'yGCMYDީeTS!^P#<y5%(E#H/,0KƗU~G֓mm:tLݦR8;D3WǾƱ;LRBAfy.79{=CwzxfߏQ~({+{Xsgctkm)Ò:?\rP\0:uj8Bӧ/Qi%rAeX+o\ZhXo(1n6ٙԝ7y952qnyV{\0\n%Ӂ\nXHt0c~W6Ʊ/.-i=QۿXGоNôX8#EX\nmcUcEF\0ޱ\0޷ŎcǑN@V3odiy&ˮgGAa>TJQ@٪UZ]b$d%_#y_\\{Kf-)BN\r֑ȨKR\"ҙ`>tGʽ\'$닫3NA>Es!\n~vbvMVJl1mR6QXt~5ڣ2-tZ=qd3~Uݑ٪]U\ZnذQ!F{nvdf$Za9j;aՍJ̚$1Xvٞo!Lu\'qgl.P=q<\rӥ\"\0\07go_=b_=Q+C&P=4fBG(aՃID\n\03\0nwahT$gy=VxwYDL-cAF-)2}OY\0\0TFcV݇\'dt\0ǩW\nh%lu#i$POxXE.t#h&Uer.>XyaC|X_,/@3×1N?hfS	6\r/54k#X̚x\0!8~t	)7ƍ$vXUg8/\n,eТl~;98<W/7p7R;X:>{G(DEMq`yFlE!-|j9lsI.d[PcE])6qkW\rj]Z%<UYe?rXh8r#z2O].O!KS(P%\Zќ{Mbj:\nlq	 FB?۪tԉ柘%\\$Ed^^\Zi>Mi2q\Z0-lROG^Q)vN%4\\ڍTؒ0EPpLk6s۸F3~VSR\\ݎdxZuN/IBk,X@-:mfAb1Cܶ=i*2{<9vKBQ\"TV\\C-κ[y#6${/Z3.\'u5=>;\r핺˜Sͻ!enH)a!\\V/`ąO	BɹՅ>λ#Ãǿܯ@eul)ץKwE;O8scV\Z|`\nz^a~bۿ\"q=y0:Nf$BͯN`mji</u\"Yj k㮰.r`??(un`lژ5bC7&:%ΰRWǭ}\"1	w`VuQd4-o$|_ˠ:\0t7\na	;#F)䳲{&,@Wο\\i4iX(¡Wӗ~\'Pϗ.%A! 6Wa%1pm$!m{p*oO=uE`paۍs_LüLw4_O6&9N_	瞒jj]Tpyx1>ѵ;!)P8qm0IS;).V2+X=ElIn;1&Vbְ:CQ3(IqBK9?ϙ=oT)u/?aoY	JdztIMtYLܓ-6|*\0]0@&TNxfNR\';M{2Bgqf\\㍀ˊF՗ŕZo#\n˓EAYʹ ̔M+MM0ӠU˃l]]J-҅JqndvUy(@`J7j*si7e(Kl\'K1VǠ4}2I:Jsl bkn&V]o-x j-6,n,aObڟ	G\'3*Ԋ][m&LmX7Yi?\npLi>hꑨ3SpyVt*}ImQKܖ J7fʾeh(S4;u>tQˡɅAI?y٣[Tp)wuDu`DBqNX]9fnugH:DS\Z͇8̒U\0>esc\'e&<u.iTą\r:zLTK\Z>{,X0oo>\Z)uqiٍ3)!_XѦm=6k=RS-:_A\rKSl8\'[VvU{/p\\XqZQԫR>\0-Vbefu>geN-q\"TbD\Z)-܄^;8p%ዟ/DEb_4P\";̦amSܧ7ge,Ou\'1]?zKK6*em\neZeR\\)*\00-+a˨$zgj{髮2X|VRiԅ-rsn$_\'ezę4U}!)s6+\0GɉZMuħ8N/sq\Z\">_(ff]ƋS/V_\0My]G9L,]QFyOIF-T\rѩ\0lQbvitbp*͸4dU\" LJ(i;wE[iP`ȞƑ% 5Upk)*-JKn,J \0\nl3eurL5\r(Ԡis߃̚R*3M%SD(mL{@	&RXq\nAupo3R5NqBp}!R٢)\0⌘qdMӨI#ǿgR٬s_k uԲzXVrHp%i[guD\'\n~_X\\v>	KfX{X1\\ޢ6P~T\Z/]9;n[3{\"\0\Zns%I|FzM=~w<S%:Fqqbt0ϠE0ʹjz!ZicK@1C*<*(A\r\0[#ݡ|3~$\'	}!6nG9kzw߬(^툶8жmBsh V\rTy;VxPM$7asT|o6s?\n?eӯ}3~g/@\08_Hiäq<rp.1y`X+؃|=TN<\0h/(~Œ}*׈yk#\0)g\0ͷ\0^]iun pcߌ,b\ZsO}l#.QtڋҸGHݶOn}S=!&^m3.\'\0ZV3}+p0ƟͶr\'zve8H @ Զ«ef=q&JZwڥFLǼFq<6R͛60݃݇lj>V&Z{ڒ6Fbf_`[8&j6kh{mm-5qZ\0Epm52;dn96CͶr-2mڹ_h^(l3 @ƻJJOgLH5LJH\ZaM!f8Jh OioԜ\n\0:Efk]|q^uVcJ$RV=	Q03qDTYv|G3m|B)q8i}Y\'p|`y%䋒M}샬БII4V\\byCӬ-R\\و3nJƇ\\ĕMѼ1}7SyZw4:70B-b-k&jd\"ֺEȄ\\\'t틈RXyվCޱf^q3\\\0\Zl|Ãwk Y/cuGb]+}EH|#;57*oO{XD	_\0*(ӛFSϗ&y]\\r:hb^]#}#-A9>n,;$boi^K:e̲zE[f?VKgN ǤgU9\':ƥ.Kk5J?ܪCMqUc`eN2[}s\r[$ړq+nbmmbČ䬢$GU3}ܟ,-\"peۗ;*\r{F-يm!*ۈiC&Y83fk$o698Ll4I<IPdB670vO30R(ʴ	|EYt9yON2\\K_(1Je	2YD=Y2ѻhDKkK/sVDCi\nw\')OH))&ysc+S-@JQ٥U.D6!\'|WlžxbiYn]sڅBNȸw7\nX\nX7CS_-D\Z5Fx\"R^m\0:&8w#j]ETL\r-xj)mHA3-rW\r5dGMɖ%^[/Š؃V͎/m=!KP\'ё\0dNlAr<,2`wA\r0|a\\~>P5P}Ax?h{K|8ex\0XOf0v(Ԙy*b\nɷ(y?n%mXCz~CVma|kh~e[ɿ< C[^yu\ZtCDb>\\m=,0v]57ӻ&n( H:wݻm}G!N0%Hb6IM@6u콅I͇&Xw]{QN&n<tPE7=5Դź,aNea6\n4\\{$5<.~1K3ջ>\0Lsls:\Zis|؂37eu;^5Tt]xMegiU}lM1ʚ&l4kPӢGda$>{TĻ)G\n6̽-9FӕK7\r1k)6ܵ9,BH>#;Rt\0w:9>kmY)S^-.!gGn ɐh~sM3l#zXdf-[\'Ce\0wnqtڟ6&pAsOy{bBs1Sg-ͫeg4A눜bAT ]uNklsc5m96宻u ]lqHU):L&$NT{Ap\nA8_H눮?s|G^ZsݪM<V&M+!6t뭇In\\-2}<UMnir37&(`5-xt\0I\"(\ZAvxoɩM˯Y1o]OF[_:irʺPCE1D*t]RG6J7=A[-z2`:%P	9r]z\Z}O8\'%B5*37m\ZN0#c&VoZ6It60|u_䰬H0T\\FI>1\\b)KS;ӭdxv`3J,nn>\0Hoz6\Z4}p=(tqڪ6gPi\rb;f%jKDád(h,)1pڋw9/le^+URu\rRug8U\\!\r\"bU[f\nXXu^J^mkm)`<`f-/^Vt;Oکq\'e)NÎor]ԄQ35IPBP^x-.j(9ozm\\p܄g\\U_O6jLy`ܛ*DfR\ZM7$ʵK.BiR\0w8]t|T:.<mp7Ӹhh>+kݢ32v7ӳj6Ld)m9$?Q\ZҋK/<`;,xfYDs	JRؓQ@rۻC	fyj%ep&eYA!Wzi6~3WEAWBf[+.\nU.w	f49s\ZZB\nV\0z`N=!D}@LE*{PKw`JO(5c{:m˶͋u\r<g>?l\Zڸ_koK!r%9UEvjX̱] ϧvqԢa7H9lc_55++p(CS>Gb6٥!n\\f\ZI>cմ\repDSP>[&=u:HTS\'4}6\0#dn^=#{*}Dr4Ds}:\'?}pLQ$Q$m8/$rc{66/bc\Zt/?mGd´Џ8wOSNixq\Z<LevSSspXq1,31=i;X#~|ؾ܊}yXNO2=!i\'O߿FW3z;:Zk9W}+u=|b4({ lYlcO#\0۷ߠb7B-w0>TZCG	IH$)RM@@UW6el_cvh}W愒%U *e/UbulnJ)\n&G&N6ڦPwycRY[I;CApwvعh^WKRJwqVFeݗ{;^\Za@YRMBQ34K2oe͢wP|;\0MMMG(]K6cBBG@QO(ͽM}uT#GYWEL,K#6j^+g[k_\\\0LnAGm\n\r.-=#\'نxyf9P#hSjBHN^/zOŶe´B\\A|D\\^	~dó*]oGƛb$4Pۉ\0t GO\\\r7ӮhYEr$$TXm#_@F/MvE&B-ICa%%N8VF\Zfp)kZ8H+.):\rArsc;e6(!xL~\0nc5WS\rIl\0qLUZKd/!-dd۔lmz}6C4\0ix*sr̴qg\\2;-7#.(8\'_	!mIN\0s!Ow<ANJN0%Ł{_Hw\Zƙsg`UUcϗy~Fd`*X&D$nzt<Xcq\ZkJ.Gj)l!qr.t¹[\n-H3}d:aG?f~NKo`&}|iݳAʰhDL%WRB\0T[!\"%Ҫ2zSakIj]IX\"efqK۠v,ב(w2\rbwK.@_z$\"]֥\n@Y\'Vb,O%J\0x,^dݠu,䩧Ft!\"\'G	>B5(*\r#5P[uf]+hyizZo̠}!Mۋ&&s\03NM*iJlK4D0_+y\r0uu]),kt\n]f]N8OݒI.{8yMʆB4	j&m]on ev5Y6\0jcu\Z^g,;^Xt	̲APnih,cV,A߄!]2[_8YӃ\Z߾)GΞKdi{O-bcg79OXԢWOݘ0P,+\0Reƥl1f7^\0.夕lޱ5Ө{oNg%`E[X*89וIIH$˾W%	̨\0mX\"@#\0M=0?/#K8-򶸷df[\nl>tI|/Еrӿ/#{^y7gSBw9t\nSKttã7\r<9W\nhӶOZy\'6_(o.	C jωj92d$u[;3:@k\0Y$ό}7k(̶E椛fZqԖYm \0]7PJ|z<%(rg~vRn]7A{JyZUSPnMD}0f&$I}DC\Z)C\"ۚ-6HaKMXmg<\0KKOHO2Pkc\'f={L{eRj$Q\0l6ۗqI2(Kb)\'W\"qSxD!\\\rŐkal2~}SzRnRYo8 c^p%YmJ\ZNJYܛ$r8K8ԼRE-۔c4G䩘BEx,ŮOn~Těgr{LZH-Yr-(_B\'e!ɉAJZQS#wȊﴹYej0|c^u4ÓN?gn\0Je^il@9K-CjoRr%qx֌ꢔ1}#ON,v=K(@?k7@s&,\")Izi6$1]!\'p!Ed?ufr~1+(&MGF1k5ݬ+-δ74m7?%&sR\ZϽhy\r[ÜYwV[S]Aޅ$Z7Ν;:vYghآM%.336j.<#~Q{_QN<|ث\0Xevmø3b|4H,Iɬ2Oݥ\Zx1|[~щbUS+ԢCCd,imhӜma؅[\"h%l8>Rm}35cRHLc\0HIm&o5r23e]pkj4ɗvd,|)ɓ10F]3X4|=-(-Ɓ+Y\'o=ŽםR_QCKHF7Ӿs\n\neM\0N/f\'t8=HLh{q-Ӊ[n.):clge8/Qԧs\nJ4LSK\nZ\\=r!wHoƈS{^V+[yve\0h3^fCϭ7}\\sN\00s7\0_Ȅt*\\(\0sJҞ!vSጔպ3rD2˩eha[#=-ݡ,P#!.p؛1miCI QUȓl]kH6ēnj\'fn;~;[uF魠og	MZ:/Q_pf3n-\\Z)<gnd6^9;V+238p[yC{?!;K	q8\r#\rl{ШGbaN~J3JQ)64|q54@77+/9(Ty⧶FȩQMvTX}?[*Tw:6\0e\rm0AdMFF2<#_&Qj,u701ݣo4;9#(ZuC@>9u6k}.\\@c\rhq{gLFwz\0!cK\Z;Sx>M4u\0^#|g(~Q+G1&3!o6 O}\r\0f.iŵEcٻ&_biY|,KGŽAjVryd~>Pμ1{/w1\0߳͟sY\ZU^qJ\r|o+\0]MII=-D2I`*\0co6Wi&(u7DA6	Xďna\'\0:e(t\0u<2M]ر&zPʙŘQbzbe}?@\0\'vrKb\06*rZbyEGM\rH#!^b@\Z_>{LJ\\\0ۍ}}XoڴՂ,w<&X+Vn=/W\\n<˲P2u1%TW\'CM^kCTe277-\'kax-Qfvzu\r-);_t*^Ju¡6qF6>Mq+,OBZ\\|It<\Zl4ºZvOgC-10n8k~))X2\n_\n4hg,K;eude(HV76w`=${T&6H] -)߁VōvEH͛u-\ZX\ZS,Zme:-F%BdM!ai76d%-5b4	JFW\r/EyD-&B=f@z&plBb37wfu5b<>]PNpL*IfMe8Ju1lw=ہ\"-J$O#(p謞QsvrSl&7swQݡKǨvIEv}4VD7-Ra9v_mbWfRa\\wxhzF-2bP!̨\0Ii`\"ckshly4pl\0>}3h	r6Dy:$wG0:U-غal:罰VâB2PW\0OBI@;FDڐr\nLm6#غn0dL,-\\k$,rISYWN9{VR#~oEFE-H6̈́&yt!4\0\"dӳe	e!79|\nɠEE*ecb[Pi	.YO8!SxiB^m35?XmV:]g2IP\\nk\rmE=SZP\'ZI_,C>vtnaoqFʖݞQ_&>#]P}M{t!ւGXտAJM\\єٝjf]Am8.F\r;c鄹8!wjdKq[T]jm7 ~x3NIK򌸓0?\0R>d8\n;;Hf*[rE($^=sL˦pQ,}cHyX׽\r,h`7ݢ9\'9Op5,dck\'V3Jx hqnPSkz&y!w\n	s&h#}ìMpu~{<?yt܋d3 ĉp,|\"-Rܜ1):w1z4K.GX&7	Q5FDyΐ鐓P5M.R>ͪ!oiMyj1P(u@_8);iM6E\rGģ4Ϫ0:?h-.\rNIOqsFcwsy<53bl=wo([eԄrH	Y}]Gߔ%g=8)^\"\Z+z]gʸFUtۙw)RUϻA*%d_0Ê5￬1]-ksK_!Y1KA#9Dg59QWa+V=m}G)Z7UHWz`\"^ee}Z]ٹ̴N	b=Q(%	\rJ>pF(M|-+\\$p`y^1ܜWUAm5E҃r3{n_o쩞▏P(y6uBj`\0!3Yb}\0~W=ن,c\0&\n\'هl=>jbZ-7<sV\'q>C͏ￇzF2?-;Iv_MU@[B?1=7[,O4ͺy:\Zܗ߲\0cL4՜j1$z-:u\0cS;̛8\0$kQs[:E}6\\J.wG1IS%.hV┰G2·)8.^vzP@Ժ\0C̨M?Gagg89=E}-r~NBQOboEcfƁ~fL5~	ɴgj}!AwӬQ*Ч[խK+}Vfu(oRMsb$!IR0w1BCtKp@珴<\0\0`UqgO\0\0:\Z9\r!h/Hy\r\0ol=Du\"R]$|wLl=jjd76߻Ds-^McWref$^%Lv5L2yEɍM\r6F\Zs<ޣc-Wjj_\0l~GNLT?}P	ynLȡk\0JKɴE:YM\0h[|ˁR`0M+.>Q}\"6eWZv\0)IԳH@`l̺w2:p.3xϩSJ˞>WnoZk9ӥ^t;)j\'^U6#@Eg(]S<\'\rI\"5Whr妧6:B>t_O\'~\"RP//I?KHӛ04e$eGwMB\\HoXO]CT|XzU/<#۪̿YT+Pqѐ92zI?Խa𧐆DUfuTpO({14\\>9KOknqLTZX]N\n`˳(V~_fbc&\Z+b\nx%kLeEeiS*)2rN$ThS<%H,g_#vzJ^u-!\r Udڼ>V:mcN jX8ByWC12	l88&=\Zy4·zUQ|twwtOrra>G.	oQ:{Bl\'m>grON\0HЪ{Y91#MyƏD1룘z?½TetQXz}!CN_NE\n SlG}a>!0VHIw_MB濉u\"b)5\'܋\'ĜSgAƐv1ė#ӻG,|\'E S}gN.~*NeCr|8:\0EI]kE\0l\ZVHpskr\Zd޵\0,V+}~cHOۿ=2\'O<De(Iԣ	ZL6_mvRQ԰]ϔj_5J)O_	~1\"_KAK8.Eţ(rhfeֽO~`g,t%	#y򟦐}@p*\0.վU\0+em-ptC\r*^q骔)n2ꪕQ=\0P%;/\0{<P,%́醞4u&)r4^{\rX&P\0GA{PCW|K5^)	9 $@]SYAʹ+$_mXg)CTD\n\\H]A[ wxȶbUy4\\r\'\0?OPXq`[6YB,:ik<[CxXW}DKL(y閐NC`}`Z^t\\ \r	e>ICWY+\'w|ʤREtz&dkx4h k9Q1:\nW>4`tܮ#[S;j]csPuxlP-%2p%fyyg);e\0h7&ewO-0^6-@t>~f%%LR\rͱNQV绡\r\"^W.?cnQk1fܶѥiU!ƾfKԶRqiꙿňMVZu6	}%eqXqN[S֌nٙmvM_=M\0W	= Byq9Z0[^_\\Ue\" 9y`ߌK,Z	F	!\n1O5QZ3;6M5A%KCx\\f*jX_\\wwrx}4pYx\rvwȼ	L4:*f--b]9D*M2r10&pݻ9s&M\\|V<(0~\0`\ZK̮G\"bRPm\rI<!LU3FH[oZ%_Tۡ2H>cUXz$ԼNDGؿ;`\"M4͝|ttpt}Z<c(?PmBe@Uad֙RDQ\r,ԿL#ex^(g(L.K57]lD5.Ӂ|Ɲ2ܴN=!m \"ZKwS(&nذ0(uDfMuG=#s*NBtu)%MCO۞1l-u2缽PJH\0땋d?z-4yi+ZTec$wt )כH$d^)sLqNY*wUy*zTdQ[_c #mnzFJʹ@ra\n]L-.@z*4p-wuԦ}bRwz}Ev2wy$V{0ڝq\\ Gۜ\0^s ą$NKì8Zy%,c}X>od5TJ̛ƅ#=^#A>;E:iw	glT1OcS[zUEAT-5F~)OىpWr:n5\0!\nm7;Q.\0Z\06qriqԛu_rG5ajuRH5R_qfh*\ZkkfDˉWƷ8+ͩ͸P18OQ\'&,_{b8%\\tm3jeu2$Uږ<t̆zu618+\Ztz=rbF/>#xGUʤrohm4䠇71_m)듥8Ha0LeQSP\nba<]Dv!1NJJw7lzv}2&3_QPoq_\0L-}ʮ(J7,+1l=%\\i]hMx{h՟rr$k3b^FP>m!\\c!T<*CjD;-Cr\Zqv!~91><IJ(<#+j\\FmMfGCMmT씫BY\Z\09ÜiN\Z\\h6]Y]ɇ\"(L6 B79)45؋U%N˹l#FBБS[\0cLK{=-jk^^.;LxN#VJڋv7k\0cus*\">vLM&c.uD9f6ږRݡ-ssI;<PfjH6}E/MV}uޣ\0]F%l4\\^la\\LhCS_Q̈Ԅ̌p`{f-bu-Aۗ\n 69>6_fM(5&<ɍd؃J:RuKQ{g(2Mm~dkVmn=0[qH8WoOMvӼ9Ze}1\0b__ږI6əE{hr-+ن.vm.~B`{#2beկQc.Q)>Yz7ǎ8>4cK$.Sr]DZ>tBV̄ŭMMvA5tյŐ۔g7-KIuΖZiI9f]g;ڲ+L{;Pc(V\r)ƕ7ˬ\"V.oj\0_K>~334-Am@1&FrU{Vbf-L޶%XMI,um\0S\0-Cy=~j%qqdm#*,#\"je5(hQo8\nߵͤq\'KkXnZN_FM}jyF٪j$1m\nsSx%VbNX{^mȹK6|ᚽK5˭wƶij:\0]z[1wOb{AiO727O\r~_|\"3M?1 ҫwy,qg;C.fnY\nR@$u߄Crv$2k\"crF/3^Iv8k6J^d*-SrQyed)aàHNٽ+g;\'&\0˘Qh;=,!9P\0|k/SjXE]\Zh)D}\08#UXVsL8b!7i嚕RJĦƇQe%\"̠Ob=kRᑥ62L:&*i4Es$DMnXoXRCڊSW0BKf&yn#Mg]Qt.K,q]eCu\0W\'k\0HH6ۍ>o\rmV6/vgoCnWS_Sͱ{eaZttCE?ä-|`<\Z.yDĶT>=?xȫ\nI-SfDٺB֦H(Y<&4˓Xl77?B-C\"R6b]-Mz̹tˠʴ/We\0\"ط=yVma\\JnB,y3Y=E:QH,L)?	`\nUɩ0C_$abSE)\"1Cm.׏uy&,ٿz\0,}cOWm,cY\\w6JCb;S--r}_:x-C^Q2%6YdYLr$e/q)./χZ|Y\0rRrHs<#?Nb_×\n3{OBߏ\"u?{b=I\0zdG{ˬ@k-g̾Bph6get;lu\0\Z]4I,	&,mK{uW\'H\"L;!qry]CJc{ }VEmKV1qLKJ<gkAG3ǁ{[mV6\nϔW-lՙwR]HlSAkVR}\r 5xxX;<&lޝZA)d1DɆ	<mal2`(it}m8:.՟o%jE4ĸ].wpq6k*mw.~=b41KʸrtY2y)75ܪKʺ/1B,\\sr+G\ZuICd[(\ZpY{,ꇞzvyլ$69DYv;gǳu@ܗqDͬ1zCҊ\\PeTtms*XsvNZu\n\\e3ɹ\rڱ\\W`^O0 Xh\nZl=;!\Zk(1-8[l:4?2TTZR; `tR}i:̵\0=6qw\rI=o1DtN-aI9PSq)vaˬEbY-J!aǧ>GL=EY\08͇!LۨRm\rqs{	\'Aq<J[\'};*$n郞$j;BN(LoeA^?+pf3_\0<\'XgLN>ɿf\nKT?tX=6\rfŒꅮ9=\"v˘\'b	M0b+ou\\Cb*ƕ Aj[pQUōe&a;7uH\nx6>(kZä\"ϐ7$ٖ*ɤL{ֵYz]eBwIe^Ͷz*ΛʡR8\\^^眒Q4MbM*P|C6\0g\n[*E淑IsB.ԃ/eJp.mCuzuͷ!GjT]/S6̽5bq\\TހAz%rFNqdS3T\0Lw4ި%<ƣ34%_.!.<,]($^hu}񙅱;lE\\9;<[{-\0@AV$)G1mpqrMT鯎Xt^NJR+J\"*3ɗ+\nBZa\0vw:Z-K<#gDʐY\\VP:Z3ʢi^T5yY	7$/X-Ǥ\0PZK8wLZq?/*/Sd.rr#)W\\(yCHC!cE%ɬ\'΃\Z͆#NBpA70+j,vT%VxN٘m^\"=/X؋Xdlrd̹M8e~&\ZkUǻ>n	.4K?\ZN޽PQYnZbU?3kO0ykVײgQꃛ	@Sh覤*a__jJ\n%=hH^d{`%͆œ+R2OgNLKʖH:xhlķ(ԶڦOI_>F~9e\ZN~Vl6j>QlFն\0Lˮ*Vka埐W=Cd6e\Z̚ʔY7ۍzQDN6o.0zD(i%(#vHY:i; .L<zrq݉Ox;+ͣ8٢[PϔF-9.-*>J^F_\r0n/{zKT}U\rI˲&(hˋ.-yЄ_	H+.nmsAgi0\00uʳ34N!zuV=lsƓI)rStY{7̌w0L9fOK}UڕW$C.|	$^ׇ%J^*\'\'囘s|#5QU._a&U}{MKtr\n:L=Q>n i-V%\Ze[q)H+*\Z;ߏY\0:uTl?okt7`m	NS&\r\Z89Dډz}Ыi_ЃdU\Zi割:_ J)Pw(:5K+I^-Mzv	j6r}>^OgP5FfsoOfr>+M gfhSEbjmb~bMKQ&/I3sG<LuXOs-\'_<WZ}\\bAM9\0xžWߥ&*쵹0s-*Po4CC;9AԖsQ뫲\rǏ_:,}{wy]cro?C/q_y0kZ)f23f!)o-R\ZUd}L\rFZĖ{.ЦcߔNV?1 _\n#$w/1(֨|2^wxC\Z%?L]:G0Uܛcf0Kcmr\"Ga8zÓ;()<E7d)gz~Ҷ)ZK{Zor]m71ɇEg}4N}`9>Qz]Qj>m\'Z{T:K?\r3-nQ{6?(0\r$qUw7uhFNgR:<aƥUG.70l1רykZz!ÌxF#L)&ƅ*Ϲə*˿N7h.Bt(p;Yqr)uY,G34UjSV|ܗ˓.D^{fhȭK:C|ingJ8=mbLRv[RP/\0hT|y\"4AQBx3jlS`|\0[H}@;B=\"!/BJ̬Enu	u=6{?v\0pF6Ǵdrx\n\Z\'Ln\0yf4Mm6!iEf[CAj|i,^aA\'RMն?2({lYkTS\\f(h$MrT(!3+$\'  k3hneF<b,ҨL\nmĒۉW13l½Oٶnh!QbOMJq6uQ4intyGA\ZE	ƅ2ZZ0{u]\ZT_/걪\\5\0OJ\\\Z-e%4S\06.	kVjن\07H[VVܾ~uUuTBy@AU:-MoDMFM~av^T6ɖϜZsSpu6ߙdXJ횜Oċ\0ZKU|@1*@\Z~HX6u1f<r\r싃\"=$JԻn6d텮\\~RܪM\\2w\"-G*˙ԈF%5xjE^},Q.\n^ҲizM;(k\0\Z]ʅ$9d\rE\0u<)6HNUٵ8Y%Zq[vcL̼hiG}9bp۲F>U?h|ՌuViuq-)Ũmn˹s|=>Ԩ\nm>5[`H0;{ޱP9`AX^Qrÿ*ǧ;[ڭiXq#J\"j6hui0m@>>ڏlm=G7*^J|u?X+kkcx@@ogʈs$|h{_OoRq8vF\0HGjVcvM@0}O55/(iM\"*2sJݗm\0cj~\0jz}m*0A\ZǱof{DU.QL\ZkR~=%LDKCs*qN6u.\nP6\Z9w|IR@0;-]d	e38lcΰi!\0ako\ZmI1T\n*TJƩ>X0&H]	cNPlM*朵,9F(LlH;3n#J\Zzjr:_d[}຤]2ag\Zl|h8k!H@ʁνbcLI:YXš3HW+,lKXDM``HnA\0ƒqq\\ t\\-}%/!%dAʓŶ>ǌ\\ujf~&lEIx#R#V)IpKs<wn~˼x\0aLӔTZu0Z(->1Ԯ\rnI{`TK[t0stfCM{_򃋓q	Ea5&\"dPqKvih6o2\rNPY^=!1lkE+gjS+s&-O)aM{02\0)<bԒ&ux7ȋey)E=*/4j\\F\Z[5\'^OH38ڐ4\n$b=0&n&ǧ2v,QS!\\|p`4ēn-78\"M6~\Ze/PͲt1[ui4N\ZC3+W{kGJ©m:E:&f8rRy]`0\\oaGx96ZO	[3\ZbT:kW{ze4đ@Aa0Vg(x\0&fzt6՚\r0̯)+=\'\"r\\9#4\r}aÑkTTX.B8@8-Yx|f$Vvi)mW&l+iCØlqysOkNm!m#x&Pﾑ%>3ɴ%hV|PlDHq!\ZuN{±[({`{\0mc,KNxNCg8DY`	HqЯ[}+y_S-.C2smu:\\-]EuJ&YόgRsi%mLjQdn([7U蜍GNwTڒC,%QCkX)8n]%~U3v-RO(M8<>ǒٱ6=5.L8UuR؆d>8ʷ9r@d A\"&LyB0򤞖\\&ew @9=XgLsC wnTu|NIzEsiؽd8w@Mhмj 7r;m\n(p.ma24n}#>dA&/!up\ZVN\rA%m:\0tmMjc?d@{DN(\0YZ)s2IY~Q쯴혚mZ	b׼8?G3b8{l$nE[/O*hU\Z[RK{DY/[6YŽ27<mJOD_*yyC3mZ=bKKl1E#4e\'#.<{f\Z3TI%^~qA\ZuB?GeG/6Yѣ\0>?s @1btWG(4a$\rzOrRN^mE	A-m2=$R흗p\"6Ѧl+zk.sF5(܏hDqdEl+a	vZ.<~utN2!dz(	:yVl.W\'/m\"MJdNu3RRR֐&F\0Y>%ۛ\\G˽bU	pKbi#HUB.Ӵ3*l*Df㇒<f#)-YQfmaz1<ąfZfmAJgNҝԌzAshx~~Iq\\WfviU3iÃXiZe ˲~\0eUEɢe)l$,Y]?YE]JVF\'UtJ]7lje<x̘^S.O($K $ԛr``\"mGhi?O\r`H֬֡Z&JrO`1K4SUnymt5]q=僒H1jimN2[iFtӷz^Wm	v%\Z< 16OzK<67Q*HvA`+^6~/;NngraFMMsyB\ZUS%L[q/i+pM6Zpm{YnRjDӖ,de+n$Tt)/tdyCa28ec6tAYA_ٷfeZ>FlKfV}rڄ;3ul#~|勔\0t	laUfaJ(1ITbwM|(=Rjh\\q!]a#btڹIEOٍBNIԲ%\'X6nEMϲۏ|\\Q$dl\0چ*C(ԤD6!Q9}<9XU:k8x7Zn=86`9DvV-ytAC5مӘ/J,Y|PM>VF{kh⇋k*1:ݔnn]M.`&Ɋey;7N\\y.LP\06#V\'wuguI:Dr5\')*ݚAP?3ja˱(NkU\"eh Yr:6-%Ks}^NJBO/K<_)\'RfYۂI8u\"o۩LV%J{20|轫GMyym&2PÓmZxF9-Lj\rzazyz@f竓jI?B{TnbnVaM%d\"J34oYN$`\"_M>Q2?Ki.8W3ӂ\r;nyA6&\'^u3NL1XH^	/*\\dOZIja-*9q&Q%-2Q$yA;(kQ %2쓳F^bao]\\\\uoH6]#9z&Lˣ/hJrYXGC\n~vԩf[jl!xMDVV*Sh*B(U+vG0hp_Uڭ:]7T0GC5[l6ە$V8UVN.0b*+;&C	p3RߤWTETy0auI9g\r@ZjN(-qRZ+g@|\"pۻM[6@Z#|&ĪS\0xn2ٕ7T:gK{Q?~b8dfd+FUKm${_KF/浕J|{r/Xss헵fTٗD8(c4:KSAˏ439d]iM$_دlܙnzvix#=<#:\0Y{BzE..W\nH9ҟ)jͣfj3\r7=% a>1gVXtKX!	m/1GnI+\nЩ0\0NI\")EjdIJP\rzkSlFSj~,3#C}fKdi2BȰNķܰ6/\n*FKƔ\0M|\\pK0P.pQm21[\Z:X;RpAY]G{KJߘs[mܒm[u\0yD(wmk}c獃;!]$]$U>![D̊Yǔ8^Ch$\nKca\0%/iDw\0TnwALpgߪi.ܭ6͇f1&Td69@>γ\\\"fì\'ne&OdU]~Jd0\0Qn\r/ɻM57*B`:YeN;φ-/8bR䶉Z\"5jGFC*\"	EPk~_;PewEV,9S/2Lun||4qXyPﾂNL8ӡЂm-X W4\\\ri,ytonG勝8%R`6F\"f1̶C{͕|<`,Skf:]>B	͌0 =.-cϒ+I-F~qYv򆶦bzuԿ]\'zhmS&nYt7S<l+N{-^JeO3~f\"Qe<Q;y-;(`,\0-.`\Zs:`\"i\\&}F5,KX/2Anh T-*GG1Ir~<S0mӬsѥW+]rz\\\"QI.N|\r =.6ZVkh5{lNИS4P|.uJ	8IIe2O\rԻبX6Faq#poku*\"+mK :1hBԂ\\IpU	B3K/J\\LөT}mAUq%ݑ7EN(ԄfvFĘh(4IJ)[o8oܻiUiLiVraڨ3,gH;\rىIGeEԡTۆE04-	᱆C)u,EckniiEH4`}\nBE$Jr\\[ }.Qόe<3>ZA4##%HM!/h\')s̻Jz\\KJ<Ȏ-AթEnrLr8&bT;Фu+{TRt;D&Ps~\'x%DLLU8#m<x:Bp8_7QJB#m!`ޱTx3ߖ,\r=\'*\'Eԩ3Sq+9:ݝ\09ƑDm,\\6?U<Lh, [1[$4#noK\0=\"kZb\ZiĔŲ83+~G	oV.<#t0T\'$H\"ReT9ٰ\Zѫ/_S|Xq0>ɍ2iMu[)/mXҙs\n*4ٹ[tXi9(fa#\'X\Zg{UqQ*;z:fRե-6¬q\0%ԁ;AѠV6ZJv.ӣʵ+d$?JcHڵ1<I΅%o%qw,>`S[4Lis/Nˍm$j/\\\Z[s˛E__SʗVڭ-kj7V>-t\noq(W\r\0\0\Z\0HZv )^M]ZC([,a ${EӜ=R\rb6E#.9`ob\"e3e)s˃nc\Z<J\r/%njqͦ㕳hfqݚyWBWӨeb(tmv>nq3=AUj~T{h|$j\"ϴW\\\Z[km|7hPhyZ팽*~,ӛpFJ$|w\'yy)/MQQ#õ.6OZgkԛ2ԖL5l\0JN`̳;/-JwuN1ذY|Osk靗Cq^Zj~J<UD\n:;pK\n8[\Z}()(ھ_b8ecIn~Pa\n\\̽2Xqڵm:3#5FH#+e*=9dL/@|#<]c!.gs`t^ Nu\ZMFOsM7FSKJeYit4G+?F^u)95JeGTSҴ2Tc^3f\'fu4HpuUt)+%|gYPUӇӍ;EjpfU/7*Hlf?Y[cth\'rR)\\&s{E	J81SԬ5Wx)TPfe<0VI%֊{AWjN:lJy4`$F}KjYp鶥\\,pH)G{ulrT[\'j3:/6nPJ#reK-dvХ]VQ\Zƕ34h>3zC:+RkuzM\'2mcch6*Ż<:d>˙3ttL\\(.\'u]q\0*[e\'*uvʱHgzEk٩[	mofs荰Z=)qqidS\06ξC]y`fr%m-V6`ujikZSLw]&P\Zl<\0f0\0)CUkvOon@|~ђKq.M*}oiSJ}#p,1H1[>\0H׶qM]vq_df\\[-פ;Rig(o=%@JBHmf-k	)hJ6>ZwvJiU:d;J4K$۔.ƣg<gC+\'*s?0elmBF3&~q,/݉uu53KGKQߛȡg52%h~m%n =F	CROBP!Ψ-ZKh jV9WhJmOb9ڄeRC4\"\0+Z2aujJn6ͅ+i&}57b,˾)5Ee9f7P]q\r\ZN˟p|-Ɖem$\0 iU\Z&Zx`0Zǐ\ZdѾ*sTj8y	wRyEe)GGd:wl:Wt1fhO2U^	恰N\"S23ȭ|gQ/I14?Rr\"8	<\"LUimgZ; `ł=WzRjYəwZͭEif$K3*	ZN|\"j	aKvI[o(3b(rGe55*֙?NAI&ir6}).xn%$AjԬl.Rğ2p:Z)RK{\nU^$TV_m銒CkK\npjTpy\nv	,|=-\Z=>|uP[ڊخkZ[N1,@Q7i[QO\\rLMKp13:o\0=5&6fR]1!>vT?&iKM(8!	mn4\ZlY!/<m6gT7	S\"\\	RܬJeeO\r dÏ:w/rq N1Ex[0ooo\ZQ}\'޶`\0-yEf\n3[d\\^\nP+Y;(!ʑp`Co$+(CS4&ѡJTX(AʚsyBƄk{ACS׼AREZ>eeb.>RsckMro\'lfQk!!2ERF\"4ώdBnF*.-3yG{N\'&reFQ\0#jrJ-0THJZdtԮ\0eߘaFϼ$\'1gA׽6;5Og){Ffߛf`?sV=sL4e |1US\\=CvM+-`*h$(isyq\\]Ŋ<߰KUu/wvVyOꎷ3GXl.\">ayEUb\'24qguHߒ\'K-nJhqQG|/kԼd2>O%g?Jb%f>qfٙ9\ZӤCusCJp\nSz6t^>2fuC	״QeV$Ҍ>2ԷrRIi\nyBDl-e篅f.N4zZq@h\0#`{1Xa׸|]*S^ksr.9\"ܷ£ѫ^b]iR|F}ݯzEzuzLJ6MVbE%\\\r\r\0(vaxv9Pnwqw3/$P\'=3s/TDN\0\019LI}`7TlDA*2(!/6Kk39TMɬɀdH2,=)QmY)݁;#ꬠ%nWk*4:Uf^2L:qKj|Ԇg25P\\[\n7Y[@mxm״vҩR)Al uzJ^aҶIS(c(sKg980tٮV\Z\\.\'FUc$u3N2|XZRAX!+2[hbǬNԡ\nJ1pyi!巛6ڌrĿ$X]=2!ם(^m|^̹1/0L5gO\'Nq),\'\0;5$ļ]p80XhiXuRZ-AHh\\f̍		uʃPxlt}U˹RtS}r>1dR\\loκKz)&eem\0c{G_TI(@FPF5܎P>R]6X=.-w`kM0	kZA9.-Dbd	wpBbg٤finq\Zb-;1BxRJ|O+0_d+YKcߝukqK(Oq\0PhRd+ݽ>	LwNM$#JRo߬FzCirQ)e\'X5RKb^\ZH&8fGB,HBj؄s`o^Rp1!;mo0,ZP^xV3PIj0۠_ɸ^EqEƱpp }G>DE}9VVe®@229L\rc\\dkL\nʓmkXǉ8&\0[AuʓG	Tc,rm}\"m1([	Vp}t|zʌnEwh8I5=-$)Zt|d\ZPJCzd~^ILUPYBxv[U\Z \0n|SD#wQU(W)o=1q9SK,I\r;5XO)\'Q<!:xb#굺)8ڹ-51NlN=\"MGgi;+?ACN0	?94Y6Z<2p$	D\nc<S<1>Œ43*,-to<iD#De5v^}!WBPS\0xsm>\0n8/6Oj{rͮX(<~h>m:\'gJܹuZH	&=<)͢\\S+elOݜ,NٓMXl6b#b^\0~Н+7&SUφK]Mצv,R\nUj2~R-lN4߹.	uU&_h䌳Kjc@-pc?CsL![Zci=ʼ[]җthUrowdD5P`S<0BAߝN6_KIhd%٤V\Zu+?KsvҲmAn2\0\'޴B4[)ZH-ҕ/yn˜rSJ.nkֶ[r-Jζen>{Qa,=Ri\r\ZUxmu3/R}r	nXEFa3gP49c-*U\'ZC2J+|ڈTzTCI\']q?/cj3ˏr5N_SLمs{m	V\'o0\nj+(zˬ) H=h݊o\ZMITFbQM9*ہc/R[LN 4\\\rc6\0nQ풣;YVk\rek!8\"X& 4bbZ\'%iMeP\'-_TvDʵkxTsXkp&2v5ZXEbD	~IPOUEYBR?Y?+,@M}`23A*BV݊R){w*sfa$;QmUfNnzwG~Nv2+rm\\촁D8lL|C\ZԸǥ%<\06{+q.\"pmEœkg]y-4w)U5!M+|ؤo$-kAMH͸$L̒7\\riKSkmf:B%ݰZ$5DQjb8!	:%8RU%7iPfu\\*YL6.2x\nh![fZ0&K[\ZT(sarDO8~~a:ހd\\Evb=/U$~\\X0dԶ*S\0~o\"܌\r+^X6V8\Zl)J+J6Zn\00R?Sr\Z)4?@%؞Fmv7u	yy\ZJ40kuI.&j]BP>Yn!V4q\r]CSwg{.ӖsKM&	y{\0ymy9)ox+\0Uc![Ջl M?%WvbE)w86-u?!;3!YBVқF7;/S,ZruY:v`X\0 8l]}.˶B;ȘDD\\+þeJI%\'cC8:s]E;>1R{lYKv!!<Lw]0lx\'_Mw$gHvJC۞ \"*iD\':pmRӛŭݕ{p<bSZG\'$<2ۏ\\Y/^Nz)>S%X3CHCxJzF _^cGiRl2RJt\0Xh?\0>6G&<COJ\rA_6WڝnCs+3-D); oۺp7C,OY4vr!S\06[6%tj-kA:>VVm{})khD!:&ɲ-jiQ:]E 㗿&}772$Yd)wA%ShG(L3\'S\r0mG\'ڨ{04hH\'UhE~+W\"g߂K^Um.=!\\FF/dSJܘ	EaѷPbO0Aia!$]Ygh)n\\ͼ{jjbe\nMPZjqx?ܗ,a<V\'UyknDBy<ˍ<,oD\"IffZqm\"RH_@J{N+fܕ;|ὕL\Z̘\\D+yE?ReCTD75n8#NӜfҍÍޞ0ehB@Rk>vUVmsҲNiZ)	*G]RkyGֿVL-Fjæm&vb׷Mz8H1P~l7QR7\nO\rs~vZ2R	ԛnyD|ۭZ*n{mgϺfnΰO>2EfwaSqSN\r9vQGDܬPh~6~BUi2BQESk}Ivz׽Kw߬RVcuYkrXSg#\'=6sdw6]٧U(ƉYݴ:$3| &U,ԙ\0n,n}fʂa)H6@H[Kn&s.Lz:fP*yEZK--BBsh=\0}	{3m=cj-$iEnROO!]$LXQe<\nS~Q֤8m:\\tXI>&J%h8Fk\Zg<Dzfh`!q:޽FİWi{#).Wk\0@@8 vJL$@bSt\rFae;,yfܬWye\")lїU.7:t\0|⓹\n	67ÍMm1R1y}Ck:x޼MmՋgO+\nMϧ;9I 8|@HryqhW\ZAIT\n$)\"׶!É{{$y!^tMX-b-+!2-r9AGZ8Fb.~W<Y\\h([o3my\\=l\":#H:\"9j&A?\r@&zfA%IઙJ#_\rvLe><[[1j*E/$ʺ[:b#97uTGGJ0Î߉w!T[u3Fͭ\r#<b5*\Z<;\0@sR*Bڶ WQ	n1p<T%,໕	C+zcZEGiTOJ\\\"л;~XZ km3>1j6>:1n_~(ZgNI٭ZjYॡox,IJr9oKy`bp-lUJ=7ܹeg:iRe.:\0#Q\rڕW\'p̺ZDSP\0`f\"S2\\#Ϥ\"iܓlWB0y\\U!-{(͋-4\04bܐӤ\01<	N.KAw=\"A$nԼsn&,2\r\rǓe[M$f2T*3Ӂ/TR7b-Tu	e&+	)t\Zf~BBxB2BFȮX۞ZH\rK\'g-URyoJYm!lbe2^nqJKe9R&L\rܾ@)s3\nR&/52Nwb\\m5).Έv(.\'fRrp4BA6q	\0O\'>(Ӂ{\ZRDh,*BK8PefSfyIdk!:g<Er>#gHqs|4$f]uq< ]JvN[;XNJN2J۵YhXqr^\\O!커l\"O%r[3:Z͹Eg*^itXf\'{qWLU )ɕRk\08l8B|~usHFH:EOg	j[XkAsj#T-;ǐcObx3*oaӦgf.Yſ)N}R._:A\nQITϧ\\xƌ,\"JV5\'6ѝ\rL4yʆdGϋZ`/h,0w8䬓+59+j\nz+r\"򴑿67\Zmb-O7mHEMn=\"AnY{8p\r=b%dM)`!J;vrqD2]+qh7֧jlujO+mvlrPM\"M}\\$r0it\'c*O4ZQVhrRVB]V%CX-_>veթ{]ed6o6IɧM\n\ZX@FY5ɷ~Yki\Z9jIKԞmǵl;fJ>&ptCN=W{p\0@GvrUrJas||.&GtO1(7%(F[qvMT\Zaw?_.=-XRZl:\0W3}6~혤\\o+ze\0J@9HBP\ZDfҷx_[C-aTk9ڹ-}-M\n(ZIL-\'0㠽˛\r5	Pq.E=Q2@WB/->| {O5|@\0_\"Dߔ\\Hf\ZT~?kTP7\0A\rޣ:D\0i	<`Lh$dGAΐf	&V$؞bh:`ƶ=*34t4E⟝\0O5	$\'t,esa\n4RNpY8i{O\rH7:ۏ1ש[w`p-JrE(\r~#KӂXvʲ:\0c	 R߹\0wcSSKC.6\0Ţ)pI-cH	^bZbeY!fP	;稰SerFH)>\rCԂed;=cvźդZ.,|EVnLx.MZ^a&iG/X4^]#lc\">mВAY<%PKB7uI{l&\\rM6éQRLT*$qhrڣS(fA\\&\0ANn2ٰNPvu[+,_\\#uxD\nif&1Su@Ex.pQ눋/^nK=2p/ˬ&4el}Dx}4ʑ85уa+:!,]@\'1ʾ˺2a_	N1m\0U)ӻk&Ky?[@E|S	<M#qӤd~ћH<3~ЧAAa?>põ6?L`s]Z~\0zz4axDާ6*?eXGp<!Lëqy\Z*\0\Zw-[߂ʲ=2aD;b=uib:&#3H8F^9pauN&&4[[yŊZooDhG2v\rx%.×HDS\0B̨j -_A;sJCVydj\"SIRN\"%43O~鶷Čc1A\0|￤xAӡsh#߃B-\0#\n<ᛘw}~ݳAɽr7x\nDN9M͢;_{&xF,\"X0Njȵ#q 1O<#1RAJV1)$.3a.\\zE \r`\\\\9ELDGeM%NpyNq.ͺZ!+9\ZZ..H<|8r.F3OE\\ptj[ܕb.T*ZlC{\";$6\0,k!_kFz1@35l75r/-c<bbt8:DwC&oo>Gz^p!¤aO62.9{\0Zw\0_Bx:	+C\'\0$\0\0׿.o7:?*Nct\'HcM҅#?\0.;	\0r	ó\Z#wC\'\'\rپ&k58Ë`l(fM4;1AzjyӦqs:+grRC2lF=Ws#՞)1RA;B?(L\ZyCpCihr\\؛~NQs|d*Tr3n\'RyFϱ6-YL<?v]KiP* |$\ne*+\0H6J)E]FJNl53./tBnvSu-F~hOt2gZ&8[]>ʹׅ\Z\0n&-;o+UBfawfi`;eߝ}T[KwQ9Q+_[<*AXV\'%]~fP SY~$87\nd>Rbd\\m_K]{E͗jeˡ@ >1ګ5JCҫW#Q\rzL,Eh	^ѥ3dLm_2}`SVpR5fbLPbm]lō]%۟\'lZ3ݩ-p)!im?*6Pӕ(5[PY*d?$!akJ6[eN^BO9iE8\Z\0=Qjie@m?5sg2m-I?XGS	-{EFbp\\eo-?,қ3S\0Ή6fx!l}EuP0HḜ?z%pI=cRi4H3]5U%\\Hm#>qi՛T(Q[T	`ѦRfbܘwDWv[gxM<C[O$uy{9j\r0\rUUㅋ4-KPm$t>Iu%ڮۨ,mvÒA;[d\0\Zd]=1\\\\PKO!iF_i\\%ANk)̓Χ)KX|%Gޥ۸o	S%8o؝{S$%[\r\0,Uw֢\'1fXAM4xe	L;{65ItuY)s\"2$RE&nbi\0L8d\\G)R0Hӿ(p(#JJiĵ\'pE*\'þ!yJOw?Cn::g\Zrry×($v	VEob_rXd\0:su˄`\ZZ6W&-*TIxam\\0dJU}F!ߌ($^)6%\\JR@=;.QS83	HD^dʴz.\"2ʆ-\nc_{+>SaX7FqZ=CKe+\0Sģp}_27POr71ca	n+;d?/\ZjM	xLsV\"=@p[t}!Q,sn\'*#I[^vݔ@buITMpJeEܲ\0ٲ8Hp\0+EoOT\\J4˨N`\0(`\0DWE\0\0@M\0`Dm.ڻ1\"j\"\\Qt%7QQsԘAO8QFE^ʤ\0\'iUߖ8pS^ehFyZM\r8\ZbimHqSICMR+ĦBOhi&hX\'P8(ȡ\0_XhSEIn}p\'M~0:*MPnd1%=QZۗ\n?	:\073GkcTp1\Z02LGXp<yD=:@Ha7ao{;c\0!#[Ǽ#}Z=ΑG[`Э7:Cߧ~1to\Zߌ\'KN\0H=\0nW,}{!a\0qJN8l5=7}xN9#i^7H 2%i}iC<t~9Bdx䬧Xsyao!05xi=RNmcJhtǔ6H=񁈁@G87Aa\nh}S|X\\-c	˾T$.1YBtIrTK|FDˍ-.Phɂ>l.lo.P[0ߺ)1mg.mu\'T\Zw%yN\ZnelmW}I^5Eɥ$yG*{$dafH́\0B#Wv&@1XSaLlҿ\0@b6$\0h	5(,B=F]7Ӳ]AL%])\"[eÝ}+յ?/2KKJ\ZZ9%6ד8PޓL^wo4fqc/Pvv\r~P3G0\"E-[7w<Pû77<\rVb>ץ5\n	Phw3i<7tKuI)3\".Xx\0\"FJH>쪜޵Ĳ<Y%KX>#Q!(:\r<Mnz,	0zfNFN0qjRw*e\'mQGpp@csf7\0#MRQvmEw8*߄!(7H騍1uĢOHXZ\nrl{Z?֜-k8֬FfS[Uهiij;ge.,7\'v	E{ꍬ{WVKiY)$1m$2IxWºD՟SpVNo.N{<EBwb\'B\"x#O({7	DĤM=\"LĚJ\r8o	{bgp&X(+3)GUlJʳ`Dyłqy-Օ7A1RUuKNdXgw-KM0	v\\XlbYIw8g(.)eiMk~]piū/4DT˒sNlk%OДS<_8$ᗸcE}(L79=(C}F3Y4ܿ [|L4Qzfn!\\\r6K i~ZhnyZ`CC=o>хlbS\rhoo.[&Z\ZGp\0=Cw,\'~q\n7;{g:ջ/D\0Soˤz\ZcRA\'D M\\q8QG}n|;$x&X	KyӾQ9\'$[\\yG\\GXFtGZG\\ VxpF!6W 崤<Q#(%nPھȉWo}\n!&MFBrT=Dr\"\\w3\ZǪqm\r59wޱsŀpGK#ߟ<ǠbO(	cSGdGr9ԀtJ!;x#uaz!NO8]M~$XH\0a\Z\"CJEɱ.-/kn\'կCb50l9>qNb$_;~05I c\'vr-	S|~p`XH߼x¹Cvu7zۦ\0`:߿L{w-\nMPya\rI>q:sԂtcCV#Qv\ZBZA&`!+{=yk⛱(MkwocQscӻwQ~\0_B],G<_/\n#ӗ=VI}겳_kɟr1}}Cߟ~w>\0V9ywÅ`~Q\"o<aWw~Dx^n_?%l@|rJtI7=ha ڛP3o\0ˠӿ/!7HemBoCp<|Րm}u[rt9d`q	1l	?x@BRJt_!7Nm\"!c#9A\\09ko3UG爄#|킅`/)\0V2_Ľ!X/&\nӑ!Kzr0Q6\"!!@H9s2\\g%TAӧ}.0RjMYE0.]b<A/\Z̉$\0gJr^[$gV7lx=XuRYlbϽ{IW8Oѭ1LmE=DhԑK6Y9H*6<M#%Y0{1]?(=,+)#(	9pEOb%$ᷘ7-Ab[bPV)kZAZo2 R3.Vm	c(R^U:+39W%)&0R^74q2HBM6@pO1|J0U,^оc@P\\h*rH$oߌZHCww *(?\":\riAQbrAq]\nA[sǩ	#O;M(	C\0G#cAGA;%}d}\"W6BE=<s߄w}\" JF:D\n)5\na\'Kb+lmH#\ZrH@./tc:;tt3Ӽ}!xwT,<,ۿ-6z@noЛt:G&xB2F~&\0~R$|FǄr@-6_qn#.bJJo\0>ƟvQ9u~ιf&@{k;M#G^.\ZB1^)B!2#ۼ{&:8eI=z$]B\Z9&)n!d(t-$ykiMc\\`L^~m<aO;}$~<<$Q hN\\\'%7:[˿g1{\"[KGd×c۔WHmn\0H68ŰL)xO7$±>>Q\\\'\ZG^k()\"C\0	V#axmG)t9E8[\r8q.$ILX\08s-Gb9@[\'zclGP!28q7%kXq1u{x`AbH#9J |&Iw.8>=<Ǘz\0`cCJ:d[E=\'AF9Cӿ}NG1c|a\rd:wcۃiY\'={aח} &z\0;\"j1cԫ={tA6M{xsuΚv`r;O!;\0,{\nލ?9\0=° w=#\"AۧX]G>\0_A?npl7\0~m9B	!8#m{Dߜz\r:$$}`z!6n:C$P&\\[x`Cn{q8R/G-o_P7M[@yw-[JiصŻ\0G<@`Vxiv&$kea\rD\\SIC俧~05\\7*uBАNodQ& c-\r)B\"|	*g69?,\\D!)yCn0`m*a%H	 c[IpD\0<_6{\0<Z8?8]u#ݴ	6\0XW;!ʵϜ#sÉV3@!3cspo9(G!cEFCHoE1[r\\ǧ;X|]Ƒ3hn#\nmX1d(b:yE#t^<[iW!8{\0pŎ\rːlzDV͏[\Zm-hbH7[6XN\08#P\\Ec-772*<	0r	cW$b*:xZnp:!yxX0c\"!?H^=P< dGstC\n\0)\0B~GPޣ0 _9\0PNu\'GGD!K`aw!CuD\"BPp.!|Mo&~H?R3NNLW>n6x&N4C_<%B*2Lo=MLEK{	\"dR^q1\rߘ1H9qø\0yGl4aΖNNW®B[B\n-_v.\0XCe2ٵ\\Up:·D)CN7p$o^Sx6ΐ2FgMc>Iͼ|!%˒ ֹ07\\H͠p[daI (PRO<>zy1xq%F0!Bàa0bZ[~>V렏8e\'\01	\\Uro{~܏~q=X^=BW\'׿x#7{w=N!M_N|jQu2>!B\Z\0߼Bp/}}Χ.{{k`/.\0?!A={8mwN9[N*AJ\Zw;\0?xx8G}!7pMqߔqstbl#kc-6Xr\" _=Rsඃ6=ؽlok,E&\0}9?;G0G8Q~g!h?(\nܴBVv-hWu&- H9a˂NRn.\r\'(Ⱨ!A@gHR|4E\':stG\0B1w\nN:fc].]؍{7u-a%Vo>;׾;\nE6}%cvۙe~!0r硫pg0>Лbh9lj#SGȌiB\rnKߔ8\n9GO!a.\0X=7r+\0xu,_>H#^w\r,n.<a\"<B+\0\'I\r%$5cw`WfE	ƣ^a\'D}V=/3^r	Ӭ6h$<Cŏ\"C_#q0B>\n`zB``FG}k_þ\"aBE<t:BnZ&El[6ϗ(@brLkb9\\c<m$o[>NyG_?H /eI\"؆\'\'H!=OĜB9&GH2#ҤfV<G(_ ,v6hRc\";;t~yBhg%1b\nSqڃaFQ*f=-lǙNyZ!Z\0*Ldx\\tB`n]Gz#;`VEkX@ b\r:1Ww,[!26tʑF}\"`p(b=0JӘosKi8W./rXa.s޲\0*ctbSn\':Dwx[NmB/xp8 -\rX$8饻c\n9Gǚ#\nnH,\'Ou9HCbRO;u*bd& \rmY:V+AԒ	?\"8Lvk-O-cHN\0ۤbF~r\r-Ҡ7s<%|\0/::\" \0Uq~\0?ntX8q~ܹAJV;`Bd\0o\0\0@Ӿ`H$Skyw%X::!\0?(_z\0xr[ߠ:\0C$|N9韷#VrSǿRM˿\0/::*\"X?/cA)9_=rh;Jl8s\nBI)*0cP\\#9GGD<ll>o[\Z&<[{)8=sNmp;GD`ZA>\0!˶.__GA!$r2uz\014Ҏ)͓G@ ȞsnH$dwx*6?h\0ZxbQ4@	>qMtc1	aBtt\0 \r::	HmX\'__8?tt	\0(x8ߔttO$=_(KƑP=h\'%78^::!pOH+o\0|͍\nJI::\0DaV!<-GPW(x Z&Hw\n;_ttX&I68MF#\0*={ttC$XGGE%\"Xv$$tw	FrmsӤtt$BqxO(i P/x`˧n1@{wttT g_;o ll;zsoGGDeXӣ>_e@GHtGGDE_qMT[\Z8JQ<U(<'),
(2003,150052,'anh 1','\0JFIF\0\0\0\0\0\0\0\0\0C\0	\n\n			\n\n		\r\r\n\0C	\0\0\0\0\0\0\0\0\0\0\0\0\0\0\0\0\0\0	\0]\0\n\0\0\0!1\"AQ	27Baqv#r$8R3Cbstu&6W(4ESTVcd\0\0\0\0\0\0\0\0\0\0\0\0\0	\0V\0	\0\0\0!1AQaq\"246Br#3Rbt$5sCSE%7TU\0\0\0?\0wq~U\08Cn%{}&_giHUF(E|Iu4℀inBkU%IR¼>Zj4QF(E\Z(EhQ4QF(E\Z(EhQ4QF(E\Z(EhSn/ʿCn%{Ex;?fVſLR.Û<Zi)Zʔ\0s	I9RP&ixFJR(Б;\rgnsҭߤ=\n$9QZm\\aVTFKkiӫx(ጭĕ\Zfmu`12͔m%ݕ#ܪ\Zsdh-\nJ+St\\.@H\\\ZITh,0>;Հ6ncn_/[Uc|iN0&kSqĻ;v.8vR\0S	VM Y\'*RK2;oڻf9w0˔krDBmJroJ J)N{]{vnH_{i6cl\r%JA24T	mV]=;q(JdG<٨o(*n1\"JTD.5\Z()R)G\0OX*	ްHMJ:ӅVr9Hi1#uIYe̖U=A.P7yP\0SnKB\nTh@Rό	>Jf+ieRREKJ`]X<[;)\n\nD*aܔ{kn:bJˉI}֝NHVFAKRJ @ҙxˇpky~n\'B8APL6wpO(6ejZOdFsm <VBNGbqhiV[mn\0Fua8}ww-#*Ԡ0@k-ƳaU,D{*KQ(k.lt75\\Kt6%EJ:&~lVQJն\n+&Kw- -jQN@\0Eݶ[:{|A-d8I&\0\0$\0:=\ZpԘ:qb$6Μg	BR=I\nI;l=\\ݸNQ	H&\0*WJ}FC|l\\\Zi.(Qs?Wi/Ҝœjj\\\Z\0N\"nB뚋_*4 ɌRYp. 8\nJOpA<mrS:ۭPRD7vN޺<	uZ]Ae2dG}\r2TE8		\0ҥ]*ݺ-T8I&\0dtv5U_Giid!$qf\0*`km(HZRH@$i^ucQn*15TǄo\"C8cXhLFָ#p٫ME)^t\n*#I=o^t}Tɏj?qm4+V\\zk*J:\r!J8H*R@$뛶,\'<ڒiKp-1kkazӮĨ	:\n+zZV!NecIb<A8)) <ɳZBʈ:fۿ2  1r~C?K}^<^9su*,4s_||\\e6\Zgk7v\"E~+LǙ6,A	$))YۮZܲZRR9Jj.ic|ӎa)q*QI\'R~ԎQ{߿MWY|mߤy?gXKPVIߧGRTі$	4YJ+7aX-?vSm	JlCKy=J9լ\0wׁ]Z$$\0hi֩mu^궓*T[ӧK\ZCk%\"K@mE(-]wkq\ZQxm5up3uo+RScsՀ˞l.Y:}JCj%0%\\޲	\' cRt$Ʃ W)%VA 4:puzitS):VS)ђCQ>!ѢS;*ǙWt\rr?UL\0I>d2}`Z՘ׯl\Za6JDִU86ށtZԧ(SOiKr$>?BXP2;DmXG}#&\nQJnJ-\n+\r)M^=hRv\\ojf\r,!AIY#)紊\0MV5ǯT7	vfp&6-Brrg .\0aZѮ͸^[\rXdhmP|\0\\B^l(SeG$5ǈ#FN}l!gJD%&65Ιz:-\'wJp/|)ߖȚ&x˃\01s/立_V7\0l`C	6`\0CҮ(e)ݣX΢{l&c\0F*^q_=U5Nv\rMB?fhDT6\\lJ)ˍaYI>@q^s8g[T\"$y\'^b=g~P\\Is#\n!tV9T\'mb3-igQUjz?ͽՌB,+v/cK}sDQ,[7\\Je*6mNFQu1ma3\Z6YTm<L#V<Ԕ=x N+BKW)I{*8w<ҟ(~n;)195kWcJ\0ԗA^T3~4VEmUp#:[\rImg:MZ%Z3xV򤠆[Y$iYRrV.wN^u2un$s٧4me<rx@vn]pv ǀ񫿴o-o\nHҦQbt\0W|jwO{hK	86}J,I1렐Li+yz!hFs\'LQPT޴z`.TgB4t2ہJCVp;zc8i\nFzWf-2ҕJ@ж\\۟Tɵn~}¼*?EU@߽6^[}r\ngIi2<ۇwQlJc6Y4?uz#1Ν6+>}o#*V{RGrju^?nzO?ª^>]Yx;KQj^Ehq~U\08bw+j+%4ҭ\"O\0e`\0H^N{gP?dZƍ͛o[lmM.5.zP$M5eO%%W xCBnyjγ[͸d29F=[Zb-)/Lb4n@שּׁ:U6[SgJK\Z	lȺIWpTԶT#g}#4ֿ{Yh(@\n)	Vhd:I7~[Ĺij]u)ԙfIY)pրKHShQ)BH<Kv1	[I=<yzS\0	ޥ23RHDjO(:+U2fA[kR\0ItDk\'ZJO:dSm1WUD~m\\\"3z!#$l#*{M;qܵM˘=%0T\\ZSح#}vz%nTNi.\"l+-0h&r^q	\n;*F?Sb6^xlGmNR2N=K*kOơv︖(?DAΧa\0#t*_#}ƪg\0\0ɥ:P.:Cj}*tUa5:BJNAIcLdxM=Ol<}gp%:LJT`5\ZDX~[5+>ɥ՘14\\fʐH$%\0/0t3}rҙq`:\n0xKkR]lOY\rl#bu5}|>D^nrkn+/	^#_$%8[aVlʙשscp[|1,&ɝ|g\0\0k3zd[}/­>#\0vsc:O//O*\Z?W\0~󦑺+J.\Zk_jS˛F[s/\r,jPM\\B\nV]\\;g&$m;zoQMШQK;Ԟo=\"\rWiaDP! M8]CI1+:oo/pJVi Fk[seoTmzjrU9MX+iiِHug:^l_=A*c6j&1/M70fBdPV{pƚÝ]5}ʟ<݋ib/ČĦv$Gj\0BLV|;L~ݽ|w\0[iּ*uQ OMASimh\0X>C9}M1,5MӤ=k޹!\nZѐ\n\"	\n*fR9ڷ6mfZs^MRC!(K|O9f934čHz>~>ěi	m!C P2Lkj_1[sJ65\"OWV\'Chw2,]6;{mIuuD9Y1y7դIMv׍RO}TsT-H>aY.81\00}|wZF(E=Ϧq,>6WW~KaóiT<cԔ\\K #2r>J-OAu^z40YCR*un$%R\0 Ʀ.w	dsH)>Ex7To-Z(FӘ5\"VLY1D~;s^DhlПD\\|%U7\'԰Fn}?TZݛuE	H$\0\Z*$>|{rU~\"1HCz%xpq}JRqVw^WIt9bJH3G4ē!GUk~mNTIRY	<r@W\0\nİ,Iz9:~|/iqIn\'p 앎A|&#mSI%S_#ۈ<u>!^Di%4e>G*.	L9:7O^ڒzu:[S]/S^*ϟxx;iVz:	Nm=Ji)\0y(DfNUb	ʭ*m-[0bdgc \'42>ѧqKIOj۵m@Ǒ+!^0\'!}?GW\0o\0^>i0}[eKQI!Su+lt$/B\0RnayVa$QK6\Z緶ړOA#IBӅi\0*{lXu\0/g}q^1V7w[k\\)\'.	3H]\0E;s>}D;^m}!?uj)]H=?\n(GԢI)\0;iy^ᵬ	$;Y`mfEhu̴)Rdʀ]\0gfٯ!~~ϰݣX΢~a7K+ƩUߵNti%*ڊTsߤ<2ccRsxO0\"e`׽l5jbT.4 #Ch]cs\'SWN1_`^o܆\"yzkY޺Oi6nʝd	l8\n_5:\'Q ]e0V6>!lfZNI\0gH@5|]{.zKh4U7lRJp~/fV	יp\\1x%o\0ZdLpe)vj1Q:jKI\'>\'uVӨ\Zq>灸fIl젝JQ*uB:+gWN`M5VKG+S^\nUz\\Ic6A߮d{6ߩٷUZ1뉶\\~58ף>J%9	8=OOrITH|?\ZǮXĭ$\0sH\n\'zmչ|b~W⬺U*RRBpq:?z!\ni5</|\r;Z6ʔ !)$t0m`b#mj\"OW.;U\0*b٩DqFZkɋ!E~ci.C֪d=V/FDrؓ<2d8W\0Ҏ$s?*;؇˛/~u=@khSn/ʿCn%{Ex;?fBX䂟xƓ!YT\rHhG+b?ګ[TKSeAc]*=PpH+W2!s\\1׆;Wqox*aX*̓qQ`	NRǏ-Pix.w8sIQ*\0r}r*ÚJXqnIIPPO8\'MVRɫ\rӫ72%2&䪼.	pJє\'눮%0\nJJr>ĭ`Е@$ OUk6!7mc%iKd\nY$0|.&`UF%AU~+\\܋ZIɆԣ\';~h5-j3H%\\k-nۀI?5C.Ŭg\nmN!DG9sFZYT/\";2{yv?fAFa1^\\JQԤחZԞ.z஽*\n\rU<RW$<$$RӔ(/1\\yR%$B\n{M$q-[PCͨ1*HJ 1\0ԏHעJH%/`	g^߈;WTwWUhX0sf4PmRY+)\ZVzƵ.^m[MujWS(}--sJT\0$۾oය>WWdǱA\r%%@D\0\'y0@&tO֕v\n nT&ᨼTCȝ/±[&yP\Z?BF쳋(p<-@lH	HKqT1unMu&]<al<J$c8=х_[oܺBAYTq[33s2\\)\nԨ$\Z<Y;[\\)4\n*d6!Xqvm}]Jl9U\'}bMO!!z5F=!oSNuӝٴAtJ(3c^[JL@uE$xӃ$,+,o첶ۭG4a!@d95^z0҇m&B-Ҍȕ[SK[iʔ҂R}@JTdzPw{틲1Z1\Z\rH$RA0FPn7ZD[hU2T#BQ}9GGn#a?l)_\'1܍խy;Bi:^- )_IJs+ɂd3֨VJ\rLbVV>0)ZFx!!)@+)gJ6sڽIOg,9]*$&rԕ05	mj/[bRPr<W܌Jd$eD~R[o~֛p\r	vGxf?c}ueiJ>Q	JIt\0j/跪mz;ҟ]5\n!b:eK,i\0>tu59퓲w8m!>ze?=I@ׁ\n?ZijE\rj(Se1?,a_ rZxȤ`NRpohxn.[tdNvfgTU\0E?5C\0\0}Gs8\0a\03\0쨛Ωr\n,5*C}\Z/ų.xsXq~%#Br<j{+aQh?췲+-ı;LfVvKKH+\'R@SvӍM\\܄FRl|W9~FmG$RpHU9jN8RpuG.3ı[,͸I	J3MT7]ϩ?{VWܭ\\!ˎ\\RJ{xN7*SuGj훂xi8cY\ZX H@\0T@\ZQj].nf\\m&YJٌ<9Yƒ%G^=cXaQhwUGgf<W|YkbvG̬혖֑VNҵzQ{߿MWY|mߤy?gHGRU,e[{q)6Ԙȗ$Ϟ!!p%؈RTru^*JF,=-q*sB\\q:#]U޽!֩-x?R*s($%!HJHJBGJHR&q}jmonIȖB5<PUlU*z6R8$-\"$)DuvQ*iIb<`DƱ\Z\0M.0\Zf$L\rt6[o,ihSm9y\0/ڔ !)K5b`\'#]cGxkL:&B\0y<O3zLnQ;2ʒ\ZRp\Zf6r}F9v*:n~Y6Bt@]X\'ٓ8b!N:wh;-i$$QYW-6,$W:֔Ѣ5QF(E\Z(EhIHC5u_mReť\0E)$${ϻY\n\"}FR҂_:\"YQ4QF(E\Z(Ehq~U\08bw+j+%4&ԪPjjXZi)Rڰ}+\r]@Tm\"fJLO5ze^k)ck(Бqk̬)IG	Op;3ů3O}f|߽}kJYF Q\\d{Ƶ.s+햝YqG	BT~4	µZJ`fW6꜓cQ8Pt6z\r(\0u=dbuުhcy\0)ƕ\'\nW\n]6_?EY\0* tMl\"ˇ\'IDiB0MP.{xFvi߽\0{iτefC.|~`<1~IH~`F4?pe4ӾV7vI1i>\0f\'>x&}TzI-CJ}]2S>%>:*JkQ幥)FG[_0RE2bb(.MV4>:?Ӯ{JYn?(1xCmۣ\'fMҞ{y\"bғXs8\ZPn|TƘ_:^}\0ĕm3|؊: =QiR0=E}qqGVO	zUe[\Zmt\ZVkBGG1_}\'Vz>ܹhO0m?f5,f6V~C:xZN}$8\\YGjc=l\n\' &\r\0&y;b1R\r8ځT} J΢!F(E\Z(EhQ4QRVPGRC5\ZRiGJD%9Q\0{N^n-ĩK MBx[x*YZjե0L	&\0zTL}-jbeU?ж.O\r*(?5_~Q<\Zyߢ:MTwn]葟oJS·\'y#T~Q<=%!grQPUcwO1hO+PO|`o?aiI犽?@NckeM8رqK$ﴥ<+d9kYTz[@R#\\MzmDT̑K@Ҕ\Z\'Gn\\wpeio eT1hrWVt6OO.P[nȔ,\r\ZB y*=23hkD4S\rqAy>Ք\\4[\"jѨԸBV)@?`\rb\nckD1\0OMvu7s{t\\`nIQ5}cRhF&\0dTK\re@j)\rp;hjE$Ou0`\0`Nl7:\Zr%)Du4#>Xԡ3mړMG)Ȃ# Z\0NGmATG=\"7?ޮZ7%2 Ut\Z@ߜ\"pTj[r\Z)JJICYBXR2H>70IE+,i:I19D>0<O6t@ IҟƐ!֜H[n6\'Ȃ;}RdRuj\rEFA7tje:HjγDQSh䬎C\0I$i!iB&cA>O8\'_5`sИMsKsQ[oD\\RdTj_i*R؅\'#mA?7E\nmLQJ\"5\rY\rNܹ\0JRNځZ;&Ll+OCJe!#o!M@ h)֖W%9r^I%2|=@6=\0`A>Rh@h5uj[;+nJXɘJ7ȍ8␜+\0\'3#]ill3z3kMp-/J1&\'͝DVc%FHuЗZp|C J$:P%HQBiZ[H>gE}I^x!\'u4q/!M<˩\nCPH 4-@0A\Zv5Ngwj*,;eԞleJg\',5~mWd~\0zxt۝v0>,/HO]tW\Z(EhQ4QF*Dj\'Pj!QJΧͷ[␡\nR/Z= GUC8F͌CllS-ZJT=`6ri4}Ŧ%.[~\rF:Li=q*IñF!nst<^mNC(QA_VMͅ8,\0߷J9^KI(s.{:OoŐĤ}%\0I\Zڴ^xFmlQ?s<iۭqִIn2KL)$h%)h!Xy{\'Q$_b*nVI#@\"Oy}ܩ<\"v.J$J\'LۜzRMk\Z2MykGU@>4%v;b%0ʩОyH R@\rݥ9TJ3&5R\Zb\ZulߗdM+4\ZRZ#*PZC_~mr$h`S\r+Y`bz\0	\'G/p/D]781*Tf:>@IHIG#@WTs+nU}s%j̠}2\"\0\0̘aY`dP*0\n`I3$9Ȩ-\0h\\JW9P&Mhhn0){q൨tuut֝ھmi h>nKvktEb.Rݗ+}A.8W*\0\'2;c)JLVA63D\'*5@Q\0|q{&RlFhX~cȘuIJV($S`v珞-!M2*L]m,rNɁfGoSu:ʇn[3/\nlMf$)\r#+8a1ctʘqB\'T99g&&G>lsqaqpAy)h$:kIU;l)UfaImḣ$M+-RN+2ٲL	ςy@W˜qWi\'>ܺU][n[VU:,qE[0R믥Y/0WJTZErչ\"A#Fvcp\r>=`Ղ~;V eBqNVrΥ\\+E*rDb\")dCT\'	q)\nGe&m%ĥ`\rIDN*=$ß[a9$B%@oJ0\'gkm70pQhnW.QUi.)J\nR_NNҹ0`O}omJ,)d)$L$tkmflnαRP֡&S}!<ye00\0֖x+-M%RFeI\0D$4{X:LIz&5%YNu5$RƮRjw\Z̈́Z\\tgǍ*}F\n;n^\\2a:mIQuea\n\05&=_\\!LR+ȵz\ZLߋ\ZTu|G je2\0__J-yVH(q&\nNQՌ5Њ^:*YK֩ΧTTyq^O$<چ\nH\0yE.$],_neBIֶ֥\"gR-\nbe23q#8?M##PMwajui[^쫴8sh(JyD~>j:i4QF(E\Z(Ehq~U\08bw+j+%4ԫ#n\rV5/xVR4&]\0jPItŝϐp{߁L7S[=>|\0V%RDs}IRH?O\'Pہ%.@ RJUbj̺=ٸu~pJ\nxJ/I\n)!j)QRRH\":vV)FyNM­ܹM0ZJ\0I)7\0&	q[SS1TiM-\ZM\0K唴z%ƈ\0s]NܹX핐Jq4NF!2(NOP!eڦQK冘aEFDfRO\'>M)OԝwU_|\Zn2GqQ w\nqڳPh\nZQy\n#L@*4{OU߫ێnlڃ:)ﾦ!jBxP,_qKS*()M(P1$H\r*]PL_;}6\Z\ra(;-Xδ| \08-Gj#sbw9z$OmMjtYЋKY8	3HgQOȵZڴ|FA3%Kud6@#<\n3J[NPHDȂ :tB)m8qY$5 e\ZvnU˕qꘈ(kq\"2$M֔PQ$(gG+e%H\n~oWl\"xbmwɒ3\0R\'Y\Z*S~}!TXY[UyHa-,)X_`qOA\n$̨& hg3EV򔣟,|̞HdڴYz>,TޔmPcO2K(\n*[8ZRdQvI!L[v)		\Z(4\ZΠDR5p܉ByaTu˭\0%-KGoƺPqS)}}A<ku&w׺$GvźdzlJ\rERz8WA+<}l @$97휾u~BFt>[HVqs.4t;z֥GڛcR96$TNr0}29yIu\ZƋ8PP#TVwTjJB-g$/)aJ%ŏ;i%,\\:m=&WKVXۤgAVWV\\nMpU)֫jtɒUqť)JUIeH 8 :y\rgZTm``f\nH #0RDDRA65ֵPȣӡ4S3*Rq%**OlíuAI)	D&%[o8ZcX);(D\0@wYfz9ͨ܋f]6%:,1&ď)jR*y(I\'.v@\0qFR=\'S FuuD^759\0&#Cy)sv<{k<Z,|~\n+ub\"ą%GpE)[$j4j;>.+Haє<Í}JP\nIM\n(P9\raRݽ}MDMM	U?w\rq}ZS/	J\0]i~_`bxc6e${AҡЊ>l]ñWTyOR*aDAK\nOGekCs{/TE]GC+g]X-1@u\n:[XhQ4QF)~}7e_f!~梼[M\"w \"=DRtz;9A˞	\0~Aăb`Pi_qm|_?Bm5\0:)5&J)5P{\"i!(\rCP:Suݨ:Ra__?X5~%PwJrć<~Oh儲i-<\'ˇˋttZXHH>uT_G),2lEm4B[m	(H\0{D\0h)s\'z[.g,{QU}ėanNfMZqalү vY۪[ַ\r|yޭnϰbV7vme  #X[:i95Zan\";`)1RI%ĸTI4 ֊.$:NqMLWX24 `\0|9WMTоw+rocBvߦ\\mau-\n\nF0$amv.$D \0dהM5Wo˰ÚgZ$)$At=zm͋`P+rSz]?Yiɓ%/2.:[)IڈG$i\"L)6ͻ$A0%;uOf.疦BR}8	)#bdT	uˆxPTW11]W%-	g#I]m6邩I)ӖR:khyy\0OyTU0);Wې\\bHr;	#c{yiqmn$06\'ÖMszIoz6op6JI\'ӼWEyJ(P%K.xO|{a0­sxn),2̡A 5zN\ZV~GB|*\0O|gQ*:^C2t \'^ҚsLpi(-Hi92҈$ \0sCL)I\0`3<+E@rޢij*k51rȐZNP<PR\'$4,Hi&lld5LOUŻ*\0;ҥ\'mvb\\ٳٕPq7ضJ-Y\'}UeJ:Zr!	2*\0ij-;TrGH#*}s:iKޭ_܊~K-ĚDR`8uIJP-$\'^˷I\n精0@}GJPȽWm@1 :#SY;tj\\zb=0IcG%IscLgJODBgM#\Zq0[<˹Nd|Ѭﬓ\rȲVUOjFf!GRuĶ^$3=xWYeȪB@ז$M)N`)R5ۥK]9nki\nTmUEMN؊ҟXp6$e\'AY#]RSrva \0s~T+k6Im\"Ig=kbVRȠ(Wxde\'ճop<6=Ey#vo#v5ܝbΙcK@䡓ȂRr	\Zyf&)ۆ8QZtROС\n=ӳW:c*GaBHflr}W[>GH j{xۿ#ȎﯠwaH0I>7J944+EhQ{߿MWY|mߤy?gHGR:q);).g\\p\02qVFVRďt8mx\'ExuoUi:,[=<Ĥ<m*4gB}MB]e$)*\0I>Aq՗m_=!h%$I$t #CY۬Vk-$,\\O\Za6\\8@\nX#:c3$\04cS֜n50zv\ZUDo@nmRBRuXUS|3)LN^YpG>d}Uhv_!>[*NtNG~VYU}Z{v##8JFDJI#$2KŸbLM:UmΓ#]umVlIѨOz=>uĨ6˅аBPB2;?\r)a\n=Ncz	DQܺ׺YСO\":8<_\n-}_Q*R\0}^z,qڔI\"yAoxkMN?@ZC	Ⱥĩ4%\0bl8؂\0ؤ\0@y\'\"mBVH3֚S>gQ}qN[MnZnrw\nG6\"v-E8$FaIR_,؀	֭˹<Ɉֱyig[\n\'L@d<ǀ:U-ٽFz=f>:EB\r6Rt(!I\nt:qz&vhJb&$Z*3+T	\ZH:=*ߋ!;{\n#-4[HqK`-ԡvH\'r|Ɛb9Ԑ4uӥI-#\"	L:QVmRZxI/4ܷ^l`z9Hw(Tf@HЫHFv)YV],ɍFi\nyLۈIHW)hW3t|)i$Ay 3H#nqv,zJŹ2<]oei}JYWd7#$|U4-ǔx3Xۙ\ZZ@R	mdXb5wi}:$K-/KJm8=HLJ ;283XBV&re$j5}zu׶!릀F]&Cm&+9ʞqGTw8<go:>u-uZHb~I\0W&{`uRj6s鮸1kyזr젟/X}Jl*H^U$h\07v㖔m\\[$((ϼ^oy\Zރ@DL۔:.Q=-FJ\ZZ$` P)j\\4N7H\r6m	\"@44m]{cҢlF$jyjrcRPuI䒞JOam\\e#Jͧ\n2t6b>JuH@][}߫;y.%6KQ(Qۍ^aG\0	,}q#I;BqO_pN(WPcbGA޽rԯ\Zlb54.B|V\0Z=aA$/p6|q!ĬEZwJu}X63뾜u(ğwU̻ja\nk?sxv:*u\Z(Ehq~U\08bw+j+%4&ԪHE_nhn)|V^5-kWG2҈N|56N9w߸&($L3ra6Kx8 IB{%|>R{RZ*u/rrtZ%M}\';i}ḕ)	JG ⑊z/DwD㨃:8X%N۬Jd|@\'II;BH<Nj$vqjBN9/$Jpy	#]iŔk\n\'X jb;J\rᛄk\0D\\m^Zw[csuF#j\\iSඨPJ}|4RBR;x㷐bMy@ +_Nuo^q7XCm[p墫]ۀD,kg:AKR5U̫RI(\'@\0gNeCob,eƇ+\n춬*Hϋ#[[MsGc\'$dVߑa*`S8ڭʈRLN\0~}v$*z+d©6ö\\s=#Gsf\r[M)\"`0A=\\\ZrȔ*tHԻnXE,r\\:2K`-H>D#LM*_`L\r2Ծ{;<\0H>ڜi=0nt:y[S\ZYrE\r-\Z+Z_eVaIsvƸӊB#.ɍ:S+Lݭ^qjHHyL<R}wu[GIQJ	K\"l˭q!E(CiE8O$FsViHW#\'}ʚgp+\"Ltd3UEzJǓq]Ԯۊc\"_M!)@KqG ߗPBRN;HRkY9ob!$$Fi**Dd=cl@59A\ZiBRORx8\'R|.-^q9NR#8\\RkɴɁ:o\ZαY_eU`۟K%TzifS( :.4xR+ڭ;VbIȐ`)}RX~)TjQy@PQ1:tRn|TA=.>6?5㧐$ubЭ\n|+*d\0}Sʚn1dY9tTrSP\"۸eIϙ-T0-Kk\nS\0e\'4}n	mC(1}Mf9JS]v5\\yDn&f_]ȝ!-ĭIom8ZbI˦]ykk:VA\nkG@4_`{nMi\rP?:\\R%eNJաm]nYT$\0#S}+͛L	[	3=+ӸIqطZԸbRiˊ@o<R@dO#	jH <osL9lܠ:Ai3t>:0UX/UC/]5)fҀN9>y+:In_CmFS332뮑Z4V	J]dAr.J)kjCoy+R2vぃ\'(mAS#ƪBVpt!)V@CbulUQ/Q[GߋP0߁\n륶G`(yܴ{([F(\rO~}bi-guJ?@#h4:#Yu\rf׭Mn\Zs*TĨ\'mc؂:ԕۂa؍-hm8j7CxuYF(E=Ϧq,>6WW~KaóiM#U\Z(yֶ^L?%-z$J:Z:$z]2q&g8S=I;C&;moj{\ZpH*i^KmXHPRO5g7v_h^ל9?eYOB7JrBqst-m.Ŗ2*ib}>H:Oab{@un6#4lb\0E\'qC=*5\r>HuE)ˈ\\vZ@+(JOT/A[fR(fwql-x.2Tu4u&ӑlRmC4tzsrDnI)uTy$sw!EB @D$T>(D\Zk\0G/j9!M]<\\.HQaَVR( \n\Zqm҄K~-fu<ǨU\n.\Z\0\ZK\"I*+.JRQN=Lzd\0|0u\rpڸٺH֐ߴ\Z_A/ilBvelyarP[g8Sm@d;Hq[)$m=:~Mx1^A#X=ܪQMgVa:NmF]!ÄIL6i*I*\'6A:<	Hl/q<E*!u\'b\'RDD_tw7n]\"~q(Jb?\\J(QgesOB@\'Mp!H:]fkIr<P}يi+q`#AڀJ/_8	)evARAs2vI駯KR_J #Ѐ55&D5QUhvrR`ȦCm9\ny8BCk6TF\\&{iA.6\nAIR75ƕڕ\\uQ#CTifDR33jKY\\ y*O@#A31n8hQS*`1TsmH*6T5Ok%nT\n\\J9}$i[B(hPH\"5\'FUuF.(JVR\"	\"	r5Wm@Kkqb1R劣HxͲ#*	HdeHH 4chkp\\Qm+~lk$ƺXy	Ai܊ub]nL*ǃ$ǓkSi<rP0\rPęehdO/-]K(UCiT *\"yΦ96PX]ѯ2m2jM*zv[8FP\n%q#\0n8nmǔBw9A<V߅:.,cq̢\09Y\0A*FnYCV@t\0\Z[+FCm1%Tm!)RN< 	TkXkܴљ*QJ|RArۏnEja5u&ب!\0@l6~PPA dZZ8P̧Dԫu׬PʂQFcqzWn^pS2:5#+P+IKm6x$d{{Mb>\0VAbu1Nśu[\'T$}Z$uMv\\rE\rVLkP,Pʛ{0Vw8m0t{I,oZwy$5?RkC:b^oCsڱf{&F| $<k<::CU\'jp-ID:u~x~zGA\naIvǑ4.m\'\nJ{ 3ЍC^im.2:Ђ65׬J4QO{鸿{*\0wK15_giHUF(EZ7Zsi	a4?:iF>Qԋp=כ(.8x2@SxL}W dHbзݓmגVa%V;\'#Gq,bLk)1#b)~`IAl̨n˶D)qX.I*FA95mq*}!I&4&\0w=;иwaT&KOrI0`r:mR2dwde&\nYXEaDOt%g6t\">톓R 06\Zm1GNî;*1⸆T|\0+r@u󧎕)i)ԐI9HFP \ry}wѮQnuA|I[Umg\r\ZI# (yvH\n%Q\rd.|^$ӶJQB$F`u\0t<\rd)J7kR).BL-:i	\n@=w8D+҂f>tu\'Jcop!ea@1 y*;p]אªӨfU~*\nmB)-:AJ e*#D$	Nvv,7RV\Z$D6x֟\Zu:bLB*+5Fm9XK2hs;ϑ\ZK\nFY|Ѹ5uQ*NbdĀI}鸪]Z\nHM,Y>ℷP-DJԘ66-2AnN1:z]ctЀ6o\Z@)贺7\ZqqK	2)M<E $6tI4*z:^o)7:̝;NnnΥEK;\n}6dDwD\nByrI˾3mݛmJI\0H`zޑbXSxj\'YNʺTuvWhj-5Qc6,6Pyr-W(FRHHCm	}ȕAbu\Zԓk_mb)wԧ6FPyЦp%<AX.%$(Hל}&0^IBbҟ2A܉kѧ[Zd֤%ȡeH0-bI\0GIpvugWNK$L(\']LFx)/<]yqB E#>Rڱ߶mnTR`vmc֚ns]ˆR)03u\"5ox76]VHv4dnp\'9B\0c\ZsUd	OB[nJGIhoVۧ:ȩ*R(8\n)\0h#V|$2xy.\n9U\\M5/n,CdB$봎Q`2HHFZI\\5k_\n\ZfՐ2<qkZ]t̛w\':=w	oi`X\r𙼶{k]xqp60RQڎdJh8ZT$Wf{߿MWY|mߤy?gHGR4QF+ߊr/ӭhX9\nIdNB6i!M:At `7(#_5Gcvx丟Xc<uda8ĭC\Z(w;x)ܰH?rVuDAO22U,$c:q%\"NRv×lM@LcKd\ns؃A:Eأ]<yS=_Fꓸ\0\\_\rFٵ}B\"%2hU&i%Ʌc\nRR{piU:ܧ^M8.Ӹq=u˫rl=QhT/j-B%t\\6ZxOc:}y/J4˔\0F6uð\r.Nf$*Mw޺Wv5@Kfi[\n)NM/;9Jed$utJ@*ΛЋԕ\0mu\nygi\ZRՁ\0Dm %dL@\"ͺ\\MݏkRљU5-Uied<}U$3s\\\rmҎ\'F|T\nb݄!k+YP*3L FfM0kڛN2R\\|y|WúJԄv9@sFJ|HN#@d=uLi:\n}	ߡƪT-ѐY%e.8]I\nPPXH}~\ZÜq0)*mjA*	\0\r$Wo7Rޘ\0\0BL\Zxw$]= خ@	&61g$RG|vԋfnUŖT)C)\0w˩j#[Si2,tD\ruڼ*r2ZڦԪ1(т8.s=+9i-g)	z@3\r9^_wڨ(HNѲHtt}t_\\SڢK:d#q{4b|\Z-a.Q+M#oJNӚ}-c(	>z$ejNfgkEQ\"LSrt&H?AIQ\'\0c\'p{3o9IOH::|fKeA2JYt<%KmrkKFBYiR熟TDKWg\"S\nH 欄Iבצ[dȍgO.\'ůrf&Ʀ\"\Zd:dBBJG`J\0h~L-R$(I:Gyr`w1da0s\0f AQ>\'sVRWN&L\nS+nBp\n*;w	 Ȧ̓Ϙ\Z~oHPw>\ZrGiT*\\Z}>3ah4H8Rr=\nuۧTN$qa$o\\LWA탬b+M4DԮC\'kA\rbFkAHPjӬh-޻\Z㼮(-\'	eŐ$}(`y(y\r$37O?Vs*G	c+\0յ\Z\nwi*{߿MWY|mߤy?gHGR4QF(EJ6oLܘqT*k,\'\'rBG>9\'#].Vߵ>G`+hrߞ=ec<|[M*4̓!dYy!(e*I`:t:E|8$AЂ4 D\rwVWuï1w4|[SoR.JOTSN2\0.Q#J쒐|Lh8?ʭq%L2% 	:맛UuRw޲%Q/TRM1;;6;iyja\0ZCa<)Gb516-sDs6t`Ֆqn[3=rtdd/plÿXRd9v[1%R+SA\ne)\0!m>yCuqap^HQ)O\'m5\ZJU/\'7fa\"d*tCk1B+o]r\"*L̺[ym72|Cvh&JF$:LFiӈ	0@&g\nr݋6l4\rJu5iKpa)wJw\nЬO[`\0H6	:裸`uo>%q0[3Ɖg\Z_\ZjܲGeTحg%]{cVխn\0ߚTw:i=X5sA¢Oa#aש01OwdE zgVwrĸ &\09ZWqx((eR	2g=<:WyI)Sv;a=nڃ$:6X-\0\0WK,Tyf6Y+L[lcBc1Jj} m$m:ԏx\\ZIPLn5\0k޼eTn\\4jP0&\"Ty9#-y>HPB#O^my2Tq9Fo7^d>\"7[me5աd,DK}pk=ϸ \0S;c`0\'IQ\Z}ZUYwCxoo*\0h:;)\'q.M0(}(-b\\e^~Z(\01X*z\\P@88\ZS\\M@mi6ޝۃnCuiړ>(\0݅\0F={koR=bx\n,0b^_j5uTTqA<OԧCi?Mq\Zށe^\0§6q<qeBm&+vegO	zl4ө(YK-rWpJ1%E+bݳ%Q֭.\nq+ű~ip!I2Z`H5\ZHީ\0@5=Ϧq,>6WW~KaóiM#U\Z(EhNU[}jO6O:c돓[;jaXG>r}v\'a%pLչiۃOR5ޕE%/<YD,ʹO]VmCrkW$oZ\"diea\n\'Y)#:1b͆Yq(\0TAᛲ59pݝt	IDD4|T.)>j`\Z]m,fNSt\\87#(aRM5H@\0{\0HTIRdԟ\\I%\' k5=~袾K+??kJNQ~0=Th5\rjtL)gHܭqHT@F]No%dk=\0*\rɶ\ZZ<FjTU\ZH?u#B|%Ę\\54>\0M_M)M3($!s[π\']cwzq3{)2trS-aJV\ZAK\0$	Z@{J\'n/|fZuWp(}ʬ%_lZ\rI?&kky܆Ij_[PMڦ >\07Hk	J~Ծn ܾ(OԔf\0+]Uu]JS!_F,#\ni	W$\0jma)zVG·=Rw\\7-X{\0-׿Z+ēS;°qul%?a\\hNfQ4QO{鸿{*\0wK15_giHUF(E\Z(Ejn\rA:5IgI?X،YJf K\r,Ӊ)RO0D#Pu\Z7yaD㖢\rS@$aǘ:bvvP:瀱74v̟ECӛ@?Q|\0O55>wPcGi ~󠤍	mÕOv^nв*ſdvRkWH#L\Z>\'bE4Xa(V]#ŕ(P5Xs~kYvaƸ0G4Ye)bBA^ZiM*WO+/?ZL7\'ҺH|\"MbTP\0nq[\'āXM8[GmKHR-gҘ(x?)\0WH⋵~?K&\rz@V}WQnb!cb+tsg|>m`\rh?IlOU*J}Wލݯ)F3WbbT\ZF߬yG詅g#c\0-GP\'J2ɚMUܭՕ5\'9|LԺٛDy6\0>]X	\n\\j(E\Z(EhQ4QF(E=Ϧq,>6WW~KaóiM#U\Z(EhQZ׍dT7n	ԉxدsOT<5ї]_ae*>7W[|CH0z`4;}\0I?Jbz{Em\'][?I9k7s*Ғ|yIsr?[o\rٙA֛2f8]%|ʏ:NDMH\Zeti!#\0{5*5ζ(YQ4QF(E\Z(EhQ4QF(E\Z(Eh'),
(2004,150053,'anh 1','\0JFIF\0\0\0\0\0\0\0\0\0C\0	\n\n			\n\n		\r\r\n\0C	\0\0\0\0\0\0\0\0\0\0\0\0\0\0\0\0\0	\n\09\0\0\0\0!\"1A	2Qa#q$B3CRr4bS\0\0\0\0\0\0\0\0\0\0\0\0\08\0\0\0\0\0!1AQaq\"#2BRbr\0\0\0?\0򪈔D%(DJ\"QD%(DJ\"QD%(DJ\"QD%(DJ\"QD%(DJ\"QD%(DJ\"QD%(DJ\"QD%(DJ\"QD%(DJ\"QD%(DJ\"QD%(DJ\"QD%(DJ\"QEqmo7D	3yŌҝy6$)JQ\0$I \n+ `.}LbXHŶNnW4veѐ\0#i\\B~yqnJmvwUx=隢U,/78N߽Ddl!L´cvjC-O[u	(hUJl||e©Y#\rt1$wV;W.?9u==Ն_do0:wԜOAiL̆[Kq\n0lGsHR6\0K&A.+r99Ht\"cV\r[M5F]{6\Zv^.lj%p}-`jI^<ZIPR\n>Ƹ\'>\"@9$Oyi_3̻o LNH1V2QD%(DJ\"QD%(DJ\"QD%(D]t]/ew/RW\Zo0mȍ:qHK$-s䤺\'>.YjH\\%!wFtW\n]ɜH\"zzEe~ǐ1w%^fuKm͝岑Ĵ;-/\\q=<O\0Z-ngLd\r&r`ZCLGqU]563֠⥻İjAH?ϊgl\0H77uIpצ|1Ŝ[ܧdխ-O>+\\wJTFɯ73&jwԦ\Z;@u~rK?΃!Q	N8>sO~é0y1\rHc\\E;W2]?N:5ܼr [wTI<GIZ:zƧ	m8qL$@Ӫ<6\09oC>Y}DXm30U<ڜj}\ru\'i:Z:Nkq$3Sq.뗎G\rMcy]vn[u\'::e]@{1]Hu]u؍uWi9Ϧ<A HWT!D\0:he(w6\"nqm+R8ҟm$CiP\'bS+:zM+(p+INő2Tĺ`qK):q<c|R4\rfG?l[shPGܑ!ĐE0_\'HNǓWƌN<vF>CsO>DRfjvbIa\n^mɻR]J4T@J$ZF?`Õ;1ov=go\\xּQOf2]3R;4nE\Z+9JR膢JuM;@!Ht	q.QD%(DJ\"QD%\\-+%o>=ĉ:􇖠6\n($`\'E	0\n7Ug\\&ݘ[.;|kJfԸy/<Em㥂\nQuI;8l\0\"#Bd|DkxqpW] B3nlC\0\0G~y4u&91Ǿw)!9\'A̲^^YF^mT]{(\'ϝ\nVJ#v\"A\'PFE-yBfvcޘbf?F17vL+y\\\0}\rW@FyI\0h\rJ7U\\	1>-EAZ\nBR2II:$(m\'Dl}0gn\Z `Lbc>|B!j0q~_b;\\H䗈iNOd>ѽpoc\0%FcѾtVUsjZ}b;LOz˄?$IJf\"\\ǌqe\r<x%ko\"JHm)@\'q\" č7F$IFI$lC&:ͻ1l[iHO\"+	@$xC6W\\G_xQ$g8=aVX%ܿx|Ftů\\O}.|-Ds?t<ײ_W浻p.hSHߔFw3EjmY|Q.\n:DTV\r4E\"\Z,gEnE-$7A-*	Z*IJ\"ߤˏ7Cʼ9e\\˫ԅ}a!IdP.\rTD%(DJ\"Q>{1`7LK\ZB[Z;\\)ea8we%)ڼQbU\\3;}/wr#sO^$R/擭N.X$RZetaLqOםv)<\"IgѨ6YV;Rfj-<PD)aAd8\nH8([?FV+[Eӧ,\\~}˥ R9-JYA\ZO#{VHzlEK1<zmSttsx.JptoYx%O)t8܅wbisyЕfvS,Joqĭ|U)V:߀I	z0 KFZ(e9I=Vp3cvkD\"M\n?O|@WH>uJ9hb\"FǼw z-.u\Z^>@1߬V^e»Ir$-)T\\g[F}$|DgGuZmK7tUo7gaaB_A~\r-~	ZuI\0qY:;K*%K^\0WcMS>	lC>m\"/8u\rr#~\rsOR-8:Hȍ~sU <$Luig25c?pه0M: YAJhp?\'9y\0Ș\'jk\ZyƣQXw֫j01-H+qweq\0>`s؃®Yn\'%]Fc˕]Գp@j-$	0*Iː;iptm!m\'31*ƥ6`zRT,%<\'\"#/侗U:cGu<?yOHwsO/GqÍuP\Z^{i.vy\0K2CۍzU)S.jYp Ϡۮ,p. rѧ\"e\Z\nv<e;񿍃V|FӈҠx\ZӦTZ6yeqq_joTH	~EK\n\"\0-;#_z}pgTuC:oCrAJJ!iZ(P\n=9uf$mvGn+P5<JvRmGoDJ\"QD.]wt׮^dK\ZDJWXhԽ!o*2Rղ/fCLoKF<<\Z\"~H~戭cDU[ZI.u%9l5oQ.\'`n\ZOZTChRwy 8`}WxJͶHK3abs5\\ \\CGU֔_Zr2zsXmnv4	J;R*(TK0 N1IOio`41Z#vnW3~j\Z:9(k~ѯ5weKpi$1N}4\\jU.3L՞0\Z],]e%\r$?;:N5.Yt;̒cKkhc^mh:ǓNZ25eA()\\y\0}X[|\ZU\ZNpNl|1YPwU6YZVR5rC!Ĩ,8}O}_)3A83i5Hc2`zT`*F5gLˉz̼\\[vDm\\<\"$HYA¯+\ZD\0O><E/V=G< hFL}9ct#\Zg)-{Y\0#n9Wz4#M&VuG DۊQ}.ޓ/_\'Ry>v#8ʉB\0\0\Z\0[?t*ؗPd#|#s t4tgZV\r\Zwco4\">\'L^Xݟ<39;Ou1t;LeX-:%@?bkMkU<` 5n\'~7m7v?ՒcHԦH涤)[c^¼Kxڂ-y\0]ynr\rA !K񔅥Ch[dWʬ)9BBs]MŏFUf\ZQ֫a[\0Q=D_tEzӏU:_O}q{!aVyJ\0$;CP6\rϰ˥ۧAǥX\Zt sizA)Zi%B%@,(DJ\"QA}BR^$w2|y/Ўni\0ّŴ#\Z\"в|Ř=sz\"HJvV戡oPo=&I_h%>SC~նն ܍[mмmJMdt3?b.66ڈ]Im)\0II:cDA/C%Μ=mn6[\05x.P!iJ?RK\'`i+HA?#*mc]-?TW26$GB|<KuBmaUqaRHI\ZcC{	{z!Hgd\Z*E?~x:/XmM-@(B~AO#5i5g뷦՛H^v;]	1qˌ%$hT֗7\'RzaM ?11ߢzdwdaO(\r®\Zqn@@z«+X`f?U_+2s78.wQX_#s\r_hqa\0({<\r^Y\n6U$A<ۃG`w\"	n_jLoX1Ԅ_udߠMRUl\0)\\*_kuJo2>%l}iL0DVb\0q0~سŬ[M3-,4eVc`;WDՙiդZ#b dd(]өhIdw\0Żu\'o\"÷Htƕ)㴀 ;%7}\0Rxc)Uiłc\Z\ZL(T.;0$\0}0ekg\"b]]`!!}=ry	\'AuF4D\0ۯPͫt@0\\fFC,_bn\n\'%h޹p?u\'ЪXd?\ZA\"K(\"?hdaC^.l\nV\r\0]ׇCS|8A,l\\J*QÛ#MNe!))~t>kۭ-nB\\B==N7Rqω0;io<HD~³FOUv] (~=\"ڽU3acQ\'*Jb9;n}I.Oq-D^]7[eln[9d9l>ڊ\\i DVD%(D]6R֗l9k0ޡ}%aҒu@-w_K[i$^\"GZsDUho-~ƈ^iǴܢ2Huϓ׎\0QYBd2Ctt+FզŤ馫蝲\\vFߓz1]|\nH-mo[냡_ɴ5)l4Ɍ˻*UyXi*+]r\rc: p\'~	#5a#:$\0A |ĐN#)\rXiqɱcZZЀِ\nty_y޹\rf9nQf*ܸ6}A:-~%!}muΖ-j_\'C`{O޳JQ{@-ts8ԧBg@ׯ1YqȂ3 99It2,>I;I}smQy:_/kyUv[rLFNSȔ fJBR\0+\0J\0Vu*Qڀ`JJn{p܌NRf!YDVɻS&R 8l(#$T;\no{XDAhs;(W[[؜D}Jk82l!^S.3ttJT9p}>A޼Aʔ1CQ-p \0vV_,vΟQX^NDi2ݸȆᔦԧی-<\0K^|IЬ*p9AUk䚄h\"\'BHۯ/XɅ5*G4.-(\0\'@-J\rt\0D5\\>~P$Oeu++\Z0mɔZǝqgGWUY賝\r}u iF)[8\0?u*.F\ZmWe%\rz֒P;}o\\gd0o5:;lг(vN]66t7R#Cmhq$T烽dmċ(-\0\0\Z%trԳuJ\08	@ч\\)=Al7!%CYN^@ZI;G\"{xMRp?	oBdۺֱLçt+Xe\\MS{\0):[>%#|WYyYHےi.y~nL``9چ5:L\0<n\\oZ%7on$eҦÅJAPI\Zѯ#s|I.	\"_Է\"қ\\t0;UacMF[Kp;>@P䝂~5긟)ԭ\0giv7bu̅Ki+T|&=b&DFI~Ad<K]6Ouq_o8!F1iYǸ}*\r-qg!Ppʽ	so[]uˣI݆2Ӑۢ07\"4z<](Pu(J\"҈D%(D^zQ>mS/o:\0rD?M_7\\u}@{+h]AҼ{kDX>.!)N؛Kd[z CEjn,\\tJgi f7knMZj5=ݺo>yNl+~Huw^~E\'\Z`7PH#&si1UX\'J\\]D[?@c\0$`\Z_Z޵1s}i7	q\0w=i]뵽	;܃Eg_*Z?\rX[(>W=h1H_,Fg2\\r5mrc!4JcV\0576ѬfGn\ZV)E\n+d!-p\rJly4UǟKgHސ|L{o:o\n	H\0ŅT//qr#qn>6䔕̠\0JZRI6u-f?A]ָ-x&51oEMdr2PɱYIb;͇qJKa<-J՘-\ZD~)LV̧JNR=#L(\ZErm(I-%itRqI+f.m)q6]q\rţ?]]7YNflb$H1m.Is΅Y2\0\0mỊ\0$m:cW|vi/1ZR<\nly\"ͳn9fgft=nUN22S.#QQqaq$)ADQ\'GU[̆}Jt]\Z@4\0lRl.r\ZPq%\nA)$hodI\ZŞ_*`-LrjL,ɂò}N[\'YoR\'ƋNJ&8\ZK%SY[;a4T7\\[ŔV J\\1ԩƣuQFp˻jJ\\iJhJBU@`\0c_5 jQFtRNAǾuk\\C+u iO6A }{P<h\'X s}\nofac`	:Izv_YʅG}W~钁Ozt>NҤУB۾f\0pc z)2AxNRdxeϓGc9}M)eJC$TAOC󿎛pEC dOMI(.E\Z7|\03\0~WNe}Jmj}BT@>	{+]ؽ.}7u#P~p&e\\`h:b;.2R\Z>R޹If\"*97R_m)˸@%+BSyDJ\"QE_C^^:hOJ_jۗCJXv\Z%2[qJ\\e8_Om=TE\nI[do,zQ4sN6JykmF<H\"\nis(]&.VϮAEycW6-#Ϟ??7xnYRy\rhi$DdǦ=WiJM]괻ܲDF2;}B\0 sAN1sR߈XZs׫H`cn)=A:(&J-\rK|-{aD!j~ֵU.)RW@q\nܼj#2<1l܉)_Q-K%-^ڀ:_/|~p;>]sTcRohS#^ʧQ3G{;UB6Rv	~md.@anAuh>z5z~Í-,XS[*mG\\V\'^<j`~gA0cpZ\'	t8 FT>485XqiV\0A\'zַꣅ\n-yfNEs^\0PoW9pzw~L!hVm\ZKߏrW|7;F\0eN!o*r`z.\neRLx絰\nq8->]~.4|6ɍIn],lK\rMs\r@J)	{?Ϊ=jͩL8~Mj恠OU}nL6Ky0	rpFlIX\'ƫ{J.p}ָ,nq\\ClDj,7!#`$oU\0ti3\"\n;c}H{}0b1y-\0|ofZ$k\0ƁjqigZu6	֤JU#ڥJ.f8sTF;ec6fo_̯O7N}^RO+l$UJ\'@(SA{u+CiʷJ\'҇Fӥ\n~uUYss\ZT\"]M1 㨈V>x)S\"g*{p\ZVèi)>>7v<гn;5wVUHk0r$y\\<\ZXJҠVhIMi빖܃%c\ZP/,گ\'|h{)6\0KPvsFr4@:\0x\0j2Ѫo	y2o;n!]\n0ٓ߷nJ)u+_\ZPq(\n:=+]~7ELخ8tHxomފJUEЊ\"QD/i?_SFz5/D)XOVp7Z@J\0á-Gsڡ\0!jqKx$]\ră|QbA<SX_Kl9*RHFB+\"!Hq+T }\\imq\"PA/\rGCWV\"9\ZNQI{.7r~q@C\ZuU~\'j.+swďN0}6)A\0!jQzmYiVմQ\0<y}jcd䮞ҋtQͻ\Z*5xnDm8Jh)k*o@tnvVRFvА=Bqp)=f5z{q>r{Ly*R:eҿ-ǹ$%ur H3Lr}\"k\ne3!IL^n|+f&)YRJd0R:|_qmS\Z~V:mRM.8wCߠPi/$7$\"~ CMDWBBCK+{X栢@<\r[ٶ\0Lc\'Q3Rժk	f\"u_-+m+p%T\';QHY}zSap@$OOVP!Lu[*g\0FoLbT}T~)n8\rHAE4h-4VֵŠ\'Dr>O4|Uq)kQ>꾧A-s\0I2>)l[2ʳ&\0jB{\'KHs6\0\\ꢷ1\0oY97g~gcTi/8;;\0?q\ZŮiV#|~r+sqi&b)G5+s|@zOon#J[:ItVa:o\Z`}@eZ4ISӚA> AnfC@&3*+Cb>^rGX}!cʃ\"&a~	ޤ\\pn&i:&[hײ55\0ͿPIǭ,W,nlhKJʻ):\0R7Ƈj3^d, I=)LJKcОT0Ǥڣ)yLLu=*Z	4TJt\Z5_%+F\'2t\\8R6vov4s۠]RT~Mz3ae|)Y뵺emqcl)l%0J\\i\nV$A∼;D=P}=]SKtuTV\\)JZƔJڔ]pu\ZD%J~=Ae1\Zj\\fv;A\0%iK4HC6Ń5m/7l\r=+_m.4	Zv@(oD∹ʳ`h6҉,,S`VXv12Rl\\.ۋ[vHӸ2ARu?{\nyfRF_?+Gp{I#ԙ]5?>;L[TK}lJ$\'CA_v=;M߀lT6S<[Mտs:;%F-[gHJCMs_d5H\0|1%\rf/E,xƛ@#9=9Eg\ZNIqb-=28)^Ѣv7WeCgp\0#\'V@\nԩJt:$Z?VȔ\'O3]Rd)Do\'I?jNU>D~j謹4\r2EuچJA @\'ö|e48dΝ0u\ZkDb$n^nIWX_\0kl5QS*:ךy@瑢ki>;z\0JǒӲ|CX:hh_ce\0a ޾@_;#\\P?IY(P>uyBGQPo\05@!\n\0uQeq+||!#j(H\0z\"v^\0dG.P}=Ys}Eݱ\\&RTX	[3@y[R{\04<7fLfb.eL9&30{kq[YN@qa$lZD/WoT.{WO^q9.:mKI\ZKy.8)MB,Xl\"E\nODVФqTE~p2}\nw?HY+\'e4+m\nM!9E|R%\\7m\ZXW>RUMNVE(FOQ\0lDT	\0o\0\"rԐSCV?ވYEmvȬT;u$̖\r1$n8JJ\0\0I(o3?wϦ2SjYJ\nu(R	H$$(g3\\}.wF5eLw#NY4k*P-(Nv;HQ!:Zty\0Ee_?8tA?7hpBHs\0Ke\0ܐ\0V9Y-L^t{qs$<N|?Zr\"3Uޤ\"Wܹ/qI\"\\o}iMq#)KHlE[*Q$QM(DJ\"Q/)QިR\\\Z%{ԅPTۈ\nZN/GC:bGNcl!e%ܖ)1.vC	_Ihw	戸\"Cmh; bK!*)VEQߟs	WR.Ci\Z+\0\06o\\WM\\&$#Q>L/Le\n\0Eɳ,/	\r.\Z+<nRjJFϒ>H(s7\0!yf5/hw<Zc]<;C7\0z|iZs+F8v+\";@QoII|i҉5y؇Cm}4o\nv\Zu:$Ef\06k7d|}rk֮\\H֟׼$Ld<(\nRS0M{QJ	!)\0].w˜*p>r<^TZR֥J$I+j\"QD%(DJ\"QE\'#1NYm+y!6Mi@/)i<$4d#N)Ol\'D^ïM ∩jWQg%ZEb.kl\0ɢ,c^t<˭8	˼*R[K))+)BHC5hu%.ZċJH\nvnh*\n\0I9wa6gσl3q^u\"Z\"\"<QޒRʹ Q+~4ٌC`/\n9qێ״rND\"soWծVa*wp̗=ϮTqu˗?zO_$7/PiRw^P8G[e	⁳H\"QD%(DJ\"QD%(DJ\"Q7kcJ\\dGmAMۉ!HZT/Pr}-:m\Z#32+vIzc%	TU][$/J%Qou>at}hܤ]D^ִ.I\';~\'^o7{Vyjc?÷lX!(JO-<*<Wi:H\"Sޣ3Ⱥʋp얡<}+kK)iAJOi(\r!!>)*\"QD%(DJ\"QD%(DJ\"QD%(DJ\"QD%(DJ\"QD%(DJ\"QD%(DJ\"QD%(DJ\"QD%(DJ\"QD%(DJ\"QD%(DJ\"QD%(DJ\"QD%(DJ\"QD%(DJ\"QD%'),
(2005,150054,'anh 1','\0JFIF\0\0\0\0\0\0\0\0\0C\0	\n\n			\n\n		\r\r\n\0C	\0\0\0\0\0\0\0\0\0\0\0\0\0\0\0\0\0	\0@\0\0\0\0!\"1A2Q	Ba#q$&3RSbr%CF\0\0\0\0\0\0\0\0\0\0\0\0\0>\0\0\0\0!1AQa\"q2#BRbr34\0\0\0?\0WEtQGEtQGEtQGEtQGEtQGEmhݬvA^(wb6&ӮUĐ\r[\'my[9ߧ{/Cd2tl\Z;Z3uHƆI-M)<Z1zy$]=nL\Z[tCGEtQGEtQGEtQGEtQGEtQGEtQGEtQGEtQGEtQGEtQGEtQGEtQGEOv9pUfUi8N%s\ZV,XL t*D4㟡$	i[;.;Eo+j\Z>\n#Z8]eld@#KG#0)Hi $Ȝnsa)*W&wDX:V=K:5*ѱsfgH)# F[m~G_/]ꐔ	ˡ\0	IH@߸՝\r\nj0Don&]wudJs|S-rѴn\0,Ţ`&-A붽<	YԌYYs{u8\rukz%hښk.	\n&YV(đ}D1^8;	?ҶD&2t#UF3\0l+1= H\0LL`b	\'s\\ҏx+ӯni&2I<\"`fl,eUxZfeqcy\nl)u;g;\n:(:(:(:(:(:(:(:(:(:(:(ݰfѺOݒū4Pby	B U%Yxv\\ĵtL8c>J*É LN1uPk}gdg^:|Y썩\r%sed:^(c/\'=u-yG@ɭCC(F;zڟ7eIcylӆWmeQijvPI;1UuD{7x\"\0\07A\0	J$Hʕ8j5˦jG%f->\nhX;9xAln\r*7τ:k\'5\"R,\0k:\0N0~A\rw&ha*ީ܃Ą\rqytF.88&@vf)V.+`wʱNӚN}:ZUJ7y@(1P VR|l_6]\rp) OYts4׻[hW\'\Zg}xVo}wv=MudQYwq#	a<2RTVH?܌fv3H]2i2OȉYHO_ۮ[=X1ARp2/Z09b7$~½vichg8#Bqw5M #?ʬ3%[fqhd(O%[u-BM^db2: \0=}ZiXQEQEQEQEQEQEQEQEQEQE=;Ck5\\O9,A®Y9YobOOuP8?R2q+^{GA>Cާbv{D]4f;/o9C#Zl~l4K,y$6~+KVcixhurBSU0	#\Zlv޾jsJejStYRG]Zn[\n@JcĘ48H%GQح!x0`0v:֡or=zצ1Cjx!\0YEi#\'~m\"!nۑZ7DLuj٫6s/drI_!B%K2ĻQdyjZ-%Ĭʭ2FԢTJ1*9^SYg2)\r[rqb\0B\n]\"%	NθBiؙvt.9\\nj&mduI6H9homh Lcz|F~YX0ڪ*SRQ:4~UNu\'!HO4:yԅ)q	\'>X<fbXz3ETy$f)\0@,C)o#R\nLD9R@\0\n d\rktӗp3U*TqY6N&5<&؞<̌n#\nQ!m=qu	 ƻ?␄\'g5l\Zkgh}%GJV(aŖsۋSB\n}c6Ss̷v9#;>Z_3n3ȖIHY}0}7[K֮ٓұ^	%@e	$I<\"X`&gOhXW]#pgǥF|8 !i$ϯޑٯsUqzKS*	zYDӑ3{a~\n\0gD%J}&ŏo-UlbdD۾ܡz&d~iEGw}HXGJ_un~\"3ޜE턐*\0^j[w}[& :F1U<AjbbvW|.MMOSІ_n*H\'Y=3IbO5Ha\n`JLj &	v\0b\'>~TӖuaq!V7d<#G$\"YbySdf@\"Oumc-)5YRtQGEtQGEtQGEtQGEtQGEtQGEwu>=mLRE#M+#@!D~\rw\rOR~Rw	R6˯VPTz\0z;W:wK};vw!CV[hcdD[79fdw<XnQD*N,%J$69SY:8M45dWSϵY5|=\\BGy:Ya7ҬJa2$Ir:n9TyI14͍*w\';i9-=SΤb1Lu$NRء_[fr\0t/S7%$e?ԞRW@A0\0\ZT~OBv2SmKzVT8Y$}q`ղ^Ǥڅ=qJBAҧ쵪=,0E.Ìd$Vqe:93i^--<\"3E\'+kO	*%W8lw-(rnd3yc^}J|Aڧ2Nڨ\\؁ej\0H$xv\'m9LibwC|\0x*B37\nϩԋjZ[Y3[zriGnEF_}8\ZR@>D[6N`	1ך&H}\ZJ8H8U>Xo/#oപ	*$A#x#]Nw,r+)L=tֱ4NZMVj9L=ږRwfIԶm.ݶ^ja%\"L9Ε-+\n)XPPӏEcs\r!ZK!j*+䱊ǚ[ʍݹrߛH1\0\Z\n؟ZK{\r~	<5ƵKj+^ȦOYf\\E&9N2Mr4uF~u>cxJW\n6 S+mJ`D=QZ_d(آTښ>\0T7\0~!`pZ\n#=$DjjǑO$&OM>Q=qJ	>Z\Z tꑻ:ԫvn \Z8 1$j<B`IX1&sVLNq!.d<n;:r{&RIʤzh5d\rîiM6U0_R}\\T+VXάч掬èVF@U&Ws>/%$>_[4ʓS;VfhY3؉9<^6ȏK -\0YmN\Z}4{wu6AX9137p ǿ)۬uFkY:(:(:(:(:(iݞfCdu6aZJ!=G^eJu \0\r+$	\'j~\0KM;OHb5{~NnJn#?G3VfuNO\ZtmO4\"{	bV>νr?):[*^vk]/qCR3~N沰)33ِ#wv=|_q\"|7</f$gR{hpE#!WFVCNlY\rY\"*Ko%OthJ\n \'<KFjќ&3Xh,>~3=q9xAJ7FHNAɋ$>^	~B4Uj*ZV{zӿZa ߓex7a-<nU\0Q]p<`$TH\'\0`3xst;;O׶*0KL9ͻd/&0}܎qՐ`Ƃs\0ʬP}Ekm?q5-a<e\'Ebz(F\0)!v;_϶n!H\'\\h-8+3WQn+-3ǰ#8\0oWqn9HtHrFOڧ3vjrl,.HҌ/yߘD2I|VZ\nԵ}w<\\غUg3)F%MđM̈lDc÷n[LL\rU=vPj^-Z0CKInmU^[\0nB9\0)q2v<xmR\Z\rOsW\r7s7W15j8ȴXΑl#<vG\'u]} 	R!;yɅtD{:Z-R{j}\"\\\roE,qi,ݸ;Hbf홙ΤfmenAV\\jU\07b2mF	IR_Ka!1<\nr|zVJIi$@Bz\r]c?[=U2>s\0R8HRώqwI04ϤdW-h.yJLm^WI3=s CN6H\nnI`~ߞ݄?tBtșsֶA>]Bjr+hě<d\r.ᗈvuEv\nH|@8BT@.\n#yPL<IWWghmWXT{đ!TM?6\'bݥˊ\0@\"M.\'opm%\nĂNN*Ň8ˏ-l62jxQT\r̊ǙσII.9#ZaNc1\\>՝yMK0\ZB˨[Q	lNY+TR#Ӗ2FUww\0|6BT		\'q\'\rdR!`c4ַll>~W\rk\\E3\n0S@Ð	[qK[Ci ʨ^ee{҇SimOv4ֱәL^V!dNqH/$uaGV\0	\ZR}3h:(:(;Br{_I4c\'iy,&es;!X\0VD8[1Zp\0pS=7:WFq3iގ\rVXV$oЌ^\0;˔KnķʸJTF@s0\0d]dx?\nf.@\0I$DtԙoZ<K\"E#</H}\0ʐ|lRaHZhB\0\01)aroO%=hĲ#r7?*̓\r)&\0sQ!=kZ\\CD))x[S	\0#oovHd܆di?\\׋QJf3cO;՝^Gz,#?\r1USv>vqB +P	1U:F0sv\0q\Zw5/[!-V^%l~oŘ0#m}ØROh*\\%.%0o?XNꛚμԪ}8\'5Fe#l<Ǟ^S	f\nFv9VpNfiCw)1Y[M:	\\GDw5yV@ȓ;=J̣\'Vr٪\\P\"E$C\nH\0x iDGZ·L:q1mk]oc#jmNzqWÒ[g\r_+\01ZG3[ZܗWa\r\ZF	hQD9-ckW )VOmHJ[/ja/M3M$׌-=WH7$?<K`n_F&3S414**z/[#o#gukHX0-<:p҈HV01.&vv,ej$ybzEZ~m\0msÖgQ̘{̑Q$\0KsުfsRIkcU}c(l},cɲ{\0x#˷R,4%%`wdivWTfcUC1sKcuO)jE3usxa+lT@b[T:R\0RFr䒖?NNU}q\'z&ըzbr	{v\0>6=S\\-Q|\n#|	`WMͪ^2\')flf8q#Of`63\r\0/xfRO1?s^w~d3),^E2!ur$uJ)hU=ڣ$F8$o\'`kR䓯) FW7ob|&lQ\"^_py>T GL$V\nS>$cȝtF,8-n\0rbOM攘+7lUFt@J-` }@c<m?L|;%&7$׏!qvl3JW(J&8ővWmY@$^;s\0nu2\0$ԑ3ڣ{u\0?j{u>E%ݭ5\0mERìVgRѹ08tti#>6buEgx\na3W-~~ҾYfh-^aqTI<fU6ؕY,,J8X_\"xzZժWȣ4Z(袎+n~v,W<1:#;Y-rZms1s1)cۓѴhfIZ.>qp+`JI+\nGz-\\IPb#]iQd29x:ɷ?v>>w7))*TO4d3402E}\"զWp41\\V4LWvh}pz\Z\\w̾W%X+>-|{f1W-rDU9i#bf)q6V6)N?Z֫v<5JK]K4++:\rWsMr-Q:*CQcbbzIj5nZb6-+[	`G6N$4܍7TPLi:ӗSG\"WX3vyrUԑ.\n69]W49@1#\'jGJRdgbWMW4ȅeTc\n+om|uK\\$\0f2uY_9F:ޱr:#[A`ͼJF[=A.ф	\'u㲱].\0j甠($Df>v^N @u=w\0yɾլ4_ߙ(NGOw:63qnBF;/Mu%3q$;?:ȾrP>	\'voTW#LNv׵.JCf g+VkԺuKbX3n_`w#u֨v=GJND`Ma{15bkBlW<ٙ%\0|F:\0\ZGzGݽvğᬌ_)!RiWeW\0v7jC+#N&=*nt@=|QyS\\0ֻiN\\#y`S;\0od.KiCPjJ cHj>y\\5HYLS\\^@my)Zjմ+2$Q\\4diGhc\\V2@O.)۟6X%m<fi1_ֺ4zb`2\Z\nks9P$J# G97tX%04ZT\0$MLPܖv&Øț`*7ֹW!У;<ƹ@PAH9a#\ZOX\'FS\rbĆBA\Zz	܁G&w=yn6Χ̙zε坪KZHLt߽Av3FI$cY+1bҡ\n̎x,;|l*8\'L}f\rJ]$S\rݍ;.6fdM8+\r`mc?:}KV`4҆JQPI)`v?)c3 }3r(L6Q<k|$dDbDs3P؟P@<9B)[Tڱy[>2kH\0|mV9	3%A#ʞcO+C\ZKZxkB$\nB\'GRO#R\0RDDp):#α>~7Ն͚֙]/&!hBxPWX)*\0Xl_pjSJ\0*JDI޲|c=|R؝Lc]+J>M:ֵv3]j;v\nzM0x\"PeVGcJRH) j)!kMz:(S>,\'Ns)nx{(wFYB\0BJ\0>n^]\\#91}0\0Ff>kAU,0ՐD4zaي\rm%h*rAFX\"ys=)s>|~w>FiKa.P|#V{rD#E>	oR\0\'JmM^Qr)KrM>P9e߫˗onUjBJ@wtθܐw毦q_	JweI%8>:jܻp7	JNlumJ`v;DXָTWr|UEAic~Gx̄\0op-&)\"S\'V;Ҹf㑵>޴nf6RR(*c.V#{|vꍥ7~Jei:\0I:^8:|$I$??15Lxu,y!{SA,\"H \':L)HpJHH\ZbVHIU}1$y9V6\"iOt*.rPj\0?e(h\\$1Z7\Z\n𧛘1:|ǆ)\\[c|o˔#RH\\YDvR9ǄMbU\Z{V.UhK+,hv\0L:n*Jɑ0\np\'I;zD!mM(ZJ:5H6>휍&bIz[vRG3S;TS3Ҩڛ	Vʋ7zVdHI\0yA^QO\'(H3#;nJ:\'k;Ks\n e\0z$@\0A}\0>7+m ,;P\"yOUvUfV%$\"5p\"\r#ݾo3Vw.$;o:oJUڤ0ݧ׺]9ոa4$ȓj\ZN[rd2[??dv߇B\\t5:jBF}4΢_=kHڇ#JK0ΌAxg\0;6:gX	K$j#8ְLwvޥe= ]?q\n$Rѹ1\0Jx 7gIR/.`\n@$d`ďR09IӾcSdA1$fYy	!0{l	mmm	IW*1C0`V7m:T׬}ʓO^trDT7>x)=[\\\nfS#픋BĚ`\rU{=~l-ۄ^4+5i`#(rGt*` ºF\\jHu\'\'1;1L6јlFԗƢ/7*7iw\0D~)PTS 4&lU1 vnqX:ÒepױmPW\rG#N-{%(im\n|9N3=m.\"ڕ<0 N5b)1ӳuհl^՗dWeqrm\0~<m!iM̸$:[Xy;Q+!=Z$V!.l9v]~xe\nPAM\0ϥ[ڠ9ʣjޘkNG^9释9\"$	!n-Ҝ-d{T)ARz.TV\\j\0PZ]c	t&m;q7&n=Wyg 枷\rA蘃Q3Hފ+|7^Wg?WKJe\Z;>E+!`6X[B=3\0ۧix<=Y<κ\ZW<w.{LҌOM=AfZhg6 ˯>319?Q!J\ZH1\'57%$OҔڎij)^*E`Q2aN\0=U2	LƂg@7jKl`k)L5u\\MRi@@q3:\nʏqm[.3\'p\':o=i0Zf0E\\e2m*,շ)fR2q> \0<omY	]@YjsPIGB$[\r#zѸIfQ\0sveEm+u`\0b*u1\0F-AJS}tGO#\n\"$FQ1D Mm8-pO\rbt#ݵlI/1x\'FoX{+f=KdbO\\m$x< 76s0zTrA=㧗+?V.ȮK)*I+RV7j`ܹ<~7v}P@O\0<6,I$QTe!-_=Z-i8(b2pSp)+,5]{2F$H0\'w޽q	nɈ?i36c=w[h̷n4UXneZZ`Վ#r<QT)$nIf\r0Т9ﾀG:.\\u8mKLRыWB~d-\0hArmv\07=5׋a	Jr`f6\0wSinNy%G2|&ȽK,!\nmlw/\0.-V3\"qaNd\Z5r24.q׽a4DBS̬9)Ênݕ@9\Z-XN]?UݱV|35zjm ǋ7n\0Mx&s3=jSlx\':؈,qL8jY 4ıӈ5jy\n)\nQ0dɥx%89 	<Ϧ3l?1bkYG:,1ˑn86f>IyzIKR3>b]q=@^QU+	V\"zkbcQne܁a?\'ρ[Y[\0Q®sR\0dC5RV=s5d!ÐiސF\0q\n|+ȼAN\rY^!i[o)*RAnH@š!eQ$3PZPib$\0&\ZU<b?zn5nk6\"|ϥNNX18Du=R<6n\\^[u\\S:%w|1\0#r/Z\\FEAHձ<yuaH}=Ilekfk)+iXT(\rNį֍ƸRs)pyr	y:::K,d;u*ѰS<honB8ۃJ>$:ӷ:ܴ۬2H7\Z}>Zҭ6~E$,		QyJt)\nvs\Z-b@PL|{qjlf||6|l8{ 8jo֖e^,FvjZB_#$(\0̃TI\0P\"2?y*Rhv#Q#sȾυ\0mj58M@^@λyޟWK-سS#j*jqHeGVF/\Z|@		#:?*2ҢrFEotbiխh(r/T$Q$;_nd:m_06nf};JQEubP\\^#n[Q@[1BR\0S3s$ka[\0;r\n!>4<&?*c\0an6iрv]wz\'$\0ٖԲ_N#\0snޛy}ߓ㯛a(┲v#Yֹ\'\09ǔK[Q+XlAjc76veʨPy2K[ 1P2TR9d	>pډ93G_*^[<mz[!+%bHo\'9SFkTj,ՊܦK!܈ܭvڕ\r\0)\r:ņ`;\\%I9iyj}grbhc<6Y^`ʅcPrx?]pѵ.A3z\\3Q޼i-;V\0׸;15K-[jva|2\0#y-^o:Ny?\\=`X	=<G_cJ%N3pbxX,1z{n\0 n\0@diWV)K43ofǾZj-O[&ׅ=U \0ڎfYTF\0S|rU<V*rZu\ZI2~YGbPdx>Π0/P$w98Cq9T\'	>F>Xz7>3_f0䣩r+Mԑ]\'@ӎ%dyuWw,`ڲڕ<:,+gZ2`\"#򻞬w+(WJ_:N<3-8Oޖw]kZB,~Gvǟ(rU[7s[߽?r\ZBTm1ȇb,vUG!G\0	𜁃\ZoĔX4S.W.!dlOjGjYeYK-WM~d@;x<zq$6 $9ZއL@	\'o_NiߪXߦY\0ٚ(WrDo#Е9|\\I b	D j6&M5cʗ0\'\'ccD<NkZ6+Dr2v4u\'%%.`d~n!\0:*I0\Z/۞k[/T$M+NDśx󵵲K	L|_p5;N8hv67PjID\\xÊ<n7}h\\B1{Ҹ}%NXOX洖^mvbzhdϦvau[Ǔpm9y\'\'mΑڣBRSVJ\\ZOVX+\0HG9nM$1\ZɊY~ڧ;o_JEwi@`,Cs~i0\0@\0Ĕx\n}ԥ::z#b9*RiGְm3y\"jF䑳N[8{nI2FS6O):e&cSNԷtƫ5hYTd&pd.v*<0\0=Auj߻Eſ]s۷]qO8xAMa{cARԷkG^heB$M2%d&v:Fz	ڳwqt92Fu8~uk5GWjXᖹ8J0Pw]T67EsfRꔙ3\0uj[O\\gi\ri%:S̓d0՗py6>w>$~%\0?s)v=iY*hԲ)\r̺ъ0Mk|}@4w_1D>(n?5C[k;s+e恆QڑDxB< A;4|CȽR$xm2R?z?\0)d\0^s[=SkLkaef\'Wp<xց)}@*0G5kvY`=5fɤ3A\Z3z\nʬ~w y1\0iЕ 67$k@$H\Z@ZqK_+4և#\"ɒݱk˹K(_\0N@jؗHw nj̧R5G_3Px#jωŚY	 v,<FX%Khωxq E@#Ybc@(ӣJʻ\"yȐ7]D$c\Z^O45v@=Qpr7xk&4FI`>:WڋPͪ19I*ߥ\Z\r=OLvbnc=sOh-\"KrXI۬(u\Z\0]\0ptV*JŪW4,yK0EyqҳnL$ÑRP+=$fsxJ%\"[j\\#~J#Nf ݼbW2:nD8۾Q[[#ڭ/\r\\WcrP uiȦaxY}N,(m+A+k({Ե\Z<UYjxrf+-{ܷY#n\0$)R]e\\X#Q`:irgÿ\047}+ֹZW%g\0_IN@W%r^t\Z붠Gj}L@F3*v=vzҘ\Z63z{Hҷ@x;.F#3Ǹ^!-L㠓\r<@g5V,>3F,щRV_RJT6@lG74xJH1f{T]|1i;,1?of9ߣ>RUQ_!#m ܗ,V[(hAI93@	jB srtvәLo̻j\'ېs)(ّGi,(\0\r$ĕsh:	15qO Be!#$}Oo:3\r&#Nj;SʑWiЊSx9y$lZC!$c@+\Z@\n$r#?z]#y&c^/f4	db}r<vnq\"IgO,}k2ls;1>U-4qy`Af9})&ޡSp.,nVI)2&4*x\0nk߽֞9fc($x`_#m؟	\0=y۸l-]cy:$t+e[ե<_y\rb8(\n \'rO\r}ȩ@BK:\\E3!T\0wZ%Rc*9lf𻓒U3ºDI\"ҐW+D\'cɮ{uɶ oty0p>ݞյW?jYi xP4qZS;䎹!Ng	d~Tc5Z*Ie$#pl/6ԌJf;CAɇ n\\@SnЉʯ\rbG|:jfWZCC[9W\nFU}XV@+7>*mȯyiT`niLofs檐.y2f_S8h+ThN>g+\"G<[uAظ$\066a&Ê)P8ؒΔEE5sS؃~t.Xw(+mA$-ImR+))pDVRNgjiw_ZF-jM	2(c=0k/DkZ([*?I遏(a_I!iI=	Ik]l-[1{q֧.bؘvLL<yJ2gGYilsloVPp~C>SW[0N1\'BDbL7P./OwgfݜLa_av;Mp@#DqUpH335uOBMOlרJ( Mv\0ֳUI0r<q<jMJ2NtmWu-zguVj3%G$f#6:p*8iU%(ST[}/SX4t\"%C2\r{-huTcR˖em֮-	O#z?\'u\0ԝcӕqAvA%bmsOÁ;x+u-s\r|0I#\'!RUjG!Aisxnܖ#jLrٕJ!?$N۵\0r}d	h2Oje\'j|6߸gnZJc\0#<~&OA\01^>۶*A:bw_$XSSZ,Er|pw$3֪Rq<ѤjO*{$Š@I9zncO2횘-rDe}ۭ[)	HR|Bvt\05G\nxU9ȬE$IaxX!UlNԬۦZAF\']>]O|(+=\"=oiauTk&\r#Sb|y4SLkWd=iפ1ctm|bXgj,KJϯ#vWEv@Cyoǜ㋸6P$AtJkU׵8*X[V[~Dq3\0@\nρ禜YIpʁt@A*/XjhC<uK3Åꪟ/RFۨ$o3b<UM{:u?C1YZLzw4N]x]w1fS־)R0\0;A@<97k_JƳ{3ݾbk5J@BxwH:GȀ	RI${Д!ĥJFWi|JTP߶kܣO̮InS`px><w)Z\"3$iHTq1;\\s0j%1vuBl4RrvEx52\0@?ne	[K\0@֢RѮJDhO/rE}7ָl2GeP<F,#Ϗx?\0#SJECNA=7qS_~h[@bm\ZfXC%S\"nulğG=J[\'#I9^J7):{EsNdRG$9i$LG>1ȣe{OP4qquާR91#8Oetn2	Xled#%\"2(xf!v#p#\0G~S5/Zi̙IL\0rbFT6Ƶ`FY~zRQVhy\r)#v\"GA;x?8SU\0 Q## Xmm8Sʩ<Mк76_/-4)Y\0\0q\0xmρ֙<<<:߆qjd}<-;Uu0s[>NgTPs\r1[Q|ˏq^64OSOGH30Msf[;3|/4jR9~-U¬~U9yJ+V3zp\".G;>|yc/\n~j\'Su?z;l}g3SsO]X[XFܟv \r<)_mNBiRO>jٷVgY<\0wA\\v:(RB&\r3ԑVpl۩dڣ%5%pAvRm+&չqb4}i\r7(dlt.^U#0ؗaȓw=}c3D>g\'k<A\ZsT܀[RMX<&:(İQ5kU\r&@G砎a\n@<R`Vg5iV$IIkD]NEOH;_fFzcf6mGBd}fr)h:N[PJĶkAmVhI*KA$T7]nZЮ^]γҭm}RP~R=Odoepq-jWoP+y}ߤ]7!/d8V/6GګzoRA]#U0D;KfwR> x۪ǽ)$A\';Ff/\"}\'V+nA#3ѵNhaA7#n%<I8\'ΟK:drEGCl\'QZnϲunۍ\08	uYSq$n1Ҷ7$&HVn~ͪl2\n2x@ɎF\r<{<Im\0`/Y#*\\G0S	<N\0nQP9j(̮2װLwV2?#Jq\0C\n9TL#֥m*SΓLi֟M|PbR<G+$HI;Nğ$@!\n:N Tn6G4h5$PZƐƤQn)V\Z6TPƌFOqvaMVrrD34kMPT\\In/!#-j*h\nTӓf%/oPa<uI*(Q#\\@\ZFs\nk\\;5jz.	\\\"n^A\ro6?=Iq\\(iNUIGoXM+9bfzH\0<܍|czۻJFypt\"d= ԍ).#M\\eX葲*sGQxUsc`|H^\"5:F\'Δ)Hp\0yT-\")ҭU\'CZ\Z\Zyzd<\0.vQrMԡ\"HsL;.;qN-./H z*o;|q;۪7id\nv<\"F\0kxCk1\03R~ie:_lE<+cÉǛ/fԛ \\g\0)Q	=68m-ۓ\ZF$>;/\r!ٜTp(mmd_?qy?$,ƚ.VMԄVX~I	{!hF3($2$gJ\';R]Z۪vY*V{xg!bGEGV$ĸ]w$$d0Ƹ0\0?~/\n}ŷU`jEk+\nPO*G+*#\'^=`<{	$T\\{`O;nu۟_~~[+Wk&^Ue^w#7>J\ZE8d8@))/Dy\0<ʞRdF0sS]Ok}\rִWʊeY\'\'h%1;%Dx+WFH\0Uj}2f`S9j$ؒ՟$? N0>ge.{X3~=j7 \'\\G#Nޯ1\0;͖$2@M[쳋H[΄Rt1TL}{(1*2Z;!]K\\WeٸR(8\Zjwj߲M]R@?5g)b\'d3w&(AIC#oq؍nSs*Ax&\0ڜ\0-srnI=Ʀjs5娟)+&IUb<eZJ*V\06!,@τkXXu6w,~<ŽrOTK.8≘̞4*-+.M#hcb\\s3DPGҹ*2S0X2WeV&\0Ȋa\0Au)/ZuC!ԭ\'\0cұ>X(5FH}rD^@㺕qi?ǻ;-jyVp?>rT2]B\\oxyE;QZbb7_!X\'Ʈ(b9JNǱŃ*鍔\'N5Fݸζݫ9%WʉSpĦ n<\\5lԝdi$\"7wF\n?\ZTQ떯v̯Hhdm\0sl]M|$=ɻ:(Dy?	sicgI5,qwT??;n+x.hQ0T:;h3n\Ziߨ/qpUΠS3qa\\m`$Go5ۘV>If#cvŲS<˂F\0#9Kn[JqM:[\'v;iY\"=Y=9+H]$cqՕx@\"dFN:m\\:IM+fW&g9-LÎf1$saL@0M\0)̍hzM}XJwGxpRK%I\"F\0p;.\nt(s<H\ZHLmH|QF\"=Cn[\\4]\nͻo=s%WNDJu<L5t~\Z6CdHHA\ZB$4+7=cXjܮ֨\0:Lk=6AgZdS-\ZԑkRE+XR)\nn |HZK_Zcp@HpAieIGzߦ{u{K.*\"Bcb6-*ԄYQ1#_7m\'sW2Fn=C?)hi|^U&/ l#G_۶7`7<{jdy7z{ǼS:C8*3CxlTsHbT\Z.\"\0x90(=՛vM@k:ne\\Zg#N֟蒆Uv̧lJ+(޼)Z5̿?.ELl5lZAe}ƤkR a)92gpܼ>vIzt8qjˁIjL ΃|3:֪tQGEtQ[Co{㻦ޅ^FE6x?d\"9D:*Q1^5rT_٣hdaVP >ﮊȡ#W!<NQMH/FطnQNw\0A6bE`P\ZArKT|yoRLHZ[q!fD9̘g\r^[9DË%ڹ&^23]Æm\'~מ8fT&\0>L:imivIRdd\0:oO^ҏm^Fd(\rk,+l笿ז8l\01sjӉap8$y<6as2֎H]KV;z;9ot#Og?[yxXJmd\0u~i3۽oeUQO܄\r\"O(֦a~FGuԬZV`[VׁGὨn\"\\\n_DIq*dSN8NzTiB)GA>,J#z;Gم:5jMrHp~w߯V[\n!&	FA?,*4^d#GjV\rO.յ\'e?\r\0ix<|oQV+ξ~H\0R6vQ۰DT|W\"Co?-.Mu?p*7#ؽh޽Zq\\6[B?+֏\0@+zl!z\0QJroH:&bfN;F`[D6;Xo$?-^%mbFIycEN@OU_-TԹڊ[,-β@?g䞥eZ(I܏M}	Ľ$n#O.{G5rVb?JZ	I$X.x|m\",6ovyUr#NY88}Un{͠_;et]eLIX%r~N\\xf\0uͧ}HE\0v1\Z]\\\\S>ãljl$l_k5$Q2PY?*|o0ᗭ_Be2`RLhq8\Z)Q\\;TgrmW~حrа\n2Sfnzkƛi9,γ˞@GOX41[!\n;uo=lt`kJB-9-?@^&Lii%zYLZ^~\\BX7\0UuׯuRSmLr}~հ=R뜰6\Z¥;\\366vُY;u2B[n[ \Zwn\nNc\0חr!rkŒu@6n#op,fC|JnOD8j2YHN\Zli+ۭ}_IjWK,Eam@bH_*RBѸ?_ZƊP\r#M<~OFiNM?E#\ZḻK^\rFۏ{eB?*=߭ys_KLؽJ,P/yaz7pof@* t517ZeXpĥPpa^9G):U%QEQEQES7St38%xqۣ\n\':ፋy?snM[qmZ=eii̍>K,F2qo\nJ.+\'z]9W}ݺR5ܖGr<m\nPcbeXՙAH}^JvR_lJ$\Zf*JpfθkSڵ$2,~f%ѓvf#ǟ~_YrS`FzF*moeou&Ps||L*ҝYn\0;usN(#jnRF6$vzG|5An6! `@Ojumc;9֚\r3%^\n,c^;lvSN( 1IW)i15íڙMGcšt6 o108OQa\nV`h\'lG+RVԞyewITfŝ1@O˸?v;0vLۡEŤr7ؓyK:7\0|u6\\6[83Vʜ,8!K#IV(}饨uJ\\k:k0Dr}jÐOOxgŰecr/}덂vzaN8ܘBSʖCht\039fXlBĤ|\rt}T,(@m1)?PI_ԓ4Te~Qx[1J\'?\0X\0MNbs/g%,j5S\0ݹ\Zh\"~Bn:\\v\0?qP+J\0	OmC#n($VYVc8ep<\\ga(u#L\0\"R--a3Q\0꘬S.d\rjiy\0t`&\"s;ڪք$Ϭm>s~߰v#\ZV|&d0ne,^He!Uf$>r7@6؞۔:?jss +AC\'3<ukA*HӰy2o%P\nTHCQx<v`;H\'ܝxr9 GFz_zcRvPA-ŗC,ˑI\'3%Ħ	e|N@\r?~=4\\v:jm-imOAaYōzEO6oVrlb@d\rd}n)xkpSN*AZo\0ˍKǂ[<u#P@yHB\rXg`xJ+ץ`6à@9OcWM$+~{\0>gzj.?B\riQGw#&nR;4P\'^[Yսv)h@9iԓK(袎(袎(袎(袎(袎*>&k	\nM%J)J2Lm$d(HlUH(?W|q܎auLPܡqr\"$Fm\ZDyl+kg{KUjԲi\\[fUZ8ĂVzяW.ܧ(bpQ=F^zԒf&3Di>WHGb4V}	7!pG;>>w?uKa[(L銼c~ ҜS/\0gH~tz*M+\\]E=T\0z\07/ā<4طДۀ$l\0>պ}%N)aQ\ZcU˕.9O)mQ>v7sî \"v\0Iu+O+^Pkl>>ΐј\"լI@<+^!y=.Sm8[r6T)mÐ9{\0U\'llP~MSlEleO0dsۗm\"޹C|`713?	xZ)qU14֦UDkE4̩\nǝ0?n29@?R0ΣML&Xe+/%1[]hެ$,+.Ҙ4\r=wp<RRA%?4!  O\\#jk%gJC;\'&Tw;\"sH$uSGݜ7\"RI:H$$VԩW)Z\\ǴBd2T	QXOwӁbzlၟ	Unݒ\riZO]=:PK++Ű$x\0LqI\n0\\TRFW#>_R꼵zN\'x	2.\0n~z \09H#F&>uwW麶4>;+~7J+HYaVqğ>$l:!Ԣ\'16q|ڳŃԘ=4fuϬW7p`q>=v͛Ja%K5zZs`5b~}=*ͬ;wu*eru<`\r\0+Ef_x-|uOʾw8	mD&L\Zv\\?R:V1ÅC)jFÜL<**\"\\5NR+:(:(:(:(:(:(:(\0ND;ssZzgo6Z--9odC0  VwKΐw4K3q1H㖺UU}c!kȭпԃWZMcg3&h/cU ΈFܤHR+ ExJ7\ZnNʔsQ`u\rZEf[!o|GJ?ì`9Ga6)xݺT ({ss^릮RaS*b3D	nXFImGYǽ@L䑐%SWNhI#dzbƇ.g*d3}0;6ۯ\0:b5TU\r	wgS<  }usGWg-Z1i*.S4Y*	7АFR*.#%2O\rVA-,]z+Zt>ya넩\'ޡ;N-YQ>B~S}e8F^a6\\24YU|g0 mwH\0?!<@d3H踵t״5-褹6Ԓݱ$Ly\0%D؝\0gOy>|T*Ίz?h7rufZ5dO\'F/Wkv1:,&	eiH^A/hhdRKq8^%	d&pշ	J$~3U|wӟd5\0s{Cw!k,F?RG6G%302qD;1U]o[ya`mHbeZ=`x \\?R:VÅ)jFÜL<**\"53J袎(袎(袎(袎(袎(袎(袎(袎(袎(袲1,#W/f3%JMDu!!袶\'c>(_Skn=Sa,ܠI+(V /8JfOA\0Ums\Zbk34/\n&nSq>sM\nQyvb{wn7z<gyF	NZWĒ\"7\"<=ymwV~I:bGzĵȃ1fK\r*pW+T ~H\0ZW\"\01w$}in;yly̒N@:@YDQ\\\ZMf~ؑUGy>HuH=BT3?3W#W*ot}M	uulz;L\"<5h8yQyǅ#m4{)r$+OHj-(0A3ycY^a1ٍ3wv<Oc[H\0ss<ӟ.5Nixr>)	CUjM<}_3UN.W[>OoZH@kTMgH{Ms\rC6粳rًH]_ArT^GU-Wz(:(:(:(:(:(:(:(:(:(:(:(i\0wךM\0e\'9p=&^|y&QO+HFKK&%1e\"Pj$\0 vcyjO/_\0{\0MI.XPOZM$jQ\n,`4F#/r,O^(z(:(:(:('),
(2006,150102,'anh 1','\0JFIF\0\0\0\0\0\0\0Compressed by jpeg-recompress\0\0					\"\"*%%*424DD\\					\"\"*%%*424DD\\\0\0\0\"\0\0\0\0\0\0\0\0\0\0\0\0\0\0\0\0\0\0\0\0\0?\'\0\0\0\0\0\0滕\0\0\0\0\0*\\ޮgE\0\0\0\08a:/8[#xc \0\0KbLVk.\0})ɵҒ`z\0R$>:\n=~PRiOu!ˤcu\\uqWBɵMOZ5gJۦ7XfNYO7oAy%xKXղS]չe]ef{\'-M1\n:>ldD-ZLR;@ؿf>-UJ,?Pgyc]ۏ̏K;s-fab=Hˡ7):Xksg\0QPWaGˊ1ֽU;T.=u\n\\Z*-u9cߗ5\0~x\'SEͽM$\\Sq^\0,*/˃JPfnZߠ\0\0\0~iR[@\0\0\0\0 ,+r,}\0\0\0\0\0\0\0\0\0\0\0\0\0\0\0\0\0\0\0\0\0\0\0\0=\0;CmŬu5UVLb5+Svrt{ \Z߻B┷*Qv¿HfK~Cfo](US>\0\0ȡe\0\0\0\0\0\0\0\0\0\0\0\0\0\0\0\0\0\0\0\0\0\0V\0]0?|y|}`:-Iwg>**{j[:>\"W٦KA<ܴpڸOK[I`\0Y9\0\0\0\04\0\0\0\0\0\0!\"#1$023@A QRaq4BDS\0\0Y0DG4w?&,\'Qo&.Zb@2_+s%#f%0\r&Ku!P\'-+Tj1/27N:JĆ\\Z99~fD31|5BMM6¸\nFEV?_ahNjV	`_SKX3PR2\Zf!6GJ&Xg^7sϞ,]0rӯ\rVP)|Cv;	=Ktn8zeLg\"l<sk##5nWՠvaDyAH J\Z*\r0\ne)L<{͔q~0<ׯ!L\\S;xԱQUu\'Y܃SD2Z&;^E16$dV,9uVaÅ$2׉W/1͓aqO2ϖ!O7YU(U<GM	@Er9>\"~xQrEZ̪s~5xiHS\'&PHi?^̥h+IG)PA̩QG-Yʮ)I{EԅTbҘ6<}֮жH|b[OTl[98l~1b*5.$Wb[F5\'y.b[z`F\ZѠGñ֥lǎGQ`Ưz%a,!M\"#3&fݡ\0x}UEBd(fˍ	X8aFG2Q7Btub|to.	빮dm5hCpѶJ\\H=^`ɀ8W`Ĥ?w5uUv!?)\'7hJk$f̊PL;l1KcGf-=^W>X^SnD޵Ħ D2)fF~?<GyDBf>arV9^9\n%s13O=cm;p-ɓh$Sܝ\\kj7H6薫e?EpdR*g>#l\Z\\Y\0il^vMK\0]\\@2*qRѲ])<C[j\r\0_d_Z*3?nk&w(\'J)}~J:z\'QXO	[+.e*\\Ăc\Z&eF+]#o5+F%p=셱-|N; qUg1%9B\ZlbD~-I\0b i@4^-LҚʪ$-&-M!608+Dh)4qQ(-	ar3<3EqݿVJT׷~mOW@DKrc#^\rSC\\kmD|2^!!8cD\"W*Ģ1\rVPn\0xLpm{j䲸S:+i3f!hx;&&,()u\00ڃNd2ڮF+!-i2MQ3TR%|(:#-\n܀G1{{\'\0H1=\'UO9V1%K\\kFTQp~1|+ynl.\'MYri;c\"YDWMUS{ ;*͆#_4_Fw;3ƅp/c<B*H3g5q:Y\0E\\kR&2oom)I#acXP>.ɶF2(%?O\0Ee̔sM\\7axHvke;#dlx>n`A9.5;JFSkԊ+o:61\n`8}l5|JVqB$c}gzf]cԊ-.Qvq[px-s-ڛ䌮bY1Q*k\"{\"dx3NS2ON@:-ZvB(67\"?IY]2N	wn>b-&?alpCPcJiȷ\'Oǝ\0c2au=^bO<XX[GG+cNG]$xaV$k3ߛB9g\n\'JS(dϣEY	ZU/5B@UJ &8\'pҏP]Ε(qDT}%cg\Zl#b`am>\r\'sRnb(a{c9,gL+qrip\ngNy+1=þn׽kۄ6\'kmh%+25(f\"60RifF|}ƪZtKDjbdĜpB6U7h%O{\r[!2 Uy&p\n#&:i~2mZ,(C^d@A[}A?\0KzkȎGqZ}e#E+Zl62\'L^NTZ*dy\Zt\0.\"Q1i]D~1ZlW8RrB4^Ɋ:o5qEeU([!Gu;5ߨA6[澘LHf8ZuΜ.24i:mZ4˟\'O`Xiy\nueoieG*.>aE׏콳׎:@?dѩo\0})HP`DB/McZ K^QoOA`?+ŇZ5KϳZ4L0+o+`lɩ,u3~>7BTS6SR+)aLwLά\\Gi5=h޸jʻc簻Iu{c3\r\\<2Q8\0\0ǄS?U3Yh2$=5T1ţH	=SO9\"Kf%^6Vܑ))Ore%ܿbQ(ٙ\0^ME3ؘ~>n*4\0f7\Zw0pvq^XS@d^Xge׺R^RِfEz!j:Vhh.yB	/LX`qLx**0[4h.P(CǩqTؖO?j\rΓg+m(\0c)y`pp uLkgC0c`+on垟^Q`(,Te&sB<Mz]#q\"T\0o&tT6&.[T4m	XYeyl*=&]6J>ߧ\0w&Q7Ɍj++fPk㵞_Yt$-Ӽ6buȻ3@Zuqpٻ\ZeirR,>Xb؂[uۓ@6\"LEaSZX<-/\"یbXrqDcKFnl\\m:?Vzs\0MD5EquTGsV	Q\"nD}KāѺ2>\'/o&/^#IsPU(lڑZlӑ/07ȡSl&.;#zB?B|d1qШ5@δm1k=LEm,Ypᗊ{jZ)AB\ZdC?<Dǖl93W9{7xt^DVN/UE~%-ebZ=:uB6[<U5Ҵ-$~৑}WpeEo\'JX:ENJ؀XUjQbkR$ª[&Yՙ.kP&;	1LK\Z!2]yU\0\rKZN*\Z_\\218M96;\Z韬DDq_xj\'<v\r\\q3<KX}>){lnfdA4#ufB%5(.5\nPlRQnn|lI58X\r?/]߼\rN92$\\DDq	~)(Sbyd|<\0URE!`Ek>LcŘD F:,#?˕\0:\0/\"\"?HO\0>\0\0\0\0\0\0!1AQ\"2aqBRb #03@CrDPSc\0\0?g0v݊2٧Bd\'\\\0t?qS&F(Y69h~77SjW Lde^7\'ec|b-˳NxQ\ZO<xkoRK2EanS.\"Xs$.d\0En\'$idXj$H(Af\"K+#xrEso\0kJp`DY~dڭt}au[W3wnx]U,8-z{M\0A쀇U9y\0K)R\"g\r.𻘆rim؄vئK#yMU_/c8Ye0^i	wtӅ\nB9Ł\"mx@РY75cxngr1|Sn\re_\n`b\ruvOoOF2yFa^jq-iCօ.i\'q=`ilscvsxs)p^`5(ODkn.A:u092zlȖafG)4:\rSDTGQgeO;.r5֝%Oƨ&:]$ٟg;JkK:I:.--9QX0}W \']r0r/pe23!a<jql!iSf&h\'jXzz&i&3ȍY\n,P$-nN=QHUgy%ci\0ɜ}$oPBwfڧ7A@	\'Q(^\"a97+\n*.Ega:(iz\"$29!axkpƍ<ր*|S$cfb`\nItK&UKZ2uA9N!;V7{u\\x\nIqu: lh[O6w=%C2h5$KF΍G&xi3&w+&qRKngMiGdDO->Iyl2JyN7t:G(&~[ ;$uLp3~IxL0[.lڦp\0n/J{yq]C<!uz=`\0q\'y+Cg̛&$	I\0%PB훃ғdndPa2tk?gCbSM&qYLa;Ӈ\'BP6Wd艱i2Wc\rcL$fFh\rDG],G\r tL3\'3RCj 𻨋8	6@CFb	A4\\7\\hz@ײ㟒\0#ɹQK\\{x>r		O@\'><dVb5)2/#6&ȩ#t\0?EB\";g&!\"D^\'y8XKV8#9av#`6\r}ݙH\Z`>i$0d9R2(bDL[?@Y>_gn.#,FGZ|\'rpA\rp.i^837|\'XotluNlWFzBn#gN5An߉f0te_w3XA[&7J޺?dZ\Z.\0$f\ne^J\ZZ/2-Z-.r2s)pSgh\0ӬiΧd;-[a\0`\\>.97f d6l\n:Y\0e0sũA8M`z⼰ru魆(ZD)3|@UW♿w\nf_e>zbOL-u;r\0xJko b6[9<.LuC]P8xCxvhZ\\xW\n^Y`ۜA\0h2i$G>#rS3rVTa\nÈ\\ezp҃s1tF~d\rhe,z-*o\0&\0\0\0\0\0\0\0!1AQaq 0@\0\0??ԃ$]\'T5GAGzc&5#4F:yT^VxV&_o%\\n>֘Y4*\nrZQ(>[y5ˌ<l1OSvŲ\'4]0p5Zx 5	A\\sx6fUH;`S	O\"ڂ\\p@;Vqjlp.+D&.%LǒAgw)\rTx?_r#\nYA@L2Fu\rG]ypaMY!\Z#NxMl	vHEXWf@i\rQ2JIl}BB+/>ʸQ\n.tjOn_.z}|XOrefz0x2m Ci,9UXm\'B鵌=.H\nQ/#<@xeuA*\\:0\n]<Cm8ҞSn^Fm\\mN)Ej^LaN/%H@ڛqjee\"FbM^S&\ZW@У\0N\0aI;M\rӓs#)Rb\0&c\n\rz55h?}X]|i=YQ%[*1=ޟ`b?,r<6-.VDGj\nR62%0uQ4.8r\"ӄ`ǹs6\\+oS&_t\0XTBVtCNOiG\n:#I\'P&TR,qib٣wrRcV-=Qa:dCmTF\ZSɚYD%`7Uۈ\09pI3pzrD!_MBGgi>:ճ0C^s\"Wx:nی0\n!8t)0(HbdFg1i3PV8x\0]x\Z2!\0)JoMZ$.}	]kyA\0PsNܺ&DX8yGzֱ.	@YPwFp6ɽ|PEzCc1\0pr	`-䡵ń^px\nuY\'5*1~yh!똠W&NMXLGba+\"0,,Wo_^y\\\n0D.w\'ppbhNvh|m*<M*?jaKy*.O/**@Jl<*RI0&^&\Z>e1|#vbeq=wTALRO\'\rWу.-W\08`	8 `\nHǞaJ:Qd%pԺA(ZBx\0#	9>?XkP.;\01W`>nA*00]`l{}`\ZZq`iW\r55om\rJJLth3T,4мu07nGﱏ}^mڭI\\Dέ+ƱDGl_:ށ0|,9ߡOH(`OAZ`qkH|HPz-Dd\'=s.*4\0/bOގj@}(*jD_U:,m@>Ecu#US-\nHD@yTAC˦;+z\"\ZVB\0<ik*o\Z°uQ\n02AnV!ߦ9:`&/dHPǮh)Xg-Pqώ$ʡQ_1XJTf%-&$t0D,T0	k,Z\Z>04OiD	ÃJۄ[Lb31{f=ܙ(ڷi<:8eBzly\"5:\0\0ydԾ9G5e<۰R&W5f-,M:M]8Ș*e;w0ib jeYmsSWQ|kUvZ@;O$x:vo3q\0<,P90_uvpvc\"(rY!d\rK\0~u<\r*MU2MĈEab)P_`LEXk˲8 \0jtճB*g{yy؏	N7LI4Ul\0Z#-Uj3n%>B_Jfa`V򐂶\Z<1%Ǜj*W\Z`2w)7vq1HgƃpnT_0PWdb\\n1\Z?#UJm3Hݸ:!33.\nwh\'hQ\"\Z<\ni\r9۩\0\0q¢܊i,-\0{*\'1i \r悡\0k&=$% fؑ] ڀsþ]\Z8n ^:k9\'O[T\"Kc?1\nY>}&%:>	ܵ)aOC+6jTC+/!C}j\0Bc\"At_Q.:d#N\\S1E˃TM9z_	+\'Np@j&LZ4,F}bWZTE7ZNchxC	u9\0.󤀍tRn|)n\"pU*뱳_r\n҈\ZҚT&A\0ȜF,	&<Tw\rF]@Xٓ5Egr\'.jÕ>gz\\\rcϐSZtjapw.g@?Xi+~=081xс&C-6rNz6$AoGeULpZ~.^$X}0hT g= \ZΕBM͜jx0W1q2@UmH~QC,tFAXf`^\ZW̽\nI䳱4DuƏo2H\0!8L\06\0	\0\0\0\0\0\0!1AQ\"a 2q0BR#3@Sr\0?\0s8G+k7`i{<VTwVr &A0w$40UI8R؃,=6*rH\rCG΂d0~{j\0W<TS!»UԚeCHП(zzzCQDᑆA K$s2Mjګ0\'9sO	VR}.HH B1PV[Ff+aGQe85%ʐ2n֙./0s=Odc-E[.rꡘ4<5dZԃpG\'3NO1i=RŜ)\\`ZКh_aA}<,z.S\0*[oZ巐(Ah*>\n6m)!_<pRBtF:Ԑy@SKiWPJ!a<\0蠫:6ld|}lHגm vI<{&0\0Rِ9*# B<t10m9=\0>j@]PS]%.S{*+zQ2)s;M%F9`\0ǻh_p9	`{J\'B2Ƭ\\6$cE .C\0˂䊍GB\n\":p@>=UB`sڢ+E]AtbU<eWU=F\094a$ܠ(9NP0/SIe3 -DUbf8CY96~\r5}#kX8^j L=3+v$1B	>Я\nw9L,6P9Q\r}En$3\0`Gg٭ћhbXs)Km<ήUp9%HԬ=AVoRՋYZ{6=au$\0bYiꁊ7qJ!iDy9D؎AvOmI{\Zdٗ֟En޻(2vjPZ@_-Z]6C>oSA\r:5\"HSl.]¯aԱIçYy&drsB9I$\\eg.FؙBbUmPMlxV3Ѹ=XU*XےkOx,QIHA&h8I\0UpCՕLwt\n!^8RF<0OXNł4dxnq$Riv=KvQ܎+[FW@߉4CHFVafO?m\'\0ϑ$O\"/ЅEWP8Iı*NGG\'G?\04\0\0\0\0\0\0\0!1\"AQaq #20b@BTcr\0?\0hNhLڪg>\ZzxVI\"dsuH>j$:OH$S#H>A.\0z1v/ᛰ>s_u0\0r.\0z_xt7dV~\Zi\r]i5{ll)\0bN\0{*^h&A#A1#gq-Z͚E۱\'5YP?#Vk4ꕙꋏCtz4:$Gz3!_4ť@CV[7 MEW,6\Z]Cz.+<	[\084+6dɣDaZ.FQTSco4yh1<,H-E HVӴ`E\00aĊP8F\0n5,,٭E22gb/U,^#8\ZY6|J&{Urk ̓x텖TY7Gz9!e]zRGl׀ ;6kSGV:;+`hCI$j\rV2RhټZWPEdg`<=+\'ԁ9$GȫjXk[A},pu{&\rm6;ƨuF@@ C\"ɶ\nc{kłcFu\0FRjجSY`%d8<P#ȿ2?8JHB!}9Ev0\0S3^Tz)⬱B)D}\ZRc\"sj!+ɐH,;l0ڻuN.}3Q>?ShF\"T!Z.u9T\r[M,*#td.4stR\0xF$z&P@9HS۶\0\Z5qŨ&U&o0=<p#\"e,sƋtD	BD7}01n1OsYXgJu$6\rYYDYv9 cdK$$߽؎y\nCk\nɻJy\\\"Vu.6U߸ʋYױdrE<wKƊKgbcmC6ޣ6# Z޽\0\0');
/*!40000 ALTER TABLE `product_images` ENABLE KEYS */;
UNLOCK TABLES;

--
-- Table structure for table `product_import_note_details`
--

DROP TABLE IF EXISTS `product_import_note_details`;
/*!40101 SET @saved_cs_client     = @@character_set_client */;
/*!40101 SET character_set_client = utf8 */;
CREATE TABLE `product_import_note_details` (
  `id_import_note` int(11) NOT NULL,
  `id_product` int(11) NOT NULL,
  `quantity` int(11) NOT NULL,
  `price` double NOT NULL,
  PRIMARY KEY (`id_import_note`,`id_product`),
  KEY `fk_product_import_note_details_products_idx` (`id_product`),
  CONSTRAINT `fk_product_import_note_details_import_notes` FOREIGN KEY (`id_import_note`) REFERENCES `product_import_notes` (`id`) ON DELETE NO ACTION ON UPDATE CASCADE,
  CONSTRAINT `fk_product_import_note_details_products` FOREIGN KEY (`id_product`) REFERENCES `products` (`id`) ON DELETE NO ACTION ON UPDATE CASCADE
) ENGINE=InnoDB DEFAULT CHARSET=utf8mb4 COLLATE=utf8mb4_unicode_ci;
/*!40101 SET character_set_client = @saved_cs_client */;

--
-- Dumping data for table `product_import_note_details`
--

LOCK TABLES `product_import_note_details` WRITE;
/*!40000 ALTER TABLE `product_import_note_details` DISABLE KEYS */;
INSERT INTO `product_import_note_details` VALUES
(1,150102,11,190000),
(2,150054,20,100000),
(3,150102,10,195000),
(4,150053,10,30000),
(5,100102,50,25000),
(6,150002,30,30000),
(7,150003,40,32000),
(8,150052,60,70000),
(1001,150003,1,33000),
(2001,150053,23,40000);
/*!40000 ALTER TABLE `product_import_note_details` ENABLE KEYS */;
UNLOCK TABLES;
/*!50003 SET @saved_cs_client      = @@character_set_client */ ;
/*!50003 SET @saved_cs_results     = @@character_set_results */ ;
/*!50003 SET @saved_col_connection = @@collation_connection */ ;
/*!50003 SET character_set_client  = utf8mb4 */ ;
/*!50003 SET character_set_results = utf8mb4 */ ;
/*!50003 SET collation_connection  = utf8mb4_general_ci */ ;
/*!50003 SET @saved_sql_mode       = @@sql_mode */ ;
/*!50003 SET sql_mode              = 'STRICT_TRANS_TABLES,ERROR_FOR_DIVISION_BY_ZERO,,NO_ENGINE_SUBSTITUTION' */ ;
DELIMITER ;;
/*!50003 CREATE*/ /*!50017 DEFINER=`phuong`@`localhost`*/ /*!50003 trigger after_import_note_insert
after insert
on `product_import_note_details`
for each row
UPDATE products SET stock = (stock + NEW.quantity) WHERE id = NEW.id_product */;;
DELIMITER ;
/*!50003 SET sql_mode              = @saved_sql_mode */ ;
/*!50003 SET character_set_client  = @saved_cs_client */ ;
/*!50003 SET character_set_results = @saved_cs_results */ ;
/*!50003 SET collation_connection  = @saved_col_connection */ ;
/*!50003 SET @saved_cs_client      = @@character_set_client */ ;
/*!50003 SET @saved_cs_results     = @@character_set_results */ ;
/*!50003 SET @saved_col_connection = @@collation_connection */ ;
/*!50003 SET character_set_client  = utf8mb4 */ ;
/*!50003 SET character_set_results = utf8mb4 */ ;
/*!50003 SET collation_connection  = utf8mb4_general_ci */ ;
/*!50003 SET @saved_sql_mode       = @@sql_mode */ ;
/*!50003 SET sql_mode              = 'STRICT_TRANS_TABLES,ERROR_FOR_DIVISION_BY_ZERO,,NO_ENGINE_SUBSTITUTION' */ ;
DELIMITER ;;
/*!50003 CREATE*/ /*!50017 DEFINER=`phuong`@`localhost`*/ /*!50003 trigger after_import_note_details_update
after update
on `product_import_note_details`
for each row
UPDATE products SET stock = (stock + NEW.quantity) WHERE id = NEW.id_product */;;
DELIMITER ;
/*!50003 SET sql_mode              = @saved_sql_mode */ ;
/*!50003 SET character_set_client  = @saved_cs_client */ ;
/*!50003 SET character_set_results = @saved_cs_results */ ;
/*!50003 SET collation_connection  = @saved_col_connection */ ;
/*!50003 SET @saved_cs_client      = @@character_set_client */ ;
/*!50003 SET @saved_cs_results     = @@character_set_results */ ;
/*!50003 SET @saved_col_connection = @@collation_connection */ ;
/*!50003 SET character_set_client  = utf8mb4 */ ;
/*!50003 SET character_set_results = utf8mb4 */ ;
/*!50003 SET collation_connection  = utf8mb4_general_ci */ ;
/*!50003 SET @saved_sql_mode       = @@sql_mode */ ;
/*!50003 SET sql_mode              = 'STRICT_TRANS_TABLES,ERROR_FOR_DIVISION_BY_ZERO,,NO_ENGINE_SUBSTITUTION' */ ;
DELIMITER ;;
/*!50003 CREATE*/ /*!50017 DEFINER=`phuong`@`localhost`*/ /*!50003 trigger before_import_note_details_delete
before delete
on `product_import_note_details`
for each row
update products set stock = (stock - OLD.quantity) where id = OLD.id_product */;;
DELIMITER ;
/*!50003 SET sql_mode              = @saved_sql_mode */ ;
/*!50003 SET character_set_client  = @saved_cs_client */ ;
/*!50003 SET character_set_results = @saved_cs_results */ ;
/*!50003 SET collation_connection  = @saved_col_connection */ ;

--
-- Table structure for table `product_import_notes`
--

DROP TABLE IF EXISTS `product_import_notes`;
/*!40101 SET @saved_cs_client     = @@character_set_client */;
/*!40101 SET character_set_client = utf8 */;
CREATE TABLE `product_import_notes` (
  `id` int(11) NOT NULL AUTO_INCREMENT,
  `id_staff` varchar(255) DEFAULT NULL,
  `date` datetime(6) DEFAULT NULL,
  `id_supplier` int(11) DEFAULT NULL,
  PRIMARY KEY (`id`),
  KEY `fk_product_import_notes_staffs_idx` (`id_staff`),
  KEY `FK_ImportNote_Supplier` (`id_supplier`),
  CONSTRAINT `FK_ImportNote_Supplier` FOREIGN KEY (`id_supplier`) REFERENCES `suppliers` (`id`),
  CONSTRAINT `fk_product_import_notes_staffs` FOREIGN KEY (`id_staff`) REFERENCES `staffs` (`id`) ON DELETE NO ACTION ON UPDATE CASCADE
) ENGINE=InnoDB AUTO_INCREMENT=2002 DEFAULT CHARSET=utf8mb4 COLLATE=utf8mb4_unicode_ci;
/*!40101 SET character_set_client = @saved_cs_client */;

--
-- Dumping data for table `product_import_notes`
--

LOCK TABLES `product_import_notes` WRITE;
/*!40000 ALTER TABLE `product_import_notes` DISABLE KEYS */;
INSERT INTO `product_import_notes` VALUES
(1,'NV2','2023-07-28 21:33:04.039289',NULL),
(2,'NV2','2023-07-28 22:34:37.631289',NULL),
(3,'NV2','2023-07-28 22:37:43.575281',NULL),
(4,'NV2','2023-07-28 22:38:54.708740',NULL),
(5,'NV2','2023-07-28 23:52:01.704171',NULL),
(6,'NV2','2023-07-28 23:52:16.758106',NULL),
(7,'NV2','2023-07-28 23:52:30.036022',NULL),
(8,'NV2','2023-07-28 23:52:41.545130',NULL),
(1001,'NV2','2023-07-29 19:38:49.356431',NULL),
(2001,'NV2','2023-08-03 13:08:17.869644',NULL);
/*!40000 ALTER TABLE `product_import_notes` ENABLE KEYS */;
UNLOCK TABLES;

--
-- Table structure for table `products`
--

DROP TABLE IF EXISTS `products`;
/*!40101 SET @saved_cs_client     = @@character_set_client */;
/*!40101 SET character_set_client = utf8 */;
CREATE TABLE `products` (
  `id` int(11) NOT NULL AUTO_INCREMENT,
  `name` varchar(255) NOT NULL,
  `status` bit(1) DEFAULT NULL,
  `price` double DEFAULT NULL,
  `description` text DEFAULT NULL,
  `stock` int(11) DEFAULT NULL,
  PRIMARY KEY (`id`)
) ENGINE=InnoDB AUTO_INCREMENT=150103 DEFAULT CHARSET=utf8mb4 COLLATE=utf8mb4_unicode_ci;
/*!40101 SET character_set_client = @saved_cs_client */;

--
-- Dumping data for table `products`
--

LOCK TABLES `products` WRITE;
/*!40000 ALTER TABLE `products` DISABLE KEYS */;
INSERT INTO `products` VALUES
(100102,'Cơm gà chiên mắm','',0,'cơm chiên với gà chiên mắm',50),
(150002,'Bánh canh  ','',25000,'bánh canh',33),
(150003,'Gà rán KFC','',35000,'gà rán kfc',35),
(150052,'K-Chicken','',75000,'',61),
(150053,'Gà rán (1 miếng)','',34000,'',30),
(150054,'Gà rán (3 miếng)','',99000,'',15),
(150102,'Gà Rán (6 miếng)','',191000,'',21);
/*!40000 ALTER TABLE `products` ENABLE KEYS */;
UNLOCK TABLES;

--
-- Table structure for table `roles`
--

DROP TABLE IF EXISTS `roles`;
/*!40101 SET @saved_cs_client     = @@character_set_client */;
/*!40101 SET character_set_client = utf8 */;
CREATE TABLE `roles` (
  `id` int(11) NOT NULL AUTO_INCREMENT,
  `name` varchar(45) NOT NULL,
  PRIMARY KEY (`id`)
) ENGINE=InnoDB AUTO_INCREMENT=6 DEFAULT CHARSET=utf8mb4 COLLATE=utf8mb4_unicode_ci;
/*!40101 SET character_set_client = @saved_cs_client */;

--
-- Dumping data for table `roles`
--

LOCK TABLES `roles` WRITE;
/*!40000 ALTER TABLE `roles` DISABLE KEYS */;
INSERT INTO `roles` VALUES
(3,'USER'),
(4,'ADMIN'),
(5,'STAFF');
/*!40000 ALTER TABLE `roles` ENABLE KEYS */;
UNLOCK TABLES;

--
-- Table structure for table `staffs`
--

DROP TABLE IF EXISTS `staffs`;
/*!40101 SET @saved_cs_client     = @@character_set_client */;
/*!40101 SET character_set_client = utf8 */;
CREATE TABLE `staffs` (
  `id` varchar(255) NOT NULL,
  `first_name` varchar(255) NOT NULL,
  `last_name` varchar(255) NOT NULL,
  `date_of_birth` date NOT NULL,
  `sex` bit(1) NOT NULL,
  `phone_number` varchar(255) DEFAULT NULL,
  `address` varchar(255) NOT NULL,
  `is_working` bit(1) NOT NULL,
  `email` varchar(255) NOT NULL,
  PRIMARY KEY (`id`),
  UNIQUE KEY `email_UNIQUE` (`email`),
  UNIQUE KEY `phone_number_UNIQUE` (`phone_number`)
) ENGINE=InnoDB DEFAULT CHARSET=utf8mb4 COLLATE=utf8mb4_unicode_ci;
/*!40101 SET character_set_client = @saved_cs_client */;

--
-- Dumping data for table `staffs`
--

LOCK TABLES `staffs` WRITE;
/*!40000 ALTER TABLE `staffs` DISABLE KEYS */;
INSERT INTO `staffs` VALUES
('NV1','admin','admin','2001-05-15','','123456789','sasa','','admin@gmail.com'),
('NV2','staff','staff111','2000-05-10','','0903414254','staff address','','staff@gmail.com');
/*!40000 ALTER TABLE `staffs` ENABLE KEYS */;
UNLOCK TABLES;

--
-- Table structure for table `suppliers`
--

DROP TABLE IF EXISTS `suppliers`;
/*!40101 SET @saved_cs_client     = @@character_set_client */;
/*!40101 SET character_set_client = utf8 */;
CREATE TABLE `suppliers` (
  `id` int(11) NOT NULL AUTO_INCREMENT,
  `name` varchar(255) DEFAULT NULL,
  `status` tinyint(1) DEFAULT NULL,
  PRIMARY KEY (`id`)
) ENGINE=InnoDB DEFAULT CHARSET=utf8mb4 COLLATE=utf8mb4_unicode_ci;
/*!40101 SET character_set_client = @saved_cs_client */;

--
-- Dumping data for table `suppliers`
--

LOCK TABLES `suppliers` WRITE;
/*!40000 ALTER TABLE `suppliers` DISABLE KEYS */;
/*!40000 ALTER TABLE `suppliers` ENABLE KEYS */;
UNLOCK TABLES;

--
-- Table structure for table `users`
--

DROP TABLE IF EXISTS `users`;
/*!40101 SET @saved_cs_client     = @@character_set_client */;
/*!40101 SET character_set_client = utf8 */;
CREATE TABLE `users` (
  `id` varchar(255) NOT NULL,
  `first_name` varchar(255) DEFAULT NULL,
  `last_name` varchar(255) DEFAULT NULL,
  `date_of_birth` date DEFAULT NULL,
  `sex` bit(1) DEFAULT NULL,
  `address` varchar(1000) DEFAULT NULL,
  `phone_number` varchar(255) NOT NULL,
  `email` varchar(255) NOT NULL,
  PRIMARY KEY (`id`),
  UNIQUE KEY `email_UNIQUE` (`email`),
  UNIQUE KEY `phone_number_UNIQUE` (`phone_number`)
) ENGINE=InnoDB DEFAULT CHARSET=utf8mb4 COLLATE=utf8mb4_unicode_ci;
/*!40101 SET character_set_client = @saved_cs_client */;

--
-- Dumping data for table `users`
--

LOCK TABLES `users` WRITE;
/*!40000 ALTER TABLE `users` DISABLE KEYS */;
INSERT INTO `users` VALUES
('KH1','phuong','nguyen','2000-05-15','','fdfd','0903414287','phuong322@gmail.com'),
('KH2',NULL,NULL,NULL,'\0',NULL,'0903414288','phuongsover2@gmail.com'),
('KH3','Phương','Lê Nguyễn Duy','2001-05-15','\0','99, đường 17/4, thị trấn Liên Hương','0903414281','phuongsover3@gmail.com'),
('KH4','Phương','Lê Nguyễn Duy','2023-07-13','\0','97 Man Thiện, phường Hiệp Phú','0399035809','phuongsover4@gmail.com'),
('KH5','Phương','Lê Nguyễn Duy','2001-05-15','\0','97 Man Thiện, Phường Hiệp Phú, Quận 9','0903414232','phuongsover5@gmail.com');
/*!40000 ALTER TABLE `users` ENABLE KEYS */;
UNLOCK TABLES;
/*!40103 SET TIME_ZONE=@OLD_TIME_ZONE */;

/*!40101 SET SQL_MODE=@OLD_SQL_MODE */;
/*!40014 SET FOREIGN_KEY_CHECKS=@OLD_FOREIGN_KEY_CHECKS */;
/*!40014 SET UNIQUE_CHECKS=@OLD_UNIQUE_CHECKS */;
/*!40101 SET CHARACTER_SET_CLIENT=@OLD_CHARACTER_SET_CLIENT */;
/*!40101 SET CHARACTER_SET_RESULTS=@OLD_CHARACTER_SET_RESULTS */;
/*!40101 SET COLLATION_CONNECTION=@OLD_COLLATION_CONNECTION */;
/*!40111 SET SQL_NOTES=@OLD_SQL_NOTES */;

-- Dump completed on 2023-08-03 16:01:11
